GBS-CODE,Gruppe,Geschlecht,Geburtsjahr,Geburtsland,Nationalitaet,Familienstand,Hoechster Bildungsabschluss,Berufliche Ausbildung,Erwerbstaetigkeit,Berufsgruppe,Personen im Haushalt,Nettoeinkommen Selbst,Nettoeinkommen Haushalt,Schlechter Schlaf,Leben genießen,Zu Nichts aufraffen,Alles anstrengend,Wahlteilnahme,Wahlabsicht,Desinteresse Politiker,Zufriedenheit Leben,Aktiv,Verärgert,Wach,Nervös,Ängstlich,Zurueckhaltend,leicht Vertrauen,Faulheit,Entspannt,wenig kuenstlerisches Interesse,Gesellig,Andere kritisieren,Gruendlich,Nervoes,Phantasievoll,Druck,Optimismus Zukunft,Zufriedenheit Wahlergebnis,Resilienz
GBS+00027,NEGATIV,0.0,1969,1,1.0,1.0,2.0,1.0,1.0,3.0,4,3.0,3.0,2.0,2.0,3.0,2.0,1.0,1.0,2.0,2.0,3.0,2.0,2.0,2.0,4.0,2.0,4.0,2.0,2.0,1.0,5.0,4.0,4.0,3.0,5.0,2.0,3.0,2.0,4.0
GBS+00032,POSITIV,1.0,1949,1,1.0,2.0,3.0,5.0,1.0,6.0,1,0.0,1.0,3.0,3.0,3.0,2.0,1.0,1.0,3.0,3.0,3.0,4.0,3.0,4.0,4.0,3.0,3.0,2.0,2.0,1.0,4.0,2.0,5.0,1.0,5.0,4.0,5.0,3.0,1.0
GBS+00071,POSITIV,1.0,1960,1,1.0,2.0,2.0,6.0,1.0,3.0,2,2.0,2.0,3.0,3.0,3.0,2.0,1.0,1.0,3.0,3.0,3.0,3.0,2.0,3.0,3.0,4.0,4.0,4.0,3.0,4.0,2.0,2.0,4.0,3.0,4.0,2.0,3.0,1.0,4.0
GBS+00084,POSITIV,1.0,1962,1,1.0,2.0,3.0,6.0,1.0,0.0,1,1.0,1.0,4.0,3.0,3.0,2.0,1.0,1.0,3.0,3.0,3.0,4.0,4.0,4.0,4.0,4.0,4.0,2.0,4.0,4.0,2.0,3.0,4.0,2.0,3.0,3.0,4.0,4.0,2.0
GBS+00092,,1.0,1957,1,1.0,1.0,3.0,2.0,1.0,2.0,1,2.0,3.0,4.0,3.0,3.0,2.0,1.0,1.0,3.0,3.0,3.0,4.0,4.0,4.0,4.0,2.0,5.0,2.0,4.0,2.0,4.0,2.0,5.0,2.0,5.0,4.0,5.0,2.0,2.0
GBS+00123,POSITIV,1.0,1963,1,1.0,0.0,1.0,1.0,1.0,0.0,1,1.0,1.0,3.0,1.0,2.0,3.0,1.0,1.0,3.0,2.0,2.0,3.0,3.0,2.0,4.0,2.0,2.0,1.0,1.0,2.0,4.0,2.0,5.0,5.0,5.0,1.0,3.0,1.0,5.0
GBS+00135,POSITIV,0.0,1961,1,1.0,1.0,3.0,5.0,1.0,0.0,2,1.0,3.0,4.0,3.0,3.0,2.0,1.0,1.0,3.0,3.0,3.0,4.0,3.0,4.0,4.0,3.0,4.0,4.0,4.0,5.0,2.0,3.0,4.0,2.0,1.0,4.0,4.0,2.0,2.0
GBS+00143,NEGATIV,0.0,1947,1,1.0,1.0,2.0,1.0,1.0,0.0,1,2.0,3.0,4.0,2.0,2.0,3.0,1.0,1.0,2.0,2.0,2.0,2.0,4.0,3.0,3.0,5.0,4.0,1.0,4.0,2.0,2.0,3.0,5.0,4.0,4.0,3.0,3.0,2.0,3.0
GBS+00155,,1.0,1961,0,0.0,1.0,3.0,2.0,1.0,0.0,2,4.0,4.0,3.0,3.0,3.0,2.0,1.0,1.0,3.0,3.0,3.0,4.0,4.0,4.0,4.0,4.0,4.0,1.0,4.0,2.0,3.0,2.0,4.0,2.0,3.0,3.0,5.0,4.0,1.0
GBS+00172,NEGATIV,0.0,1949,1,1.0,1.0,2.0,4.0,1.0,3.0,1,2.0,4.0,4.0,3.0,3.0,2.0,1.0,1.0,4.0,3.0,3.0,4.0,4.0,4.0,4.0,4.0,4.0,2.0,4.0,4.0,3.0,3.0,4.0,2.0,3.0,4.0,5.0,4.0,1.0
GBS+00178,,1.0,1965,1,1.0,2.0,2.0,1.0,1.0,0.0,1,1.0,1.0,4.0,1.0,1.0,3.0,1.0,1.0,3.0,1.0,1.0,2.0,4.0,2.0,4.0,4.0,3.0,2.0,4.0,2.0,3.0,3.0,5.0,4.0,5.0,4.0,5.0,4.0,2.0
GBS+00179,NEGATIV,1.0,1968,1,1.0,2.0,3.0,1.0,1.0,0.0,2,2.0,2.0,4.0,3.0,4.0,2.0,1.0,1.0,2.0,3.0,4.0,4.0,4.0,4.0,4.0,3.0,3.0,2.0,5.0,2.0,4.0,2.0,5.0,2.0,3.0,4.0,5.0,2.0,2.0
GBS+00180,POSITIV,1.0,1961,1,1.0,1.0,2.0,1.0,1.0,0.0,1,2.0,3.0,2.0,2.0,2.0,3.0,1.0,1.0,3.0,2.0,2.0,2.0,2.0,2.0,2.0,3.0,4.0,2.0,2.0,2.0,4.0,3.0,4.0,3.0,4.0,2.0,3.0,2.0,5.0
GBS+00183,POSITIV,1.0,1957,1,1.0,1.0,3.0,6.0,1.0,0.0,1,1.0,3.0,4.0,3.0,3.0,2.0,1.0,1.0,3.0,3.0,3.0,4.0,4.0,4.0,4.0,1.0,5.0,1.0,2.0,3.0,4.0,2.0,5.0,4.0,3.0,4.0,5.0,3.0,2.0
GBS+00199,,0.0,1955,1,1.0,1.0,2.0,1.0,1.0,0.0,2,2.0,2.0,3.0,3.0,3.0,2.0,1.0,1.0,3.0,2.0,3.0,4.0,3.0,3.0,4.0,4.0,3.0,2.0,3.0,3.0,3.0,4.0,4.0,3.0,4.0,3.0,3.0,3.0,3.0
GBS+00226,NEGATIV,1.0,1962,1,1.0,1.0,2.0,1.0,1.0,0.0,2,1.0,2.0,3.0,3.0,3.0,2.0,1.0,1.0,3.0,3.0,3.0,4.0,4.0,4.0,4.0,4.0,4.0,2.0,4.0,2.0,5.0,2.0,4.0,4.0,5.0,3.0,5.0,2.0,3.0
GBS+00232,POSITIV,0.0,1974,1,1.0,1.0,2.0,1.0,1.0,0.0,3,3.0,4.0,2.0,2.0,2.0,3.0,1.0,1.0,3.0,3.0,2.0,2.0,2.0,2.0,3.0,2.0,4.0,1.0,2.0,3.0,5.0,4.0,5.0,4.0,5.0,2.0,3.0,4.0,4.0
GBS+00234,POSITIV,0.0,1958,1,1.0,1.0,2.0,6.0,1.0,0.0,2,3.0,3.0,3.0,2.0,3.0,2.0,1.0,1.0,3.0,2.0,3.0,2.0,2.0,3.0,3.0,4.0,4.0,4.0,3.0,4.0,3.0,3.0,4.0,2.0,3.0,2.0,3.0,2.0,4.0
GBS+00242,,0.0,1959,1,1.0,1.0,3.0,5.0,1.0,0.0,2,4.0,4.0,3.0,3.0,3.0,2.0,1.0,1.0,3.0,3.0,3.0,4.0,4.0,4.0,4.0,4.0,3.0,4.0,4.0,2.0,2.0,3.0,4.0,3.0,4.0,3.0,5.0,3.0,3.0
GBS+00253,NEGATIV,1.0,1951,1,1.0,1.0,2.0,4.0,1.0,0.0,2,0.0,3.0,4.0,3.0,3.0,2.0,1.0,1.0,1.0,3.0,3.0,3.0,4.0,3.0,3.0,2.0,3.0,3.0,2.0,2.0,4.0,4.0,4.0,4.0,4.0,4.0,3.0,3.0,3.0
GBS+00259,,1.0,1967,1,1.0,2.0,2.0,1.0,1.0,0.0,4,3.0,4.0,4.0,3.0,3.0,2.0,1.0,1.0,3.0,3.0,3.0,3.0,4.0,4.0,4.0,4.0,3.0,3.0,4.0,3.0,4.0,3.0,5.0,2.0,2.0,4.0,5.0,4.0,2.0
GBS+00271,NEGATIV,1.0,1957,1,1.0,1.0,2.0,4.0,1.0,0.0,2,0.0,3.0,1.0,2.0,3.0,2.0,1.0,1.0,1.0,2.0,3.0,2.0,2.0,3.0,3.0,4.0,2.0,1.0,2.0,5.0,3.0,4.0,4.0,3.0,3.0,2.0,3.0,3.0,3.0
GBS+00272,NEGATIV,1.0,1956,1,1.0,2.0,2.0,1.0,1.0,0.0,1,2.0,3.0,3.0,3.0,3.0,2.0,1.0,1.0,2.0,3.0,3.0,4.0,4.0,4.0,4.0,2.0,3.0,1.0,4.0,3.0,4.0,2.0,4.0,1.0,4.0,4.0,4.0,3.0,1.0
GBS-01709,,1.0,1965,1,1.0,1.0,2.0,1.0,1.0,0.0,6,3.0,4.0,3.0,3.0,3.0,2.0,1.0,1.0,3.0,3.0,3.0,3.0,3.0,4.0,4.0,1.0,5.0,1.0,4.0,5.0,5.0,3.0,5.0,1.0,5.0,3.0,3.0,4.0,1.0
GBS-01759,NEGATIV,0.0,1964,1,1.0,1.0,1.0,1.0,1.0,0.0,2,2.0,2.0,3.0,3.0,3.0,2.0,1.0,1.0,1.0,3.0,3.0,4.0,3.0,4.0,4.0,2.0,3.0,1.0,2.0,4.0,4.0,3.0,4.0,2.0,3.0,3.0,5.0,3.0,2.0
GBS-01820,POSITIV,0.0,1970,1,1.0,1.0,3.0,5.0,1.0,0.0,2,2.0,3.0,3.0,2.0,3.0,2.0,1.0,1.0,3.0,2.0,3.0,4.0,4.0,4.0,4.0,4.0,4.0,1.0,4.0,3.0,4.0,4.0,4.0,2.0,5.0,3.0,5.0,5.0,1.0
GBS-01866,,0.0,1984,1,1.0,1.0,3.0,5.0,1.0,3.0,2,2.0,2.0,3.0,3.0,4.0,2.0,1.0,1.0,3.0,4.0,4.0,4.0,3.0,2.0,3.0,4.0,4.0,3.0,4.0,4.0,3.0,2.0,3.0,2.0,3.0,2.0,5.0,3.0,2.0
GBS-01925,,1.0,1981,1,1.0,1.0,3.0,5.0,1.0,0.0,2,1.0,3.0,4.0,4.0,4.0,2.0,1.0,1.0,3.0,3.0,4.0,3.0,4.0,4.0,4.0,1.0,4.0,4.0,2.0,4.0,5.0,3.0,4.0,2.0,4.0,3.0,5.0,3.0,1.0
GBS-02040,,1.0,1969,1,1.0,2.0,3.0,4.0,1.0,0.0,2,2.0,3.0,4.0,3.0,3.0,3.0,1.0,1.0,3.0,2.0,3.0,4.0,4.0,4.0,4.0,1.0,2.0,2.0,4.0,3.0,5.0,2.0,4.0,1.0,5.0,3.0,5.0,4.0,1.0
GBS-02103,POSITIV,1.0,1995,1,1.0,2.0,3.0,6.0,1.0,0.0,1,0.0,2.0,3.0,2.0,3.0,2.0,1.0,1.0,3.0,3.0,3.0,2.0,4.0,2.0,2.0,3.0,4.0,2.0,3.0,2.0,4.0,3.0,3.0,4.0,3.0,2.0,5.0,1.0,5.0
GBS-02826,NEGATIV,1.0,1985,1,1.0,1.0,2.0,6.0,1.0,0.0,3,0.0,4.0,4.0,3.0,3.0,2.0,1.0,1.0,4.0,2.0,3.0,3.0,4.0,4.0,4.0,4.0,4.0,2.0,2.0,4.0,2.0,1.0,5.0,5.0,2.0,3.0,3.0,2.0,1.0
GBS-03597,NEGATIV,0.0,1983,1,1.0,1.0,3.0,1.0,1.0,0.0,2,2.0,3.0,4.0,3.0,4.0,2.0,1.0,1.0,2.0,4.0,4.0,3.0,4.0,4.0,4.0,2.0,4.0,2.0,4.0,1.0,4.0,3.0,4.0,2.0,5.0,3.0,5.0,3.0,2.0
GBS-03772,POSITIV,0.0,1996,1,1.0,2.0,3.0,8.0,2.0,0.0,1,0.0,0.0,4.0,1.0,1.0,3.0,1.0,1.0,3.0,2.0,1.0,2.0,3.0,1.0,4.0,4.0,4.0,5.0,4.0,4.0,2.0,2.0,3.0,2.0,3.0,1.0,3.0,2.0,4.0
GBS-03802,POSITIV,0.0,1970,1,1.0,2.0,2.0,4.0,1.0,0.0,1,0.0,0.0,3.0,3.0,3.0,2.0,1.0,1.0,3.0,3.0,3.0,4.0,4.0,4.0,3.0,5.0,5.0,1.0,5.0,5.0,1.0,1.0,5.0,1.0,5.0,3.0,4.0,1.0,5.0
GBS-03833,,0.0,1985,1,1.0,2.0,3.0,2.0,1.0,0.0,2,3.0,4.0,2.0,2.0,2.0,3.0,1.0,1.0,3.0,2.0,2.0,2.0,2.0,2.0,4.0,2.0,5.0,3.0,3.0,2.0,4.0,2.0,4.0,3.0,3.0,2.0,5.0,4.0,2.0
GBS-04010,NEGATIV,0.0,1985,1,1.0,2.0,2.0,1.0,1.0,0.0,1,2.0,2.0,2.0,3.0,3.0,2.0,1.0,1.0,1.0,3.0,3.0,2.0,3.0,3.0,4.0,4.0,3.0,2.0,2.0,4.0,2.0,4.0,5.0,4.0,3.0,3.0,3.0,1.0,3.0
GBS-04261,,0.0,1985,1,1.0,2.0,3.0,2.0,1.0,0.0,1,1.0,1.0,3.0,2.0,3.0,2.0,1.0,1.0,3.0,2.0,3.0,4.0,3.0,4.0,4.0,3.0,4.0,3.0,2.0,2.0,2.0,4.0,4.0,4.0,3.0,1.0,2.0,3.0,4.0
GBS-04352,NEGATIV,0.0,1981,1,1.0,2.0,3.0,5.0,1.0,0.0,2,2.0,2.0,3.0,4.0,4.0,2.0,0.0,0.5,3.0,3.0,4.0,4.0,4.0,4.0,4.0,4.0,3.0,4.0,4.0,4.0,2.0,3.0,4.0,2.0,4.0,4.0,4.0,3.0,2.0
GBS-04558,POSITIV,0.0,1978,0,0.0,2.0,3.0,8.0,1.0,2.0,1,2.0,2.0,4.0,2.0,2.0,3.0,1.0,1.0,3.0,2.0,2.0,4.0,4.0,3.0,4.0,5.0,4.0,4.0,4.0,1.0,2.0,2.0,4.0,4.0,3.0,3.0,4.0,3.0,2.0
GBS-04614,,1.0,1981,1,1.0,1.0,2.0,4.0,1.0,0.0,3,1.0,3.0,3.0,2.0,2.0,2.0,1.0,1.0,3.0,2.0,2.0,3.0,4.0,4.0,4.0,2.0,2.0,1.0,3.0,3.0,4.0,2.0,5.0,2.0,4.0,4.0,5.0,3.0,2.0
GBS-04665,,0.0,1967,0,1.0,1.0,2.0,1.0,1.0,0.0,2,2.0,3.0,3.0,2.0,3.0,2.0,0.0,1.0,3.0,3.0,3.0,3.0,3.0,3.0,4.0,4.0,4.0,2.0,2.0,4.0,2.0,2.0,4.0,4.0,4.0,3.0,4.0,4.0,4.0
GBS-04671,,0.0,1974,1,1.0,1.0,3.0,5.0,1.0,0.0,5,4.0,4.0,3.0,3.0,3.0,2.0,1.0,1.0,3.0,3.0,3.0,3.0,4.0,3.0,3.0,4.0,4.0,3.0,4.0,2.0,4.0,3.0,5.0,3.0,4.0,3.0,5.0,4.0,2.0
GBS-04771,POSITIV,0.0,1970,1,1.0,1.0,3.0,5.0,1.0,0.0,3,2.0,2.0,2.0,2.0,3.0,2.0,1.0,1.0,3.0,3.0,3.0,4.0,4.0,3.0,4.0,2.0,4.0,3.0,3.0,3.0,4.0,2.0,4.0,5.0,3.0,4.0,4.0,3.0,2.0
GBS-04789,,0.0,1972,1,1.0,1.0,3.0,5.0,1.0,2.0,2,4.0,4.0,4.0,3.0,3.0,2.0,1.0,1.0,3.0,3.0,3.0,4.0,4.0,4.0,4.0,1.0,4.0,2.0,5.0,2.0,3.0,1.0,4.0,1.0,5.0,3.0,5.0,3.0,1.0
GBS-04825,,1.0,1967,1,1.0,1.0,1.0,1.0,1.0,0.0,2,2.0,3.0,2.0,2.0,3.0,2.0,0.0,1.0,3.0,4.0,3.0,3.0,2.0,3.0,3.0,2.0,4.0,2.0,2.0,4.0,4.0,2.0,4.0,4.0,4.0,2.0,3.0,3.0,3.0
GBS-04964,,0.0,1991,1,0.0,2.0,3.0,2.0,1.0,0.0,2,0.0,1.0,2.0,3.0,3.0,2.0,1.0,1.0,3.0,3.0,3.0,2.0,3.0,3.0,3.0,3.0,4.0,4.0,4.0,1.0,3.0,3.0,2.0,3.0,4.0,3.0,4.0,4.0,3.0
GBS-04999,,0.0,1978,1,1.0,2.0,3.0,2.0,1.0,0.0,1,4.0,4.0,3.0,3.0,3.0,2.0,1.0,1.0,3.0,2.0,3.0,3.0,3.0,3.0,4.0,4.0,5.0,3.0,4.0,5.0,3.0,1.0,5.0,2.0,4.0,4.0,3.0,4.0,3.0
GBS-05025,,0.0,1967,1,1.0,2.0,1.0,1.0,1.0,0.0,1,0.0,0.0,3.0,1.0,1.0,4.0,1.0,1.0,3.0,1.0,1.0,2.0,2.0,3.0,2.0,5.0,4.0,4.0,4.0,2.0,2.0,2.0,4.0,4.0,5.0,2.0,3.0,2.0,5.0
GBS-05132,,0.0,1978,1,1.0,1.0,2.0,5.0,1.0,0.0,3,2.0,3.0,3.0,3.0,3.0,2.0,1.0,1.0,3.0,3.0,3.0,3.0,4.0,4.0,4.0,2.0,4.0,1.0,4.0,2.0,5.0,4.0,4.0,1.0,4.0,4.0,5.0,2.0,2.0
GBS-05182,,0.0,1985,1,0.0,1.0,3.0,2.0,1.0,0.0,2,1.0,1.0,4.0,3.0,3.0,2.0,1.0,1.0,3.0,3.0,3.0,2.0,4.0,2.0,4.0,1.0,5.0,4.0,3.0,4.0,5.0,4.0,4.0,3.0,5.0,1.0,4.0,1.0,3.0
GBS-05278,POSITIV,0.0,1980,1,1.0,1.0,1.0,1.0,1.0,0.0,1,3.0,3.0,2.0,4.0,3.0,2.0,1.0,1.0,3.0,3.0,3.0,4.0,4.0,4.0,4.0,4.0,3.0,4.0,4.0,5.0,2.0,2.0,4.0,2.0,1.0,4.0,3.0,4.0,1.0
GBS-05283,NEGATIV,0.0,1980,0,1.0,1.0,3.0,2.0,1.0,0.0,1,3.0,3.0,4.0,3.0,3.0,2.0,0.0,1.0,2.0,3.0,3.0,4.0,4.0,4.0,4.0,5.0,4.0,2.0,2.0,2.0,1.0,4.0,5.0,2.0,1.0,4.0,4.0,3.0,3.0
GBS-05332,,0.0,1977,1,1.0,2.0,3.0,5.0,1.0,0.0,4,2.0,4.0,1.0,1.0,3.0,3.0,1.0,1.0,3.0,1.0,3.0,2.0,1.0,3.0,4.0,1.0,4.0,4.0,4.0,2.0,5.0,2.0,3.0,1.0,3.0,1.0,4.0,2.0,4.0
GBS-05426,NEGATIV,1.0,1978,1,1.0,1.0,3.0,2.0,1.0,0.0,2,2.0,3.0,3.0,4.0,3.0,3.0,1.0,1.0,3.0,3.0,3.0,3.0,4.0,3.0,4.0,4.0,4.0,4.0,2.0,2.0,4.0,4.0,4.0,4.0,3.0,3.0,3.0,3.0,2.0
GBS-05658,,0.0,1982,1,1.0,1.0,3.0,4.0,1.0,2.0,2,3.0,4.0,1.0,1.0,4.0,2.0,1.0,1.0,3.0,4.0,4.0,1.0,1.0,1.0,1.0,1.0,5.0,3.0,4.0,2.0,5.0,5.0,5.0,1.0,5.0,1.0,2.0,5.0,4.0
GBS-05717,,0.0,1982,0,0.0,2.0,3.0,2.0,1.0,4.0,2,2.0,4.0,4.0,3.0,3.0,2.0,1.0,1.0,3.0,3.0,3.0,2.0,4.0,3.0,4.0,2.0,4.0,1.0,4.0,4.0,4.0,4.0,4.0,2.0,3.0,2.0,5.0,2.0,1.0
GBS-05758,,1.0,1971,1,1.0,1.0,3.0,5.0,1.0,0.0,3,2.0,4.0,4.0,2.0,2.0,3.0,1.0,1.0,3.0,3.0,2.0,2.0,4.0,4.0,4.0,4.0,4.0,1.0,2.0,5.0,5.0,4.0,5.0,2.0,5.0,2.0,4.0,2.0,4.0
GBS-05832,NEGATIV,1.0,1989,1,1.0,2.0,2.0,1.0,1.0,0.0,3,0.0,3.0,3.0,1.0,2.0,2.0,0.0,1.0,2.0,3.0,2.0,2.0,2.0,2.0,4.0,4.0,1.0,3.0,4.0,2.0,3.0,5.0,4.0,4.0,4.0,1.0,3.0,3.0,1.0
GBS-06055,NEGATIV,0.0,1971,1,1.0,2.0,2.0,3.0,1.0,0.0,2,1.0,4.0,2.0,3.0,3.0,2.0,1.0,1.0,3.0,2.0,3.0,3.0,2.0,3.0,3.0,4.0,2.0,4.0,4.0,4.0,2.0,3.0,4.0,4.0,4.0,2.0,3.0,1.0,3.0
GBS-06611,,0.0,1994,1,1.0,2.0,3.0,1.0,1.0,0.0,1,0.0,1.0,4.0,3.0,2.0,3.0,1.0,1.0,3.0,2.0,2.0,4.0,4.0,4.0,4.0,4.0,3.0,4.0,5.0,5.0,2.0,4.0,4.0,2.0,5.0,4.0,4.0,4.0,2.0
GBS-06637,,0.0,1993,1,1.0,2.0,3.0,8.0,1.0,0.0,1,2.0,3.0,4.0,3.0,3.0,3.0,1.0,1.0,3.0,2.0,3.0,4.0,3.0,4.0,4.0,5.0,4.0,4.0,5.0,1.0,3.0,2.0,4.0,2.0,4.0,4.0,4.0,2.0,1.0
GBS-06737,,0.0,1968,1,1.0,1.0,1.0,1.0,1.0,0.0,4,2.0,3.0,3.0,3.0,3.0,2.0,1.0,1.0,3.0,3.0,3.0,3.0,3.0,3.0,4.0,3.0,2.0,1.0,2.0,4.0,5.0,2.0,4.0,3.0,3.0,3.0,3.0,4.0,2.0
GBS-06786,POSITIV,0.0,1977,1,1.0,1.0,2.0,6.0,1.0,0.0,1,2.0,4.0,3.0,3.0,3.0,2.0,1.0,1.0,3.0,3.0,3.0,4.0,4.0,4.0,4.0,3.0,4.0,4.0,2.0,2.0,2.0,4.0,4.0,2.0,4.0,4.0,2.0,2.0,2.0
GBS-06972,POSITIV,1.0,1989,1,1.0,2.0,3.0,5.0,2.0,0.0,1,0.0,4.0,4.0,3.0,3.0,2.0,1.0,1.0,3.0,3.0,3.0,4.0,4.0,4.0,4.0,4.0,4.0,2.0,4.0,2.0,5.0,4.0,5.0,2.0,2.0,4.0,5.0,2.0,1.0
GBS-06978,,0.0,1992,1,1.0,2.0,3.0,5.0,1.0,0.0,1,2.0,2.0,4.0,3.0,3.0,2.0,1.0,1.0,3.0,2.0,3.0,4.0,4.0,4.0,4.0,2.0,4.0,4.0,4.0,2.0,4.0,2.0,4.0,1.0,4.0,4.0,4.0,2.0,2.0
GBS-07018,,0.0,1985,1,1.0,2.0,3.0,5.0,1.0,0.0,1,3.0,3.0,4.0,3.0,3.0,2.0,1.0,1.0,3.0,3.0,3.0,3.0,4.0,3.0,3.0,2.0,3.0,2.0,3.0,2.0,4.0,2.0,4.0,2.0,4.0,2.0,5.0,3.0,2.0
GBS-07026,,0.0,1991,1,1.0,2.0,3.0,4.0,1.0,2.0,2,1.0,2.0,3.0,3.0,3.0,2.0,1.0,1.0,3.0,3.0,3.0,4.0,4.0,4.0,4.0,2.0,5.0,4.0,4.0,4.0,5.0,4.0,3.0,2.0,5.0,4.0,5.0,2.0,1.0
GBS-07100,,1.0,1972,1,1.0,1.0,2.0,1.0,1.0,0.0,1,0.0,3.0,4.0,3.0,4.0,2.0,1.0,1.0,3.0,3.0,4.0,4.0,4.0,4.0,4.0,4.0,4.0,2.0,2.0,3.0,4.0,3.0,4.0,2.0,3.0,4.0,5.0,3.0,2.0
GBS-07206,,0.0,1986,1,1.0,1.0,3.0,2.0,1.0,4.0,3,4.0,4.0,4.0,3.0,4.0,2.0,1.0,1.0,3.0,3.0,4.0,3.0,4.0,3.0,4.0,2.0,4.0,2.0,2.0,4.0,3.0,4.0,4.0,3.0,3.0,3.0,5.0,2.0,1.0
GBS-07239,NEGATIV,0.0,1969,1,1.0,2.0,3.0,3.0,1.0,0.0,1,1.0,1.0,3.0,3.0,3.0,2.0,1.0,1.0,1.0,3.0,3.0,4.0,3.0,4.0,4.0,5.0,4.0,2.0,4.0,4.0,3.0,2.0,5.0,3.0,5.0,3.0,4.0,1.0,3.0
GBS-07345,,0.0,1981,1,1.0,2.0,2.0,1.0,1.0,0.0,1,3.0,3.0,3.0,2.0,3.0,2.0,1.0,1.0,3.0,3.0,3.0,2.0,4.0,3.0,3.0,4.0,4.0,4.0,2.0,5.0,3.0,2.0,5.0,3.0,2.0,2.0,3.0,2.0,4.0
GBS-07790,,0.0,1965,1,1.0,1.0,3.0,2.0,1.0,0.0,1,4.0,4.0,3.0,3.0,3.0,2.0,1.0,1.0,3.0,3.0,3.0,3.0,3.0,4.0,3.0,2.0,4.0,2.0,3.0,4.0,4.0,2.0,4.0,2.0,3.0,3.0,5.0,5.0,2.0
GBS-07922,,1.0,1978,1,1.0,2.0,2.0,4.0,1.0,0.0,1,2.0,3.0,4.0,2.0,3.0,2.0,1.0,1.0,3.0,3.0,3.0,4.0,4.0,4.0,4.0,3.0,4.0,4.0,5.0,1.0,4.0,3.0,5.0,2.0,4.0,4.0,4.0,3.0,5.0
GBS-07934,POSITIV,0.0,1980,1,1.0,2.0,3.0,2.0,1.0,0.0,2,2.0,4.0,3.0,3.0,3.0,2.0,1.0,1.0,3.0,2.0,3.0,3.0,4.0,4.0,4.0,4.0,3.0,3.0,4.0,2.0,3.0,4.0,4.0,3.0,3.0,2.0,4.0,2.0,1.0
GBS-08013,POSITIV,0.0,1991,1,1.0,2.0,3.0,8.0,2.0,0.0,2,0.0,3.0,2.0,3.0,2.0,2.0,1.0,1.0,3.0,2.0,2.0,3.0,1.0,2.0,2.0,4.0,4.0,4.0,4.0,3.0,3.0,3.0,4.0,3.0,4.0,2.0,3.0,2.0,3.0
GBS-08179,,1.0,1989,1,1.0,2.0,2.0,1.0,1.0,0.0,3,1.0,3.0,2.0,2.0,3.0,3.0,1.0,1.0,3.0,2.0,3.0,2.0,1.0,1.0,2.0,2.0,4.0,4.0,2.0,4.0,4.0,3.0,5.0,4.0,4.0,1.0,2.0,3.0,4.0
GBS-08239,POSITIV,1.0,1984,1,1.0,2.0,2.0,1.0,1.0,0.0,1,2.0,2.0,4.0,3.0,3.0,2.0,1.0,1.0,3.0,2.0,3.0,3.0,4.0,3.0,4.0,1.0,3.0,4.0,3.0,3.0,4.0,4.0,5.0,2.0,2.0,4.0,5.0,2.0,2.0
GBS-08252,,1.0,1996,1,1.0,2.0,3.0,8.0,1.0,0.0,1,0.0,3.0,3.0,3.0,3.0,2.0,1.0,1.0,3.0,2.0,3.0,3.0,4.0,3.0,4.0,1.0,4.0,2.0,1.0,1.0,5.0,3.0,4.0,2.0,5.0,2.0,4.0,1.0,3.0
GBS-08458,POSITIV,1.0,1976,1,1.0,0.0,2.0,1.0,1.0,0.0,3,1.0,2.0,3.0,4.0,3.0,2.0,1.0,1.0,3.0,2.0,3.0,3.0,3.0,3.0,4.0,2.0,4.0,2.0,2.0,4.0,4.0,4.0,4.0,2.0,2.0,2.0,3.0,3.0,2.0
GBS-08636,POSITIV,1.0,1971,1,1.0,1.0,1.0,1.0,1.0,0.0,1,2.0,3.0,3.0,4.0,3.0,2.0,1.0,1.0,3.0,3.0,3.0,3.0,3.0,4.0,4.0,2.0,4.0,2.0,4.0,5.0,5.0,2.0,5.0,1.0,5.0,3.0,5.0,3.0,1.0
GBS-08794,POSITIV,0.0,1992,1,1.0,2.0,3.0,8.0,2.0,0.0,1,0.0,0.0,3.0,3.0,3.0,2.0,1.0,1.0,3.0,3.0,3.0,4.0,4.0,4.0,4.0,4.0,4.0,4.0,5.0,4.0,3.0,2.0,4.0,3.0,4.0,3.0,5.0,3.0,1.0
GBS-08868,,0.0,1980,1,1.0,1.0,3.0,1.0,1.0,0.0,4,1.0,4.0,4.0,3.0,3.0,2.0,1.0,1.0,3.0,3.0,3.0,4.0,4.0,4.0,4.0,2.0,4.0,4.0,5.0,2.0,5.0,2.0,5.0,2.0,4.0,3.0,5.0,4.0,2.0
GBS-08937,,0.0,1985,1,1.0,1.0,3.0,2.0,1.0,3.0,1,3.0,4.0,4.0,4.0,3.0,2.0,1.0,1.0,3.0,4.0,3.0,4.0,4.0,4.0,4.0,2.0,4.0,2.0,3.0,3.0,4.0,2.0,4.0,2.0,4.0,4.0,4.0,2.0,2.0
GBS-09239,NEGATIV,1.0,1985,0,1.0,2.0,3.0,5.0,1.0,0.0,1,2.0,3.0,4.0,2.0,3.0,2.0,0.0,0.5,3.0,2.0,3.0,1.0,3.0,4.0,4.0,2.0,3.0,2.0,5.0,2.0,3.0,2.0,3.0,1.0,5.0,2.0,5.0,3.0,2.0
GBS-09326,,0.0,1982,1,1.0,1.0,3.0,2.0,1.0,3.0,2,3.0,4.0,3.0,2.0,3.0,2.0,1.0,1.0,3.0,2.0,3.0,3.0,2.0,3.0,4.0,2.0,3.0,3.0,4.0,1.0,4.0,4.0,4.0,2.0,4.0,1.0,5.0,2.0,3.0
GBS-09377,,0.0,1982,1,1.0,2.0,3.0,4.0,1.0,1.0,1,2.0,4.0,4.0,3.0,3.0,2.0,1.0,1.0,3.0,3.0,3.0,4.0,4.0,4.0,4.0,3.0,4.0,2.0,4.0,5.0,3.0,2.0,4.0,3.0,3.0,4.0,5.0,2.0,1.0
GBS-09480,POSITIV,0.0,1971,1,1.0,1.0,3.0,2.0,1.0,0.0,5,4.0,4.0,3.0,3.0,3.0,2.0,1.0,1.0,3.0,3.0,3.0,4.0,3.0,4.0,4.0,2.0,4.0,2.0,4.0,2.0,5.0,3.0,4.0,2.0,4.0,4.0,4.0,2.0,2.0
GBS-09482,NEGATIV,0.0,1967,0,1.0,1.0,2.0,4.0,1.0,2.0,3,2.0,4.0,4.0,3.0,3.0,2.0,1.0,1.0,4.0,3.0,3.0,4.0,4.0,4.0,4.0,3.0,4.0,2.0,4.0,1.0,4.0,2.0,3.0,2.0,5.0,3.0,5.0,4.0,2.0
GBS-09510,NEGATIV,0.0,1997,1,1.0,2.0,3.0,8.0,2.0,0.0,1,0.0,4.0,2.0,2.0,3.0,2.0,1.0,1.0,4.0,2.0,3.0,2.0,2.0,2.0,3.0,2.0,4.0,4.0,4.0,4.0,4.0,4.0,2.0,2.0,3.0,2.0,4.0,4.0,4.0
GBS-09543,POSITIV,1.0,1982,1,1.0,2.0,3.0,2.0,1.0,3.0,1,2.0,4.0,2.0,2.0,2.0,3.0,1.0,1.0,3.0,2.0,2.0,3.0,2.0,3.0,4.0,3.0,4.0,1.0,3.0,5.0,4.0,3.0,4.0,2.0,4.0,2.0,4.0,4.0,1.0
GBS-09575,POSITIV,0.0,1983,1,1.0,2.0,3.0,2.0,1.0,0.0,1,2.0,4.0,4.0,3.0,3.0,2.0,1.0,1.0,3.0,3.0,3.0,4.0,4.0,4.0,4.0,2.0,5.0,2.0,2.0,1.0,4.0,1.0,4.0,3.0,2.0,4.0,5.0,2.0,2.0
GBS-09714,,0.0,1982,1,1.0,2.0,3.0,2.0,1.0,0.0,2,2.0,4.0,4.0,3.0,3.0,2.0,1.0,1.0,3.0,3.0,3.0,4.0,4.0,4.0,4.0,4.0,4.0,2.0,4.0,1.0,4.0,2.0,4.0,2.0,4.0,4.0,5.0,3.0,1.0
GBS-10009,,0.0,1993,1,1.0,2.0,3.0,5.0,1.0,0.0,2,0.0,1.0,3.0,3.0,3.0,2.0,1.0,1.0,3.0,3.0,3.0,4.0,4.0,4.0,4.0,2.0,5.0,4.0,4.0,4.0,5.0,2.0,3.0,2.0,4.0,3.0,5.0,3.0,2.0
GBS-10114,,0.0,1985,1,1.0,2.0,3.0,2.0,1.0,0.0,1,2.0,2.0,4.0,3.0,3.0,2.0,1.0,1.0,3.0,3.0,3.0,4.0,4.0,4.0,4.0,2.0,3.0,4.0,4.0,4.0,4.0,3.0,4.0,2.0,3.0,4.0,5.0,3.0,1.0
GBS-10357,POSITIV,1.0,1963,1,1.0,0.0,2.0,9.0,1.0,0.0,1,2.0,2.0,3.0,3.0,3.0,2.0,1.0,1.0,3.0,2.0,3.0,3.0,3.0,3.0,4.0,3.0,2.0,3.0,2.0,4.0,3.0,2.0,4.0,1.0,2.0,3.0,3.0,3.0,5.0
GBS-10465,,1.0,1961,1,1.0,2.0,3.0,2.0,1.0,0.0,1,3.0,3.0,2.0,3.0,3.0,2.0,1.0,1.0,3.0,3.0,3.0,4.0,2.0,4.0,4.0,4.0,5.0,4.0,4.0,2.0,4.0,4.0,4.0,2.0,4.0,3.0,5.0,3.0,2.0
GBS-10566,,0.0,1962,1,1.0,2.0,2.0,1.0,2.0,0.0,1,2.0,2.0,4.0,3.0,3.0,2.0,1.0,1.0,3.0,2.0,3.0,4.0,4.0,3.0,4.0,4.0,3.0,4.0,4.0,3.0,4.0,2.0,3.0,3.0,3.0,3.0,2.0,3.0,3.0
GBS-10611,POSITIV,1.0,1996,1,0.0,2.0,3.0,8.0,2.0,0.0,1,0.0,3.0,4.0,1.0,2.0,3.0,1.0,1.0,3.0,3.0,2.0,2.0,4.0,3.0,3.0,4.0,4.0,4.0,2.0,4.0,4.0,3.0,4.0,5.0,2.0,3.0,3.0,2.0,2.0
GBS-10726,NEGATIV,0.0,1947,1,1.0,1.0,3.0,4.0,1.0,8.0,1,3.0,4.0,3.0,3.0,3.0,2.0,1.0,1.0,3.0,3.0,3.0,4.0,3.0,4.0,4.0,5.0,3.0,1.0,2.0,1.0,4.0,1.0,4.0,2.0,5.0,4.0,5.0,2.0,2.0
GBS-10728,,0.0,1960,1,1.0,1.0,3.0,2.0,1.0,0.0,3,2.0,4.0,3.0,2.0,4.0,2.0,1.0,1.0,3.0,3.0,4.0,3.0,2.0,3.0,3.0,2.0,5.0,1.0,3.0,2.0,5.0,4.0,4.0,2.0,5.0,3.0,4.0,2.0,2.0
GBS-11048,POSITIV,0.0,1975,1,1.0,1.0,3.0,1.0,1.0,0.0,5,2.0,4.0,4.0,3.0,3.0,2.0,1.0,1.0,3.0,3.0,3.0,2.0,2.0,4.0,4.0,4.0,4.0,2.0,4.0,4.0,2.0,4.0,5.0,2.0,4.0,2.0,3.0,3.0,1.0
GBS-11050,,0.0,1986,1,1.0,2.0,3.0,5.0,1.0,0.0,1,3.0,3.0,3.0,3.0,3.0,2.0,1.0,1.0,3.0,3.0,3.0,3.0,4.0,3.0,4.0,1.0,4.0,4.0,5.0,2.0,5.0,4.0,4.0,1.0,5.0,3.0,5.0,3.0,1.0
GBS-11134,,0.0,1968,0,0.0,1.0,3.0,6.0,2.0,0.0,1,2.0,4.0,4.0,3.0,3.0,2.0,1.0,1.0,3.0,3.0,3.0,4.0,4.0,4.0,4.0,3.0,4.0,4.0,2.0,3.0,3.0,2.0,5.0,2.0,4.0,4.0,5.0,4.0,2.0
GBS-11163,,1.0,1963,1,1.0,1.0,2.0,4.0,1.0,2.0,4,1.0,3.0,3.0,4.0,4.0,1.0,1.0,1.0,3.0,4.0,4.0,3.0,3.0,3.0,3.0,3.0,1.0,4.0,2.0,3.0,3.0,4.0,1.0,3.0,3.0,3.0,3.0,2.0,3.0
GBS-11170,NEGATIV,0.0,1951,1,1.0,1.0,2.0,1.0,1.0,0.0,2,1.0,1.0,4.0,4.0,3.0,2.0,1.0,1.0,1.0,3.0,3.0,4.0,4.0,4.0,4.0,4.0,4.0,5.0,5.0,4.0,4.0,4.0,4.0,4.0,4.0,4.0,5.0,3.0,3.0
GBS-11186,,1.0,1950,1,1.0,2.0,3.0,2.0,1.0,0.0,1,3.0,3.0,3.0,3.0,3.0,2.0,1.0,1.0,3.0,3.0,3.0,3.0,4.0,4.0,4.0,3.0,5.0,1.0,3.0,1.0,3.0,3.0,5.0,2.0,5.0,2.0,5.0,2.0,1.0
GBS-11236,,0.0,1967,1,1.0,1.0,2.0,5.0,1.0,3.0,3,2.0,3.0,3.0,2.0,3.0,2.0,1.0,1.0,3.0,4.0,3.0,3.0,3.0,3.0,3.0,4.0,4.0,3.0,2.0,4.0,2.0,3.0,5.0,4.0,4.0,2.0,3.0,2.0,4.0
GBS-11239,,1.0,1957,1,1.0,2.0,2.0,6.0,1.0,0.0,1,1.0,1.0,3.0,3.0,3.0,2.0,1.0,1.0,3.0,3.0,3.0,3.0,2.0,3.0,2.0,2.0,3.0,1.0,2.0,4.0,3.0,2.0,5.0,2.0,4.0,3.0,3.0,3.0,4.0
GBS-11245,NEGATIV,0.0,1992,1,1.0,2.0,3.0,5.0,1.0,3.0,3,2.0,4.0,4.0,3.0,3.0,2.0,1.0,1.0,4.0,3.0,3.0,2.0,4.0,4.0,4.0,2.0,2.0,2.0,4.0,5.0,4.0,2.0,4.0,2.0,3.0,3.0,3.0,4.0,2.0
GBS-11471,,0.0,1978,1,1.0,2.0,3.0,8.0,2.0,1.0,1,2.0,3.0,4.0,3.0,3.0,2.0,1.0,1.0,3.0,3.0,3.0,3.0,4.0,3.0,4.0,4.0,4.0,3.0,2.0,1.0,2.0,1.0,4.0,2.0,4.0,3.0,3.0,2.0,2.0
GBS-11517,NEGATIV,0.0,1949,0,1.0,1.0,3.0,5.0,1.0,0.0,1,1.0,1.0,4.0,3.0,3.0,2.0,1.0,1.0,2.0,3.0,3.0,4.0,4.0,4.0,4.0,3.0,4.0,2.0,3.0,2.0,4.0,3.0,4.0,2.0,4.0,4.0,5.0,3.0,2.0
GBS-11605,POSITIV,1.0,1958,1,1.0,1.0,2.0,6.0,1.0,0.0,1,1.0,4.0,3.0,4.0,3.0,2.0,1.0,1.0,3.0,2.0,3.0,4.0,2.0,3.0,4.0,3.0,4.0,2.0,2.0,4.0,4.0,4.0,4.0,2.0,4.0,4.0,4.0,4.0,2.0
GBS-11674,,0.0,1997,1,1.0,2.0,3.0,8.0,2.0,5.0,3,0.0,3.0,2.0,3.0,3.0,2.0,1.0,1.0,3.0,3.0,3.0,4.0,2.0,4.0,4.0,1.0,1.0,4.0,3.0,5.0,5.0,3.0,4.0,2.0,3.0,2.0,4.0,1.0,1.0
GBS-11744,,0.0,1980,1,1.0,2.0,3.0,2.0,1.0,0.0,3,1.0,1.0,3.0,2.0,2.0,3.0,1.0,1.0,3.0,2.0,2.0,2.0,3.0,3.0,4.0,5.0,4.0,4.0,2.0,4.0,2.0,4.0,2.0,2.0,5.0,2.0,5.0,3.0,3.0
GBS-11844,,0.0,1971,1,1.0,1.0,2.0,1.0,1.0,2.0,4,4.0,4.0,3.0,3.0,3.0,2.0,1.0,1.0,3.0,3.0,3.0,3.0,3.0,4.0,4.0,2.0,2.0,2.0,5.0,2.0,2.0,3.0,4.0,2.0,2.0,3.0,5.0,3.0,2.0
GBS-11954,POSITIV,1.0,1986,1,1.0,1.0,3.0,2.0,2.0,0.0,3,2.0,4.0,3.0,3.0,3.0,2.0,1.0,1.0,3.0,3.0,3.0,3.0,4.0,3.0,3.0,3.0,2.0,2.0,2.0,4.0,2.0,3.0,4.0,2.0,4.0,4.0,4.0,3.0,2.0
GBS-12008,NEGATIV,0.0,1990,1,1.0,2.0,3.0,2.0,1.0,0.0,1,1.0,1.0,3.0,3.0,3.0,2.0,1.0,1.0,4.0,3.0,3.0,4.0,3.0,4.0,4.0,3.0,4.0,3.0,4.0,3.0,4.0,2.0,4.0,2.0,3.0,3.0,4.0,3.0,1.0
GBS-12183,NEGATIV,0.0,1953,1,1.0,1.0,3.0,5.0,1.0,0.0,2,3.0,3.0,4.0,3.0,3.0,2.0,1.0,1.0,4.0,3.0,3.0,4.0,4.0,4.0,4.0,4.0,4.0,1.0,2.0,4.0,2.0,2.0,4.0,3.0,2.0,4.0,5.0,1.0,2.0
GBS-12188,,1.0,1978,0,1.0,1.0,2.0,5.0,3.0,0.0,4,2.0,3.0,4.0,3.0,4.0,2.0,1.0,1.0,3.0,3.0,4.0,4.0,4.0,2.0,3.0,4.0,5.0,2.0,2.0,5.0,4.0,4.0,5.0,5.0,4.0,3.0,4.0,5.0,2.0
GBS-12415,,0.0,1942,1,1.0,1.0,2.0,6.0,1.0,2.0,2,3.0,4.0,4.0,2.0,2.0,3.0,1.0,1.0,3.0,2.0,2.0,4.0,4.0,4.0,4.0,3.0,4.0,1.0,2.0,2.0,5.0,2.0,5.0,1.0,4.0,4.0,5.0,2.0,1.0
GBS-12419,,1.0,1981,1,1.0,1.0,1.0,1.0,1.0,0.0,1,1.0,4.0,2.0,3.0,3.0,3.0,1.0,0.0,3.0,3.0,3.0,4.0,4.0,4.0,4.0,1.0,4.0,1.0,5.0,1.0,5.0,2.0,5.0,1.0,5.0,4.0,4.0,3.0,3.0
GBS-12446,POSITIV,1.0,1982,1,0.0,1.0,2.0,2.0,1.0,0.0,4,1.0,4.0,1.0,2.0,3.0,2.0,1.0,1.0,3.0,1.0,3.0,1.0,2.0,1.0,4.0,4.0,2.0,2.0,3.0,3.0,4.0,2.0,5.0,4.0,4.0,1.0,4.0,3.0,3.0
GBS-12449,,0.0,1962,1,1.0,1.0,2.0,4.0,1.0,0.0,3,2.0,3.0,4.0,3.0,3.0,1.0,1.0,1.0,3.0,4.0,3.0,4.0,4.0,4.0,4.0,4.0,4.0,4.0,2.0,1.0,1.0,2.0,4.0,4.0,4.0,4.0,3.0,3.0,3.0
GBS-12522,NEGATIV,0.0,1983,1,1.0,1.0,1.0,3.0,1.0,0.0,1,2.0,2.0,4.0,3.0,3.0,2.0,1.0,1.0,1.0,2.0,3.0,2.0,4.0,2.0,4.0,3.0,4.0,1.0,4.0,3.0,5.0,3.0,5.0,3.0,4.0,2.0,5.0,4.0,4.0
GBS-12776,POSITIV,1.0,1983,1,1.0,2.0,3.0,2.0,1.0,2.0,1,2.0,3.0,4.0,3.0,3.0,2.0,1.0,1.0,3.0,4.0,3.0,3.0,4.0,3.0,4.0,2.0,4.0,3.0,2.0,2.0,5.0,5.0,4.0,5.0,5.0,3.0,5.0,2.0,2.0
GBS-12802,NEGATIV,0.0,1985,1,1.0,1.0,3.0,2.0,1.0,0.0,1,2.0,4.0,3.0,3.0,3.0,2.0,1.0,1.0,4.0,3.0,3.0,4.0,4.0,4.0,4.0,4.0,2.0,1.0,4.0,4.0,4.0,2.0,4.0,2.0,4.0,4.0,3.0,2.0,2.0
GBS-12814,NEGATIV,0.0,1963,1,1.0,1.0,3.0,2.0,1.0,0.0,1,3.0,4.0,4.0,2.0,3.0,2.0,1.0,1.0,4.0,2.0,3.0,3.0,4.0,4.0,3.0,4.0,4.0,2.0,5.0,5.0,3.0,3.0,4.0,4.0,5.0,3.0,5.0,1.0,4.0
GBS-12844,,1.0,1982,1,1.0,2.0,1.0,6.0,1.0,0.0,1,0.0,0.0,4.0,3.0,3.0,2.0,1.0,1.0,3.0,3.0,3.0,3.0,4.0,3.0,4.0,2.0,2.0,1.0,5.0,1.0,4.0,4.0,5.0,3.0,4.0,3.0,3.0,2.0,5.0
GBS-12902,,1.0,1960,0,1.0,1.0,3.0,4.0,1.0,0.0,3,1.0,2.0,3.0,3.0,2.0,3.0,0.0,1.0,3.0,3.0,2.0,4.0,3.0,3.0,4.0,4.0,2.0,1.0,4.0,1.0,4.0,2.0,4.0,2.0,4.0,4.0,5.0,3.0,2.0
GBS-12909,NEGATIV,1.0,1961,1,1.0,1.0,3.0,5.0,1.0,0.0,1,1.0,2.0,3.0,3.0,3.0,2.0,1.0,1.0,2.0,3.0,3.0,3.0,4.0,3.0,4.0,4.0,4.0,2.0,3.0,4.0,4.0,3.0,4.0,2.0,4.0,2.0,3.0,3.0,2.0
GBS-12909,NEGATIV,1.0,1961,1,1.0,1.0,3.0,2.0,1.0,0.0,1,2.0,3.0,3.0,3.0,3.0,2.0,1.0,1.0,3.0,3.0,3.0,3.0,4.0,4.0,4.0,4.0,4.0,2.0,3.0,4.0,4.0,3.0,4.0,2.0,4.0,3.0,4.0,3.0,2.0
GBS-12958,NEGATIV,1.0,1984,1,1.0,1.0,3.0,5.0,1.0,0.0,2,2.0,4.0,2.0,2.0,3.0,2.0,1.0,1.0,3.0,2.0,3.0,2.0,2.0,2.0,4.0,2.0,3.0,4.0,4.0,4.0,3.0,3.0,3.0,2.0,4.0,2.0,5.0,2.0,3.0
GBS-12975,NEGATIV,0.0,1981,1,1.0,2.0,3.0,5.0,1.0,0.0,1,2.0,2.0,4.0,3.0,3.0,2.0,1.0,1.0,3.0,3.0,3.0,4.0,4.0,3.0,4.0,4.0,3.0,4.0,3.0,2.0,2.0,4.0,4.0,3.0,5.0,3.0,4.0,3.0,3.0
GBS-13016,NEGATIV,0.0,1961,1,1.0,1.0,2.0,1.0,1.0,0.0,2,0.0,1.0,2.0,2.0,2.0,3.0,0.0,0.5,2.0,3.0,2.0,3.0,2.0,2.0,3.0,2.0,2.0,3.0,2.0,4.0,2.0,4.0,4.0,4.0,2.0,3.0,3.0,3.0,4.0
GBS-13031,NEGATIV,0.0,1965,0,1.0,1.0,3.0,1.0,1.0,1.0,3,2.0,3.0,1.0,1.0,2.0,3.0,0.0,0.0,1.0,2.0,2.0,2.0,1.0,1.0,4.0,4.0,1.0,1.0,2.0,4.0,2.0,4.0,5.0,3.0,2.0,1.0,1.0,1.0,3.0
GBS-13047,,1.0,1982,1,1.0,2.0,3.0,8.0,2.0,0.0,1,0.0,1.0,1.0,2.0,2.0,2.0,1.0,1.0,3.0,2.0,2.0,4.0,1.0,4.0,3.0,2.0,4.0,4.0,5.0,1.0,2.0,4.0,5.0,5.0,4.0,3.0,4.0,2.0,4.0
GBS-13062,,0.0,1993,1,1.0,2.0,3.0,8.0,3.0,5.0,1,0.0,0.0,4.0,3.0,3.0,2.0,1.0,1.0,3.0,3.0,3.0,3.0,4.0,4.0,4.0,4.0,4.0,4.0,3.0,2.0,4.0,5.0,3.0,2.0,5.0,3.0,4.0,2.0,3.0
GBS-13073,POSITIV,1.0,1960,1,1.0,1.0,3.0,4.0,1.0,0.0,2,1.0,4.0,4.0,3.0,3.0,2.0,1.0,1.0,3.0,3.0,3.0,4.0,4.0,4.0,4.0,2.0,3.0,4.0,4.0,2.0,4.0,4.0,4.0,2.0,5.0,3.0,4.0,3.0,2.0
GBS-13099,NEGATIV,1.0,1979,1,1.0,1.0,3.0,2.0,1.0,4.0,1,2.0,4.0,2.0,3.0,3.0,2.0,1.0,1.0,4.0,3.0,3.0,3.0,3.0,3.0,4.0,4.0,4.0,4.0,2.0,1.0,4.0,4.0,3.0,4.0,4.0,2.0,4.0,3.0,3.0
GBS-13111,,0.0,1964,1,1.0,1.0,1.0,4.0,1.0,0.0,4,2.0,2.0,3.0,3.0,3.0,2.0,1.0,1.0,3.0,3.0,3.0,4.0,4.0,4.0,4.0,1.0,3.0,2.0,4.0,2.0,5.0,2.0,4.0,2.0,4.0,4.0,5.0,4.0,1.0
GBS-13131,NEGATIV,0.0,1959,0,1.0,2.0,3.0,2.0,1.0,0.0,1,1.0,1.0,3.0,4.0,4.0,2.0,1.0,1.0,4.0,3.0,4.0,4.0,4.0,4.0,4.0,4.0,2.0,4.0,2.0,3.0,2.0,3.0,4.0,4.0,5.0,4.0,2.0,4.0,5.0
GBS-13186,NEGATIV,1.0,1981,1,1.0,1.0,3.0,5.0,1.0,3.0,1,2.0,4.0,4.0,3.0,3.0,2.0,1.0,1.0,3.0,3.0,3.0,4.0,4.0,4.0,4.0,4.0,4.0,1.0,2.0,1.0,4.0,2.0,5.0,4.0,5.0,3.0,5.0,2.0,2.0
GBS-13240,,0.0,1968,1,1.0,2.0,3.0,4.0,1.0,0.0,1,3.0,3.0,4.0,3.0,2.0,2.0,1.0,1.0,3.0,2.0,2.0,3.0,4.0,4.0,4.0,2.0,4.0,3.0,4.0,4.0,4.0,3.0,4.0,2.0,4.0,4.0,5.0,4.0,1.0
GBS-13246,NEGATIV,1.0,1967,1,1.0,2.0,2.0,5.0,1.0,0.0,1,2.0,2.0,2.0,2.0,2.0,3.0,1.0,1.0,2.0,2.0,2.0,4.0,4.0,4.0,4.0,3.0,4.0,3.0,4.0,2.0,5.0,3.0,4.0,4.0,5.0,4.0,5.0,4.0,1.0
GBS-13275,NEGATIV,0.0,1986,1,1.0,2.0,3.0,2.0,1.0,0.0,2,2.0,3.0,3.0,3.0,3.0,2.0,1.0,1.0,3.0,3.0,3.0,3.0,3.0,3.0,3.0,2.0,4.0,3.0,4.0,2.0,4.0,4.0,4.0,2.0,4.0,3.0,2.0,3.0,3.0
GBS-13305,,1.0,1982,1,1.0,2.0,2.0,6.0,1.0,0.0,1,1.0,1.0,3.0,3.0,3.0,2.0,1.0,1.0,3.0,3.0,3.0,3.0,3.0,3.0,4.0,2.0,4.0,4.0,4.0,2.0,4.0,2.0,4.0,2.0,4.0,3.0,3.0,2.0,3.0
GBS-13315,POSITIV,1.0,1949,1,1.0,1.0,3.0,2.0,1.0,4.0,2,4.0,4.0,4.0,3.0,3.0,2.0,1.0,1.0,3.0,3.0,3.0,4.0,4.0,4.0,4.0,2.0,4.0,1.0,4.0,2.0,4.0,4.0,4.0,1.0,4.0,3.0,5.0,3.0,2.0
GBS-13345,,1.0,1995,1,1.0,2.0,2.0,1.0,1.0,0.0,2,0.0,2.0,4.0,1.0,2.0,3.0,0.0,1.0,3.0,2.0,2.0,1.0,3.0,1.0,3.0,4.0,5.0,4.0,4.0,5.0,4.0,4.0,5.0,2.0,5.0,3.0,3.0,3.0,3.0
GBS-13373,NEGATIV,1.0,1996,1,1.0,2.0,3.0,8.0,1.0,0.0,1,0.0,3.0,2.0,4.0,3.0,2.0,1.0,1.0,3.0,4.0,3.0,1.0,3.0,2.0,4.0,2.0,3.0,2.0,2.0,4.0,4.0,2.0,4.0,3.0,2.0,2.0,5.0,4.0,2.0
GBS-13381,POSITIV,0.0,1976,1,1.0,1.0,3.0,2.0,1.0,0.0,1,4.0,1.0,4.0,3.0,3.0,2.0,1.0,1.0,3.0,3.0,3.0,4.0,4.0,4.0,4.0,4.0,2.0,1.0,4.0,1.0,5.0,1.0,4.0,1.0,5.0,4.0,5.0,5.0,1.0
GBS-13454,,1.0,1949,1,1.0,1.0,3.0,5.0,1.0,0.0,2,2.0,3.0,4.0,3.0,3.0,2.0,1.0,1.0,3.0,3.0,3.0,4.0,3.0,4.0,4.0,4.0,4.0,2.0,2.0,2.0,3.0,2.0,4.0,4.0,4.0,4.0,4.0,3.0,2.0
GBS-13474,,0.0,1982,1,1.0,2.0,3.0,2.0,1.0,0.0,1,1.0,1.0,4.0,3.0,3.0,2.0,1.0,1.0,3.0,3.0,3.0,4.0,4.0,4.0,4.0,5.0,3.0,4.0,3.0,3.0,1.0,3.0,4.0,4.0,5.0,4.0,4.0,1.0,2.0
GBS-13496,POSITIV,0.0,1965,1,1.0,1.0,3.0,5.0,1.0,0.0,2,2.0,3.0,3.0,3.0,3.0,2.0,1.0,1.0,3.0,3.0,3.0,3.0,3.0,3.0,4.0,5.0,4.0,4.0,4.0,4.0,2.0,2.0,3.0,4.0,3.0,2.0,4.0,2.0,2.0
GBS-13506,NEGATIV,1.0,1954,1,1.0,1.0,1.0,1.0,1.0,0.0,1,1.0,3.0,3.0,3.0,3.0,2.0,1.0,1.0,4.0,3.0,3.0,4.0,4.0,4.0,4.0,2.0,4.0,1.0,2.0,1.0,5.0,2.0,5.0,2.0,5.0,3.0,4.0,4.0,2.0
GBS-13515,,0.0,1978,1,1.0,1.0,3.0,2.0,1.0,0.0,3,4.0,4.0,2.0,2.0,3.0,2.0,1.0,1.0,3.0,3.0,3.0,2.0,2.0,3.0,4.0,4.0,3.0,4.0,4.0,3.0,4.0,3.0,5.0,2.0,4.0,1.0,5.0,4.0,2.0
GBS-13538,,0.0,1964,1,1.0,0.0,3.0,2.0,1.0,0.0,1,2.0,2.0,4.0,3.0,3.0,2.0,1.0,1.0,3.0,2.0,3.0,3.0,3.0,3.0,4.0,3.0,4.0,1.0,2.0,4.0,5.0,3.0,5.0,2.0,5.0,3.0,5.0,4.0,2.0
GBS-13608,POSITIV,0.0,1960,1,1.0,2.0,3.0,2.0,1.0,0.0,3,4.0,4.0,4.0,3.0,3.0,2.0,1.0,1.0,3.0,3.0,3.0,4.0,4.0,4.0,4.0,3.0,4.0,2.0,4.0,1.0,3.0,3.0,3.0,2.0,3.0,4.0,5.0,1.0,2.0
GBS-13638,,0.0,1989,1,1.0,2.0,2.0,1.0,1.0,2.0,3,0.0,2.0,3.0,3.0,2.0,3.0,1.0,1.0,3.0,1.0,2.0,3.0,3.0,3.0,4.0,3.0,4.0,4.0,3.0,3.0,4.0,4.0,4.0,2.0,5.0,4.0,3.0,2.0,1.0
GBS-13836,,1.0,1982,1,1.0,1.0,3.0,2.0,1.0,0.0,4,0.0,3.0,2.0,3.0,3.0,2.0,1.0,1.0,3.0,3.0,3.0,3.0,3.0,4.0,4.0,4.0,4.0,3.0,4.0,4.0,4.0,2.0,4.0,1.0,3.0,4.0,3.0,3.0,2.0
GBS-13969,NEGATIV,1.0,1979,1,1.0,2.0,2.0,1.0,1.0,0.0,1,2.0,3.0,1.0,2.0,3.0,2.0,0.0,0.0,2.0,3.0,3.0,2.0,1.0,3.0,4.0,4.0,2.0,1.0,1.0,4.0,2.0,4.0,5.0,2.0,5.0,2.0,2.0,4.0,4.0
GBS-14001,,0.0,1988,1,1.0,2.0,3.0,2.0,1.0,0.0,1,1.0,3.0,3.0,3.0,3.0,2.0,1.0,1.0,3.0,3.0,3.0,3.0,3.0,3.0,4.0,4.0,2.0,4.0,1.0,1.0,2.0,2.0,1.0,4.0,5.0,3.0,4.0,4.0,2.0
GBS-14092,,1.0,1965,1,1.0,2.0,1.0,1.0,1.0,0.0,4,2.0,2.0,4.0,3.0,3.0,2.0,1.0,1.0,3.0,3.0,3.0,4.0,4.0,4.0,4.0,1.0,5.0,2.0,4.0,2.0,5.0,3.0,5.0,2.0,4.0,4.0,4.0,2.0,2.0
GBS-14152,NEGATIV,1.0,1962,1,1.0,1.0,2.0,6.0,1.0,0.0,3,0.0,3.0,2.0,2.0,3.0,2.0,1.0,1.0,4.0,2.0,3.0,3.0,2.0,2.0,4.0,5.0,4.0,1.0,3.0,2.0,2.0,4.0,5.0,2.0,4.0,2.0,5.0,3.0,2.0
GBS-14296,,1.0,1973,1,1.0,1.0,2.0,1.0,1.0,0.0,1,2.0,3.0,1.0,3.0,3.0,2.0,1.0,1.0,3.0,3.0,3.0,2.0,1.0,2.0,3.0,5.0,5.0,4.0,2.0,5.0,4.0,2.0,3.0,4.0,3.0,3.0,5.0,4.0,3.0
GBS-14324,,1.0,1950,1,1.0,1.0,3.0,2.0,1.0,0.0,2,0.0,4.0,4.0,3.0,3.0,2.0,1.0,1.0,3.0,3.0,3.0,4.0,4.0,4.0,4.0,1.0,3.0,2.0,4.0,1.0,4.0,2.0,4.0,2.0,4.0,4.0,5.0,4.0,2.0
GBS-14417,NEGATIV,1.0,1972,1,0.0,1.0,3.0,1.0,1.0,0.0,1,1.0,3.0,2.0,3.0,3.0,2.0,1.0,1.0,4.0,3.0,3.0,3.0,3.0,3.0,3.0,4.0,3.0,2.0,2.0,2.0,2.0,3.0,4.0,3.0,4.0,3.0,3.0,2.0,3.0
GBS-14463,,0.0,1986,1,1.0,2.0,2.0,6.0,1.0,0.0,1,2.0,2.0,3.0,2.0,1.0,3.0,1.0,1.0,3.0,2.0,1.0,3.0,4.0,3.0,4.0,3.0,4.0,4.0,3.0,3.0,4.0,3.0,4.0,4.0,5.0,3.0,4.0,3.0,5.0
GBS-14469,,1.0,1967,1,1.0,2.0,2.0,4.0,1.0,4.0,1,2.0,2.0,4.0,3.0,3.0,2.0,1.0,1.0,3.0,3.0,3.0,4.0,3.0,4.0,4.0,2.0,5.0,1.0,4.0,1.0,4.0,4.0,5.0,1.0,5.0,3.0,5.0,2.0,2.0
GBS-14554,NEGATIV,0.0,1958,0,1.0,2.0,2.0,5.0,1.0,0.0,2,2.0,2.0,3.0,3.0,3.0,2.0,0.0,1.0,2.0,3.0,3.0,4.0,3.0,4.0,4.0,3.0,2.0,1.0,4.0,3.0,2.0,2.0,5.0,1.0,5.0,4.0,5.0,4.0,2.0
GBS-14585,POSITIV,1.0,1963,1,1.0,1.0,2.0,2.0,1.0,0.0,2,1.0,3.0,2.0,3.0,3.0,2.0,1.0,1.0,3.0,3.0,3.0,4.0,4.0,4.0,4.0,4.0,2.0,2.0,2.0,2.0,2.0,2.0,4.0,3.0,3.0,3.0,4.0,2.0,2.0
GBS-14780,,1.0,1943,1,1.0,2.0,3.0,2.0,1.0,8.0,1,2.0,2.0,4.0,4.0,3.0,2.0,1.0,1.0,3.0,3.0,3.0,4.0,4.0,4.0,4.0,4.0,4.0,3.0,5.0,1.0,5.0,1.0,5.0,2.0,4.0,4.0,4.0,3.0,2.0
GBS-14829,,1.0,1985,1,1.0,1.0,3.0,2.0,1.0,0.0,3,2.0,3.0,4.0,3.0,3.0,2.0,1.0,1.0,3.0,3.0,3.0,3.0,3.0,4.0,4.0,2.0,4.0,1.0,3.0,5.0,4.0,3.0,4.0,4.0,1.0,3.0,4.0,3.0,3.0
GBS-14843,NEGATIV,0.0,1983,1,1.0,2.0,3.0,5.0,1.0,3.0,2,2.0,4.0,4.0,2.0,3.0,2.0,1.0,1.0,4.0,3.0,3.0,3.0,4.0,4.0,4.0,2.0,4.0,3.0,3.0,4.0,4.0,4.0,3.0,2.0,4.0,2.0,5.0,4.0,1.0
GBS-14859,NEGATIV,0.0,1947,1,1.0,1.0,1.0,1.0,1.0,0.0,1,1.0,2.0,3.0,3.0,3.0,2.0,1.0,1.0,3.0,3.0,3.0,4.0,4.0,3.0,4.0,4.0,3.0,2.0,4.0,3.0,3.0,4.0,4.0,2.0,4.0,4.0,5.0,3.0,2.0
GBS-14885,POSITIV,0.0,1971,1,1.0,1.0,3.0,5.0,1.0,3.0,4,3.0,3.0,2.0,1.0,3.0,2.0,1.0,1.0,3.0,3.0,3.0,3.0,4.0,2.0,4.0,4.0,4.0,4.0,4.0,5.0,2.0,4.0,2.0,3.0,3.0,4.0,4.0,2.0,3.0
GBS-14919,NEGATIV,1.0,1970,1,1.0,1.0,1.0,1.0,1.0,0.0,2,2.0,3.0,4.0,3.0,3.0,2.0,0.0,1.0,3.0,3.0,3.0,4.0,4.0,4.0,4.0,2.0,4.0,1.0,4.0,1.0,5.0,2.0,5.0,2.0,5.0,4.0,3.0,3.0,2.0
GBS-15191,,0.0,1974,1,1.0,1.0,3.0,2.0,1.0,0.0,2,2.0,4.0,2.0,2.0,2.0,3.0,1.0,1.0,3.0,2.0,2.0,4.0,4.0,4.0,4.0,4.0,4.0,4.0,5.0,2.0,3.0,2.0,4.0,1.0,3.0,4.0,5.0,3.0,1.0
GBS-15251,,1.0,1970,1,1.0,2.0,1.0,1.0,1.0,0.0,1,1.0,1.0,4.0,3.0,3.0,2.0,1.0,1.0,3.0,3.0,3.0,4.0,4.0,4.0,4.0,1.0,5.0,1.0,5.0,2.0,5.0,4.0,5.0,1.0,5.0,4.0,5.0,4.0,1.0
GBS-15259,,1.0,1967,0,1.0,1.0,2.0,1.0,1.0,0.0,3,1.0,3.0,2.0,3.0,3.0,3.0,1.0,1.0,3.0,3.0,3.0,1.0,4.0,1.0,4.0,3.0,5.0,1.0,2.0,2.0,5.0,1.0,5.0,4.0,5.0,3.0,2.0,3.0,2.0
GBS-15333,POSITIV,1.0,1961,1,1.0,2.0,3.0,4.0,1.0,0.0,1,0.0,1.0,2.0,3.0,3.0,2.0,1.0,1.0,3.0,2.0,3.0,4.0,4.0,2.0,4.0,1.0,5.0,4.0,4.0,2.0,5.0,4.0,3.0,2.0,4.0,2.0,5.0,2.0,2.0
GBS-15360,,0.0,1959,1,1.0,1.0,3.0,2.0,1.0,4.0,2,4.0,4.0,3.0,3.0,3.0,2.0,1.0,1.0,3.0,3.0,3.0,4.0,3.0,4.0,4.0,2.0,3.0,3.0,4.0,3.0,2.0,3.0,2.0,1.0,5.0,4.0,4.0,3.0,2.0
GBS-15396,,0.0,1956,1,1.0,1.0,2.0,5.0,1.0,0.0,2,2.0,3.0,1.0,2.0,3.0,3.0,1.0,1.0,3.0,1.0,3.0,2.0,1.0,3.0,3.0,4.0,3.0,4.0,3.0,2.0,4.0,2.0,4.0,2.0,3.0,1.0,4.0,4.0,2.0
GBS-15399,,1.0,1978,1,1.0,2.0,3.0,1.0,1.0,0.0,2,1.0,3.0,3.0,2.0,3.0,3.0,1.0,1.0,3.0,3.0,3.0,3.0,3.0,4.0,4.0,4.0,4.0,2.0,4.0,1.0,3.0,4.0,5.0,4.0,5.0,3.0,4.0,4.0,2.0
GBS-15434,,0.0,1956,1,1.0,0.0,2.0,1.0,1.0,0.0,1,4.0,4.0,3.0,3.0,3.0,2.0,1.0,1.0,3.0,3.0,3.0,4.0,4.0,4.0,4.0,4.0,2.0,2.0,4.0,2.0,3.0,2.0,4.0,2.0,4.0,4.0,4.0,3.0,2.0
GBS-15526,POSITIV,0.0,1957,1,1.0,1.0,3.0,5.0,1.0,0.0,1,4.0,4.0,3.0,3.0,3.0,2.0,1.0,1.0,3.0,3.0,3.0,3.0,3.0,3.0,4.0,4.0,3.0,2.0,4.0,2.0,3.0,3.0,4.0,2.0,4.0,3.0,5.0,3.0,2.0
GBS-15615,NEGATIV,1.0,1946,1,1.0,2.0,3.0,2.0,1.0,0.0,1,2.0,2.0,4.0,3.0,3.0,2.0,1.0,1.0,4.0,3.0,3.0,4.0,4.0,4.0,4.0,3.0,4.0,1.0,4.0,2.0,4.0,2.0,5.0,2.0,4.0,4.0,4.0,2.0,2.0
GBS-15641,,1.0,1973,1,1.0,1.0,2.0,6.0,1.0,0.0,2,1.0,3.0,3.0,3.0,3.0,2.0,1.0,1.0,3.0,3.0,3.0,4.0,3.0,4.0,4.0,1.0,4.0,2.0,3.0,1.0,5.0,2.0,4.0,3.0,5.0,3.0,5.0,2.0,2.0
GBS-15827,POSITIV,1.0,1955,1,1.0,1.0,2.0,4.0,1.0,0.0,1,2.0,2.0,2.0,2.0,3.0,2.0,1.0,1.0,3.0,3.0,3.0,3.0,2.0,3.0,4.0,2.0,4.0,1.0,2.0,3.0,4.0,3.0,5.0,3.0,3.0,3.0,3.0,3.0,2.0
GBS-15924,POSITIV,0.0,1965,1,1.0,2.0,3.0,2.0,1.0,0.0,1,3.0,3.0,3.0,3.0,3.0,2.0,0.0,0.0,3.0,3.0,3.0,4.0,4.0,4.0,4.0,1.0,3.0,2.0,4.0,2.0,4.0,3.0,4.0,1.0,3.0,3.0,4.0,4.0,1.0
GBS-15994,NEGATIV,1.0,1974,1,1.0,1.0,2.0,6.0,1.0,0.0,3,1.0,4.0,3.0,1.0,4.0,1.0,1.0,1.0,4.0,2.0,4.0,3.0,3.0,2.0,4.0,2.0,4.0,5.0,1.0,1.0,4.0,1.0,5.0,4.0,4.0,2.0,5.0,2.0,5.0
GBS-16002,POSITIV,1.0,1996,1,1.0,2.0,2.0,8.0,1.0,5.0,1,0.0,0.0,4.0,3.0,3.0,2.0,1.0,1.0,3.0,3.0,3.0,4.0,4.0,4.0,4.0,1.0,4.0,2.0,4.0,1.0,5.0,1.0,5.0,1.0,3.0,4.0,4.0,3.0,2.0
GBS-16118,POSITIV,0.0,1952,1,1.0,1.0,3.0,1.0,1.0,0.0,1,1.0,2.0,4.0,3.0,3.0,2.0,1.0,1.0,3.0,3.0,3.0,4.0,4.0,4.0,4.0,2.0,4.0,2.0,3.0,1.0,4.0,4.0,4.0,2.0,4.0,4.0,5.0,3.0,1.0
GBS-16120,,0.0,1963,1,1.0,1.0,3.0,2.0,1.0,0.0,1,1.0,3.0,4.0,3.0,3.0,2.0,1.0,1.0,3.0,3.0,3.0,3.0,2.0,3.0,3.0,4.0,4.0,4.0,4.0,2.0,5.0,2.0,4.0,2.0,5.0,3.0,5.0,5.0,1.0
GBS-16153,,0.0,1968,1,1.0,1.0,2.0,6.0,1.0,0.0,1,1.0,1.0,2.0,3.0,2.0,2.0,1.0,1.0,3.0,3.0,2.0,4.0,4.0,4.0,4.0,4.0,3.0,3.0,5.0,4.0,4.0,1.0,5.0,1.0,3.0,4.0,5.0,4.0,1.0
GBS-16304,,1.0,1981,1,1.0,2.0,3.0,2.0,1.0,0.0,1,3.0,4.0,4.0,4.0,4.0,2.0,1.0,1.0,3.0,4.0,4.0,3.0,4.0,3.0,4.0,2.0,4.0,2.0,3.0,2.0,4.0,4.0,4.0,2.0,5.0,4.0,4.0,4.0,1.0
GBS-16462,,1.0,1957,1,1.0,1.0,2.0,6.0,1.0,3.0,2,3.0,4.0,3.0,3.0,3.0,2.0,1.0,1.0,3.0,3.0,3.0,4.0,4.0,4.0,4.0,2.0,4.0,2.0,4.0,2.0,4.0,4.0,4.0,2.0,4.0,4.0,5.0,3.0,4.0
GBS-16609,,0.0,1942,0,1.0,1.0,1.0,1.0,1.0,0.0,2,3.0,3.0,2.0,2.0,2.0,3.0,1.0,1.0,3.0,2.0,2.0,2.0,2.0,2.0,3.0,1.0,3.0,2.0,2.0,4.0,4.0,4.0,4.0,3.0,4.0,3.0,3.0,1.0,4.0
GBS-16614,POSITIV,0.0,1954,1,1.0,1.0,3.0,2.0,1.0,0.0,2,4.0,4.0,3.0,3.0,3.0,2.0,1.0,1.0,3.0,4.0,3.0,4.0,4.0,4.0,4.0,2.0,5.0,1.0,5.0,4.0,5.0,2.0,3.0,1.0,4.0,4.0,5.0,2.0,1.0
GBS-16623,NEGATIV,0.0,1963,1,1.0,2.0,3.0,2.0,1.0,0.0,3,4.0,4.0,3.0,3.0,4.0,1.0,1.0,1.0,4.0,3.0,4.0,3.0,4.0,4.0,4.0,2.0,4.0,1.0,2.0,3.0,4.0,3.0,5.0,2.0,4.0,3.0,4.0,4.0,2.0
GBS-16739,POSITIV,0.0,1951,1,1.0,1.0,3.0,2.0,1.0,0.0,1,4.0,4.0,4.0,3.0,3.0,2.0,1.0,1.0,3.0,3.0,3.0,4.0,4.0,4.0,4.0,2.0,2.0,1.0,4.0,2.0,4.0,2.0,5.0,2.0,4.0,4.0,5.0,4.0,1.0
GBS-16786,,0.0,1990,1,1.0,2.0,3.0,5.0,1.0,5.0,1,0.0,0.0,4.0,3.0,3.0,2.0,1.0,1.0,3.0,2.0,3.0,4.0,4.0,4.0,4.0,5.0,2.0,4.0,5.0,5.0,3.0,3.0,4.0,2.0,3.0,4.0,4.0,3.0,1.0
GBS-16831,,0.0,1968,1,1.0,2.0,3.0,2.0,1.0,2.0,1,4.0,4.0,3.0,3.0,3.0,2.0,1.0,1.0,3.0,3.0,3.0,3.0,3.0,3.0,4.0,4.0,4.0,2.0,2.0,2.0,2.0,2.0,4.0,1.0,4.0,3.0,3.0,1.0,2.0
GBS-16879,POSITIV,1.0,1985,1,1.0,2.0,3.0,2.0,2.0,0.0,2,1.0,3.0,2.0,2.0,2.0,3.0,1.0,1.0,3.0,2.0,2.0,2.0,2.0,3.0,4.0,2.0,2.0,4.0,4.0,4.0,4.0,4.0,4.0,4.0,4.0,3.0,2.0,2.0,2.0
GBS-16911,POSITIV,1.0,1959,1,1.0,1.0,3.0,2.0,1.0,0.0,1,1.0,4.0,4.0,3.0,2.0,3.0,0.0,1.0,3.0,2.0,2.0,4.0,3.0,3.0,1.0,3.0,3.0,3.0,2.0,1.0,3.0,4.0,4.0,4.0,4.0,3.0,5.0,3.0,2.0
GBS-16915,POSITIV,1.0,1961,1,1.0,1.0,3.0,5.0,1.0,0.0,3,2.0,4.0,2.0,3.0,2.0,3.0,1.0,1.0,3.0,2.0,2.0,2.0,2.0,2.0,3.0,3.0,4.0,2.0,2.0,1.0,2.0,2.0,4.0,4.0,4.0,2.0,3.0,1.0,2.0
GBS-16983,,0.0,1978,1,1.0,2.0,3.0,2.0,1.0,4.0,1,4.0,4.0,3.0,4.0,3.0,2.0,1.0,1.0,3.0,4.0,3.0,3.0,4.0,4.0,4.0,2.0,4.0,3.0,2.0,4.0,3.0,2.0,4.0,2.0,3.0,3.0,5.0,1.0,2.0
GBS-17012,NEGATIV,1.0,1986,1,1.0,1.0,3.0,2.0,1.0,3.0,2,3.0,4.0,4.0,3.0,3.0,2.0,1.0,1.0,4.0,3.0,3.0,4.0,3.0,3.0,4.0,1.0,4.0,4.0,4.0,2.0,5.0,2.0,4.0,1.0,4.0,3.0,5.0,3.0,3.0
GBS-17060,,1.0,1960,1,1.0,0.0,2.0,3.0,1.0,0.0,2,1.0,2.0,2.0,3.0,3.0,2.0,1.0,1.0,3.0,2.0,3.0,3.0,2.0,3.0,4.0,4.0,5.0,1.0,4.0,1.0,5.0,4.0,5.0,2.0,4.0,2.0,4.0,4.0,5.0
GBS-17080,,0.0,1953,1,1.0,1.0,3.0,2.0,1.0,0.0,2,2.0,2.0,3.0,3.0,3.0,2.0,1.0,1.0,3.0,2.0,3.0,4.0,4.0,4.0,4.0,2.0,5.0,4.0,2.0,5.0,4.0,4.0,4.0,3.0,3.0,4.0,4.0,2.0,3.0
GBS-17251,NEGATIV,1.0,1973,1,1.0,1.0,3.0,2.0,1.0,0.0,1,2.0,4.0,3.0,3.0,4.0,2.0,1.0,1.0,4.0,3.0,4.0,4.0,4.0,4.0,4.0,1.0,5.0,3.0,4.0,2.0,5.0,4.0,3.0,1.0,5.0,4.0,5.0,4.0,2.0
GBS-17260,NEGATIV,0.0,1965,1,1.0,1.0,3.0,2.0,1.0,0.0,1,3.0,4.0,4.0,3.0,3.0,2.0,1.0,1.0,5.0,3.0,3.0,4.0,4.0,4.0,4.0,1.0,4.0,1.0,4.0,1.0,4.0,2.0,5.0,1.0,5.0,3.0,4.0,3.0,1.0
GBS-17363,,1.0,1975,1,1.0,1.0,3.0,2.0,1.0,0.0,4,0.0,4.0,2.0,3.0,3.0,2.0,1.0,1.0,3.0,3.0,3.0,4.0,4.0,4.0,4.0,3.0,4.0,5.0,4.0,3.0,3.0,2.0,4.0,2.0,5.0,3.0,4.0,2.0,2.0
GBS-17401,,0.0,1995,1,1.0,2.0,3.0,8.0,1.0,5.0,1,0.0,4.0,4.0,3.0,3.0,2.0,1.0,1.0,3.0,3.0,3.0,4.0,4.0,4.0,4.0,2.0,2.0,1.0,4.0,3.0,2.0,4.0,4.0,2.0,3.0,4.0,4.0,4.0,2.0
GBS-17417,,0.0,1975,0,1.0,2.0,3.0,5.0,1.0,4.0,1,0.0,1.0,3.0,3.0,3.0,2.0,0.0,1.0,3.0,4.0,3.0,4.0,4.0,4.0,4.0,4.0,4.0,2.0,5.0,1.0,4.0,1.0,4.0,1.0,5.0,4.0,5.0,3.0,1.0
GBS-17490,,0.0,1982,1,1.0,2.0,2.0,1.0,1.0,0.0,1,2.0,2.0,3.0,2.0,3.0,2.0,1.0,1.0,3.0,3.0,3.0,3.0,4.0,4.0,4.0,2.0,4.0,4.0,3.0,2.0,4.0,4.0,4.0,2.0,4.0,3.0,3.0,1.0,4.0
GBS-17656,NEGATIV,0.0,1992,1,1.0,2.0,3.0,5.0,1.0,0.0,1,1.0,1.0,3.0,3.0,2.0,3.0,1.0,1.0,5.0,2.0,2.0,3.0,4.0,4.0,4.0,3.0,4.0,5.0,5.0,2.0,3.0,5.0,4.0,1.0,4.0,2.0,5.0,1.0,2.0
GBS-17746,NEGATIV,0.0,1985,1,1.0,2.0,3.0,2.0,1.0,0.0,1,2.0,3.0,3.0,3.0,3.0,2.0,1.0,1.0,3.0,4.0,3.0,4.0,3.0,4.0,4.0,4.0,4.0,2.0,5.0,2.0,4.0,4.0,5.0,2.0,4.0,3.0,4.0,2.0,1.0
GBS-17754,POSITIV,1.0,1977,1,1.0,1.0,3.0,4.0,1.0,0.0,3,2.0,4.0,4.0,3.0,3.0,2.0,1.0,1.0,3.0,3.0,3.0,3.0,4.0,4.0,4.0,2.0,4.0,1.0,3.0,4.0,5.0,3.0,4.0,2.0,4.0,3.0,5.0,1.0,3.0
GBS-17816,NEGATIV,0.0,1959,1,1.0,2.0,1.0,1.0,1.0,0.0,1,1.0,1.0,3.0,3.0,3.0,2.0,1.0,1.0,4.0,2.0,3.0,4.0,3.0,3.0,4.0,4.0,3.0,1.0,2.0,3.0,1.0,3.0,4.0,5.0,2.0,4.0,3.0,3.0,4.0
GBS-18016,POSITIV,1.0,1945,1,1.0,2.0,3.0,2.0,1.0,3.0,1,2.0,2.0,4.0,3.0,3.0,2.0,1.0,1.0,3.0,3.0,3.0,4.0,4.0,4.0,4.0,2.0,3.0,3.0,4.0,3.0,4.0,2.0,4.0,1.0,2.0,4.0,4.0,3.0,1.0
GBS-18120,,1.0,1951,1,1.0,1.0,2.0,6.0,1.0,0.0,2,0.0,2.0,4.0,3.0,4.0,2.0,1.0,1.0,3.0,3.0,4.0,4.0,4.0,4.0,4.0,2.0,4.0,3.0,2.0,2.0,4.0,4.0,4.0,3.0,3.0,4.0,4.0,3.0,2.0
GBS-18184,NEGATIV,0.0,1955,1,1.0,1.0,3.0,2.0,1.0,0.0,2,2.0,3.0,4.0,3.0,3.0,2.0,1.0,1.0,2.0,2.0,3.0,3.0,4.0,4.0,4.0,4.0,4.0,2.0,2.0,2.0,2.0,4.0,3.0,4.0,4.0,4.0,3.0,2.0,2.0
GBS-18252,NEGATIV,0.0,1968,0,1.0,1.0,3.0,5.0,1.0,0.0,1,4.0,4.0,3.0,3.0,3.0,2.0,0.0,1.0,4.0,4.0,3.0,4.0,4.0,4.0,4.0,4.0,5.0,2.0,2.0,4.0,4.0,4.0,4.0,2.0,4.0,4.0,5.0,4.0,2.0
GBS-18261,POSITIV,1.0,1982,1,1.0,1.0,2.0,1.0,1.0,0.0,1,1.0,4.0,2.0,2.0,3.0,2.0,1.0,1.0,3.0,3.0,3.0,2.0,2.0,2.0,4.0,2.0,5.0,1.0,2.0,2.0,4.0,1.0,4.0,4.0,4.0,2.0,3.0,2.0,2.0
GBS-18343,,0.0,1988,1,1.0,1.0,3.0,5.0,1.0,0.0,1,3.0,4.0,2.0,2.0,1.0,3.0,1.0,1.0,3.0,2.0,1.0,2.0,4.0,2.0,3.0,5.0,2.0,5.0,4.0,2.0,2.0,5.0,4.0,2.0,3.0,2.0,4.0,2.0,2.0
GBS-18369,,1.0,1955,0,1.0,1.0,3.0,6.0,1.0,0.0,1,2.0,2.0,3.0,3.0,3.0,2.0,1.0,1.0,3.0,2.0,3.0,3.0,4.0,3.0,3.0,4.0,4.0,3.0,3.0,4.0,1.0,2.0,4.0,1.0,1.0,3.0,1.0,1.0,4.0
GBS-18528,,1.0,1995,1,1.0,2.0,2.0,8.0,2.0,5.0,1,0.0,1.0,4.0,3.0,3.0,2.0,1.0,1.0,3.0,3.0,3.0,3.0,4.0,3.0,4.0,1.0,4.0,5.0,2.0,2.0,5.0,4.0,3.0,4.0,5.0,3.0,4.0,2.0,2.0
GBS-18583,,1.0,1958,1,1.0,1.0,2.0,6.0,1.0,0.0,1,1.0,4.0,3.0,3.0,3.0,2.0,1.0,1.0,3.0,3.0,3.0,4.0,4.0,4.0,4.0,3.0,2.0,1.0,4.0,1.0,4.0,2.0,5.0,2.0,1.0,4.0,5.0,3.0,2.0
GBS-18632,POSITIV,1.0,1952,1,1.0,1.0,3.0,2.0,1.0,3.0,2,4.0,4.0,2.0,3.0,3.0,2.0,1.0,1.0,3.0,3.0,3.0,4.0,3.0,4.0,4.0,4.0,4.0,2.0,4.0,2.0,3.0,2.0,4.0,2.0,4.0,4.0,4.0,3.0,2.0
GBS-18660,NEGATIV,0.0,1989,1,1.0,1.0,3.0,8.0,1.0,0.0,2,0.0,2.0,4.0,3.0,3.0,2.0,1.0,1.0,3.0,3.0,3.0,4.0,4.0,4.0,4.0,5.0,2.0,4.0,4.0,4.0,1.0,3.0,4.0,2.0,2.0,4.0,4.0,1.0,1.0
GBS-18663,,0.0,1964,1,1.0,1.0,3.0,2.0,1.0,0.0,1,2.0,3.0,2.0,3.0,3.0,3.0,1.0,1.0,3.0,2.0,3.0,3.0,4.0,4.0,4.0,3.0,1.0,1.0,3.0,4.0,2.0,4.0,5.0,1.0,2.0,3.0,5.0,4.0,1.0
GBS-18755,NEGATIV,1.0,1956,1,1.0,1.0,3.0,2.0,1.0,0.0,1,2.0,3.0,3.0,3.0,3.0,2.0,1.0,1.0,3.0,3.0,3.0,3.0,4.0,4.0,4.0,3.0,4.0,1.0,3.0,3.0,4.0,3.0,4.0,2.0,4.0,3.0,5.0,3.0,2.0
GBS-18777,POSITIV,1.0,1982,1,1.0,2.0,3.0,4.0,1.0,0.0,1,2.0,2.0,4.0,3.0,3.0,2.0,1.0,1.0,3.0,3.0,3.0,3.0,4.0,4.0,4.0,2.0,4.0,1.0,3.0,2.0,4.0,2.0,4.0,4.0,4.0,4.0,4.0,3.0,2.0
GBS-18817,NEGATIV,0.0,1981,1,1.0,1.0,3.0,1.0,1.0,0.0,1,1.0,4.0,4.0,3.0,3.0,2.0,1.0,1.0,5.0,3.0,3.0,4.0,4.0,4.0,4.0,4.0,3.0,2.0,4.0,3.0,2.0,2.0,5.0,3.0,4.0,4.0,4.0,3.0,2.0
GBS-18832,POSITIV,0.0,1959,1,1.0,1.0,3.0,1.0,1.0,0.0,2,4.0,4.0,2.0,3.0,3.0,2.0,1.0,1.0,3.0,3.0,3.0,3.0,2.0,3.0,3.0,3.0,4.0,1.0,3.0,4.0,4.0,2.0,5.0,3.0,3.0,3.0,4.0,2.0,3.0
GBS-18900,,1.0,1961,1,1.0,1.0,3.0,1.0,1.0,0.0,1,1.0,2.0,3.0,3.0,3.0,2.0,1.0,1.0,3.0,3.0,3.0,4.0,3.0,4.0,4.0,4.0,4.0,4.0,2.0,2.0,3.0,3.0,3.0,2.0,3.0,3.0,4.0,2.0,2.0
GBS-18926,POSITIV,0.0,1979,1,1.0,2.0,3.0,1.0,1.0,2.0,4,1.0,3.0,2.0,2.0,2.0,3.0,1.0,1.0,3.0,2.0,2.0,2.0,2.0,2.0,4.0,3.0,3.0,4.0,3.0,3.0,4.0,4.0,4.0,2.0,5.0,2.0,2.0,2.0,2.0
GBS-18972,,0.0,1977,1,1.0,2.0,3.0,1.0,1.0,0.0,1,2.0,2.0,4.0,3.0,3.0,2.0,1.0,1.0,3.0,3.0,3.0,3.0,4.0,4.0,4.0,4.0,1.0,3.0,3.0,3.0,2.0,3.0,5.0,3.0,5.0,3.0,3.0,4.0,2.0
GBS-18976,,1.0,1967,1,1.0,1.0,2.0,9.0,1.0,0.0,2,2.0,4.0,2.0,3.0,2.0,3.0,1.0,1.0,3.0,2.0,2.0,3.0,2.0,3.0,3.0,4.0,3.0,2.0,3.0,3.0,2.0,2.0,4.0,4.0,4.0,2.0,3.0,4.0,3.0
GBS-18980,NEGATIV,1.0,1946,1,1.0,2.0,2.0,4.0,1.0,0.0,1,2.0,3.0,4.0,4.0,4.0,1.0,1.0,1.0,4.0,4.0,4.0,4.0,4.0,4.0,4.0,2.0,3.0,2.0,3.0,1.0,4.0,3.0,4.0,3.0,5.0,4.0,5.0,2.0,2.0
GBS-19195,POSITIV,0.0,1970,1,1.0,1.0,3.0,4.0,1.0,0.0,2,2.0,3.0,3.0,3.0,3.0,2.0,1.0,1.0,3.0,3.0,3.0,4.0,3.0,4.0,4.0,2.0,4.0,1.0,4.0,3.0,3.0,3.0,5.0,2.0,5.0,2.0,5.0,3.0,1.0
GBS-19325,,1.0,1973,1,1.0,1.0,3.0,2.0,1.0,0.0,1,4.0,4.0,3.0,3.0,3.0,2.0,1.0,1.0,3.0,4.0,3.0,3.0,4.0,4.0,4.0,2.0,4.0,1.0,5.0,1.0,5.0,2.0,5.0,1.0,5.0,3.0,5.0,2.0,2.0
GBS-19335,,0.0,1988,1,1.0,2.0,3.0,2.0,1.0,0.0,2,2.0,4.0,2.0,3.0,3.0,2.0,1.0,1.0,3.0,4.0,3.0,4.0,4.0,3.0,4.0,5.0,4.0,4.0,4.0,1.0,3.0,2.0,3.0,2.0,5.0,4.0,5.0,1.0,3.0
GBS-19400,POSITIV,1.0,1949,1,1.0,1.0,1.0,1.0,1.0,0.0,1,0.0,1.0,3.0,3.0,3.0,2.0,1.0,1.0,3.0,3.0,3.0,3.0,4.0,3.0,4.0,3.0,3.0,3.0,2.0,4.0,3.0,2.0,4.0,4.0,3.0,4.0,5.0,3.0,4.0
GBS-19512,,1.0,1972,1,1.0,0.0,2.0,1.0,1.0,0.0,3,1.0,2.0,2.0,3.0,3.0,3.0,1.0,1.0,3.0,2.0,3.0,3.0,2.0,3.0,3.0,3.0,4.0,2.0,2.0,2.0,3.0,3.0,4.0,4.0,5.0,1.0,4.0,3.0,3.0
GBS-19515,,0.0,1953,1,1.0,0.0,3.0,2.0,1.0,0.0,2,3.0,4.0,4.0,4.0,4.0,2.0,1.0,1.0,3.0,4.0,4.0,4.0,4.0,4.0,4.0,4.0,4.0,4.0,3.0,2.0,2.0,3.0,2.0,2.0,4.0,4.0,5.0,1.0,2.0
GBS-19598,NEGATIV,0.0,1965,1,1.0,1.0,3.0,2.0,1.0,3.0,2,4.0,4.0,4.0,3.0,3.0,2.0,1.0,1.0,4.0,3.0,3.0,3.0,4.0,4.0,4.0,2.0,4.0,2.0,4.0,4.0,4.0,3.0,4.0,2.0,2.0,4.0,4.0,2.0,2.0
GBS-19636,NEGATIV,0.0,1959,1,1.0,2.0,3.0,5.0,1.0,0.0,1,3.0,3.0,3.0,3.0,3.0,2.0,1.0,1.0,2.0,3.0,3.0,4.0,2.0,4.0,4.0,4.0,4.0,3.0,4.0,2.0,3.0,3.0,4.0,1.0,2.0,3.0,4.0,2.0,2.0
GBS-19680,,0.0,1956,1,1.0,1.0,2.0,1.0,1.0,3.0,2,2.0,3.0,3.0,2.0,2.0,3.0,1.0,1.0,3.0,3.0,2.0,2.0,3.0,2.0,4.0,4.0,4.0,4.0,2.0,4.0,2.0,4.0,4.0,3.0,4.0,2.0,4.0,3.0,4.0
GBS-19687,,1.0,1970,1,1.0,2.0,1.0,6.0,1.0,0.0,1,1.0,3.0,1.0,2.0,2.0,3.0,1.0,1.0,3.0,3.0,2.0,3.0,1.0,2.0,3.0,1.0,4.0,1.0,1.0,1.0,1.0,3.0,4.0,3.0,5.0,3.0,4.0,1.0,5.0
GBS-19797,POSITIV,1.0,1975,1,1.0,1.0,3.0,2.0,1.0,0.0,3,2.0,4.0,2.0,3.0,3.0,1.0,1.0,1.0,3.0,3.0,3.0,4.0,3.0,2.0,4.0,3.0,4.0,2.0,3.0,2.0,4.0,3.0,4.0,2.0,4.0,3.0,4.0,3.0,2.0
GBS-19800,NEGATIV,0.0,1963,1,1.0,1.0,3.0,2.0,1.0,0.0,1,2.0,4.0,3.0,3.0,3.0,2.0,1.0,1.0,4.0,4.0,3.0,4.0,4.0,4.0,4.0,4.0,3.0,2.0,4.0,2.0,3.0,3.0,4.0,3.0,4.0,3.0,5.0,2.0,2.0
GBS-20053,,0.0,1946,1,1.0,1.0,3.0,2.0,2.0,0.0,2,1.0,3.0,3.0,3.0,3.0,2.0,1.0,1.0,3.0,3.0,3.0,3.0,4.0,3.0,4.0,4.0,5.0,2.0,2.0,4.0,2.0,3.0,4.0,2.0,3.0,4.0,5.0,2.0,2.0
GBS-20127,,1.0,1974,1,1.0,1.0,3.0,2.0,1.0,0.0,4,1.0,4.0,4.0,2.0,3.0,2.0,1.0,1.0,3.0,3.0,3.0,3.0,4.0,3.0,4.0,4.0,3.0,2.0,2.0,4.0,2.0,2.0,4.0,5.0,4.0,3.0,3.0,3.0,1.0
GBS-20208,POSITIV,0.0,1954,1,1.0,1.0,3.0,2.0,1.0,0.0,2,4.0,4.0,4.0,3.0,2.0,3.0,1.0,1.0,3.0,3.0,2.0,4.0,4.0,4.0,4.0,3.0,3.0,1.0,4.0,5.0,4.0,3.0,5.0,1.0,2.0,4.0,5.0,2.0,2.0
GBS-20218,NEGATIV,1.0,1956,1,1.0,1.0,2.0,1.0,1.0,0.0,2,1.0,2.0,3.0,3.0,3.0,2.0,1.0,1.0,2.0,3.0,3.0,4.0,3.0,4.0,4.0,1.0,5.0,4.0,4.0,2.0,4.0,1.0,4.0,1.0,2.0,3.0,4.0,4.0,1.0
GBS-20348,NEGATIV,1.0,1953,1,1.0,2.0,3.0,5.0,1.0,0.0,1,2.0,2.0,3.0,2.0,2.0,3.0,1.0,1.0,3.0,2.0,2.0,4.0,4.0,4.0,4.0,2.0,4.0,1.0,4.0,1.0,4.0,5.0,5.0,2.0,4.0,3.0,4.0,1.0,2.0
GBS-20381,POSITIV,1.0,1955,1,1.0,1.0,3.0,2.0,1.0,3.0,2,2.0,3.0,3.0,2.0,2.0,2.0,1.0,1.0,3.0,3.0,2.0,4.0,4.0,4.0,4.0,1.0,3.0,2.0,3.0,1.0,5.0,5.0,3.0,2.0,5.0,4.0,3.0,3.0,3.0
GBS-20384,,1.0,1974,1,1.0,1.0,2.0,2.0,1.0,0.0,3,2.0,3.0,3.0,3.0,3.0,2.0,1.0,1.0,3.0,3.0,3.0,4.0,4.0,4.0,4.0,1.0,4.0,2.0,2.0,1.0,5.0,2.0,4.0,2.0,5.0,3.0,4.0,3.0,2.0
GBS-20507,,1.0,1955,1,1.0,1.0,3.0,2.0,1.0,0.0,2,4.0,4.0,2.0,3.0,3.0,3.0,1.0,1.0,3.0,3.0,3.0,3.0,2.0,3.0,4.0,5.0,5.0,2.0,4.0,5.0,2.0,3.0,5.0,2.0,3.0,3.0,5.0,2.0,1.0
GBS-20511,NEGATIV,0.0,1963,1,1.0,1.0,3.0,2.0,1.0,0.0,1,4.0,4.0,3.0,3.0,3.0,2.0,0.0,1.0,4.0,3.0,3.0,4.0,4.0,4.0,4.0,4.0,5.0,2.0,5.0,3.0,2.0,2.0,5.0,1.0,5.0,4.0,4.0,4.0,2.0
GBS-20583,NEGATIV,1.0,1956,1,1.0,2.0,3.0,2.0,1.0,0.0,1,3.0,4.0,3.0,3.0,4.0,2.0,1.0,1.0,4.0,3.0,4.0,4.0,4.0,3.0,4.0,4.0,4.0,3.0,2.0,2.0,2.0,4.0,4.0,2.0,4.0,3.0,4.0,2.0,2.0
GBS-20595,POSITIV,0.0,1968,1,1.0,1.0,1.0,1.0,1.0,1.0,1,1.0,1.0,3.0,3.0,3.0,2.0,1.0,1.0,3.0,3.0,3.0,3.0,4.0,4.0,3.0,5.0,2.0,4.0,2.0,3.0,2.0,4.0,4.0,4.0,2.0,3.0,2.0,4.0,3.0
GBS-20678,POSITIV,1.0,1954,1,1.0,1.0,3.0,5.0,1.0,3.0,1,3.0,4.0,3.0,3.0,3.0,2.0,1.0,1.0,3.0,3.0,3.0,4.0,4.0,4.0,4.0,4.0,3.0,1.0,2.0,1.0,4.0,4.0,4.0,3.0,4.0,3.0,5.0,3.0,2.0
GBS-20689,POSITIV,0.0,1969,1,1.0,1.0,3.0,5.0,1.0,4.0,1,4.0,4.0,2.0,3.0,3.0,2.0,1.0,1.0,3.0,3.0,3.0,3.0,2.0,2.0,4.0,2.0,2.0,1.0,4.0,3.0,4.0,2.0,5.0,2.0,4.0,2.0,4.0,3.0,2.0
GBS-20693,,1.0,1991,1,1.0,2.0,3.0,8.0,2.0,0.0,4,2.0,3.0,4.0,3.0,2.0,3.0,1.0,1.0,3.0,2.0,2.0,4.0,4.0,3.0,4.0,4.0,4.0,4.0,2.0,4.0,2.0,5.0,5.0,5.0,5.0,3.0,4.0,2.0,2.0
GBS-20709,,1.0,1958,1,1.0,1.0,1.0,1.0,1.0,0.0,1,1.0,1.0,3.0,3.0,3.0,2.0,1.0,1.0,3.0,3.0,3.0,4.0,4.0,4.0,4.0,4.0,4.0,3.0,4.0,2.0,4.0,4.0,4.0,4.0,2.0,4.0,5.0,4.0,2.0
GBS-20714,POSITIV,1.0,1994,1,1.0,2.0,3.0,8.0,2.0,0.0,1,0.0,0.0,4.0,4.0,3.0,2.0,1.0,1.0,3.0,3.0,3.0,4.0,4.0,4.0,4.0,2.0,3.0,2.0,4.0,2.0,3.0,2.0,4.0,2.0,4.0,4.0,4.0,2.0,1.0
GBS-20762,,1.0,1991,1,1.0,2.0,3.0,5.0,2.0,0.0,1,0.0,0.0,4.0,3.0,3.0,2.0,1.0,1.0,3.0,3.0,3.0,3.0,4.0,3.0,4.0,3.0,4.0,2.0,2.0,4.0,4.0,4.0,4.0,3.0,4.0,3.0,4.0,2.0,3.0
GBS-20851,,0.0,1962,1,1.0,1.0,3.0,5.0,1.0,0.0,1,3.0,4.0,3.0,3.0,3.0,2.0,1.0,1.0,3.0,3.0,3.0,4.0,4.0,4.0,4.0,4.0,2.0,4.0,4.0,1.0,2.0,2.0,5.0,2.0,1.0,4.0,5.0,2.0,1.0
GBS-20952,,1.0,1955,1,1.0,1.0,3.0,2.0,1.0,0.0,3,1.0,3.0,3.0,2.0,3.0,2.0,1.0,1.0,3.0,2.0,3.0,2.0,4.0,2.0,3.0,3.0,2.0,5.0,2.0,4.0,4.0,4.0,5.0,5.0,4.0,2.0,1.0,4.0,4.0
GBS-20957,,0.0,1942,0,1.0,1.0,2.0,6.0,1.0,0.0,1,0.0,2.0,4.0,3.0,3.0,2.0,1.0,1.0,3.0,3.0,3.0,3.0,3.0,3.0,4.0,4.0,4.0,2.0,4.0,1.0,4.0,2.0,4.0,2.0,4.0,3.0,3.0,4.0,2.0
GBS-20967,POSITIV,0.0,1990,1,1.0,2.0,3.0,5.0,3.0,0.0,1,0.0,0.0,2.0,1.0,1.0,4.0,1.0,1.0,3.0,1.0,1.0,3.0,2.0,3.0,3.0,5.0,2.0,5.0,4.0,3.0,1.0,1.0,5.0,3.0,4.0,3.0,3.0,1.0,5.0
GBS-21180,NEGATIV,0.0,1949,1,1.0,1.0,3.0,2.0,1.0,0.0,2,2.0,3.0,3.0,3.0,3.0,2.0,1.0,1.0,5.0,3.0,3.0,4.0,3.0,3.0,4.0,5.0,4.0,3.0,3.0,2.0,2.0,3.0,4.0,4.0,4.0,4.0,4.0,4.0,4.0
GBS-21216,,0.0,1955,1,1.0,1.0,2.0,4.0,1.0,0.0,2,1.0,2.0,4.0,1.0,3.0,2.0,1.0,1.0,3.0,3.0,3.0,3.0,3.0,3.0,4.0,1.0,1.0,2.0,1.0,5.0,5.0,4.0,5.0,5.0,4.0,4.0,4.0,2.0,4.0
GBS-21254,POSITIV,0.0,1952,1,1.0,1.0,3.0,5.0,1.0,0.0,2,1.0,4.0,4.0,3.0,3.0,2.0,1.0,1.0,3.0,3.0,3.0,3.0,4.0,3.0,4.0,4.0,4.0,2.0,4.0,5.0,2.0,2.0,5.0,1.0,4.0,4.0,5.0,4.0,2.0
GBS-21327,,1.0,1963,1,1.0,1.0,2.0,6.0,1.0,0.0,2,2.0,2.0,2.0,3.0,3.0,3.0,1.0,1.0,3.0,2.0,3.0,3.0,2.0,2.0,2.0,2.0,4.0,4.0,2.0,2.0,5.0,4.0,4.0,4.0,4.0,2.0,2.0,2.0,5.0
GBS-21356,,1.0,1975,0,0.0,1.0,3.0,5.0,1.0,0.0,3,2.0,3.0,1.0,2.0,4.0,2.0,1.0,1.0,3.0,2.0,4.0,2.0,1.0,2.0,4.0,2.0,4.0,2.0,2.0,4.0,4.0,2.0,2.0,2.0,2.0,1.0,3.0,4.0,1.0
GBS-21439,,1.0,1982,1,1.0,2.0,3.0,5.0,1.0,4.0,3,2.0,4.0,2.0,3.0,2.0,2.0,1.0,1.0,3.0,3.0,2.0,3.0,2.0,2.0,3.0,5.0,3.0,3.0,2.0,5.0,4.0,2.0,4.0,3.0,2.0,3.0,4.0,2.0,3.0
GBS-21466,NEGATIV,0.0,1948,1,1.0,1.0,1.0,4.0,1.0,0.0,2,1.0,2.0,2.0,3.0,3.0,2.0,1.0,1.0,2.0,3.0,3.0,3.0,3.0,3.0,4.0,4.0,4.0,2.0,4.0,4.0,4.0,2.0,4.0,2.0,4.0,3.0,4.0,2.0,2.0
GBS-21479,NEGATIV,1.0,1994,1,1.0,2.0,2.0,8.0,1.0,8.0,1,0.0,2.0,2.0,2.0,3.0,3.0,1.0,1.0,3.0,2.0,3.0,2.0,2.0,2.0,2.0,2.0,4.0,2.0,2.0,2.0,5.0,4.0,4.0,4.0,4.0,2.0,3.0,3.0,3.0
GBS-21487,,0.0,1953,1,1.0,1.0,2.0,4.0,1.0,0.0,1,2.0,3.0,2.0,2.0,3.0,2.0,1.0,1.0,3.0,3.0,3.0,4.0,3.0,4.0,4.0,4.0,4.0,2.0,3.0,4.0,4.0,2.0,5.0,2.0,4.0,4.0,3.0,4.0,1.0
GBS-21494,NEGATIV,0.0,1990,1,1.0,2.0,3.0,2.0,1.0,4.0,2,0.0,3.0,4.0,3.0,3.0,2.0,1.0,1.0,4.0,3.0,3.0,4.0,2.0,3.0,4.0,2.0,3.0,4.0,4.0,5.0,5.0,4.0,4.0,4.0,4.0,4.0,4.0,2.0,2.0
GBS-21560,,0.0,1990,1,1.0,1.0,3.0,5.0,2.0,0.0,2,2.0,2.0,4.0,3.0,3.0,2.0,1.0,1.0,3.0,2.0,3.0,3.0,3.0,4.0,4.0,2.0,5.0,1.0,3.0,1.0,4.0,3.0,5.0,1.0,4.0,3.0,5.0,3.0,1.0
GBS-21581,,1.0,1985,1,1.0,2.0,3.0,2.0,1.0,0.0,1,2.0,4.0,3.0,3.0,3.0,1.0,1.0,1.0,3.0,3.0,3.0,4.0,4.0,4.0,4.0,1.0,4.0,2.0,3.0,2.0,5.0,4.0,5.0,2.0,4.0,3.0,5.0,2.0,1.0
GBS-21622,NEGATIV,1.0,1981,1,1.0,1.0,3.0,2.0,1.0,0.0,1,3.0,4.0,4.0,3.0,3.0,2.0,1.0,1.0,4.0,3.0,3.0,3.0,4.0,4.0,4.0,5.0,3.0,3.0,4.0,2.0,2.0,4.0,5.0,3.0,5.0,4.0,5.0,4.0,1.0
GBS-21639,POSITIV,0.0,1988,1,1.0,2.0,3.0,2.0,2.0,0.0,2,1.0,2.0,3.0,2.0,2.0,3.0,1.0,1.0,3.0,2.0,2.0,3.0,2.0,3.0,4.0,3.0,4.0,4.0,4.0,2.0,5.0,3.0,4.0,2.0,4.0,2.0,4.0,2.0,1.0
GBS-21685,,0.0,1965,1,1.0,1.0,3.0,2.0,1.0,3.0,1,4.0,4.0,2.0,3.0,2.0,3.0,1.0,1.0,3.0,1.0,2.0,3.0,2.0,3.0,3.0,2.0,4.0,2.0,2.0,1.0,4.0,2.0,4.0,2.0,5.0,2.0,4.0,3.0,2.0
GBS-21703,POSITIV,0.0,1975,0,0.0,2.0,2.0,1.0,1.0,0.0,1,2.0,3.0,4.0,3.0,3.0,2.0,1.0,1.0,3.0,3.0,3.0,4.0,4.0,4.0,4.0,3.0,3.0,3.0,2.0,1.0,3.0,2.0,4.0,3.0,5.0,4.0,3.0,3.0,2.0
GBS-21717,,1.0,1947,0,1.0,1.0,2.0,1.0,1.0,0.0,1,1.0,2.0,3.0,3.0,3.0,2.0,1.0,1.0,3.0,3.0,3.0,2.0,3.0,3.0,1.0,3.0,4.0,1.0,4.0,4.0,4.0,4.0,5.0,2.0,5.0,4.0,5.0,3.0,3.0
GBS-21761,POSITIV,0.0,1983,1,1.0,1.0,2.0,1.0,1.0,0.0,1,3.0,4.0,4.0,3.0,3.0,2.0,1.0,1.0,3.0,3.0,3.0,4.0,4.0,4.0,4.0,2.0,3.0,3.0,2.0,5.0,4.0,4.0,4.0,3.0,1.0,4.0,5.0,4.0,2.0
GBS-21832,POSITIV,1.0,1958,0,0.0,1.0,3.0,2.0,1.0,0.0,1,2.0,2.0,3.0,4.0,4.0,1.0,1.0,1.0,3.0,4.0,4.0,4.0,4.0,3.0,4.0,4.0,5.0,2.0,2.0,1.0,4.0,4.0,5.0,4.0,5.0,4.0,4.0,4.0,4.0
GBS-21867,NEGATIV,0.0,1954,1,1.0,2.0,3.0,5.0,1.0,0.0,1,2.0,2.0,4.0,2.0,1.0,4.0,1.0,1.0,2.0,1.0,1.0,4.0,3.0,3.0,3.0,5.0,4.0,4.0,4.0,2.0,1.0,2.0,5.0,3.0,4.0,3.0,2.0,1.0,4.0
GBS-21872,,0.0,1955,1,1.0,1.0,2.0,4.0,1.0,0.0,2,3.0,4.0,4.0,3.0,3.0,2.0,1.0,1.0,3.0,3.0,3.0,3.0,4.0,4.0,4.0,1.0,4.0,3.0,4.0,5.0,4.0,3.0,4.0,2.0,2.0,4.0,5.0,2.0,3.0
GBS-21876,,1.0,1979,1,1.0,1.0,3.0,2.0,1.0,3.0,1,1.0,4.0,3.0,3.0,4.0,2.0,1.0,1.0,3.0,4.0,4.0,3.0,3.0,4.0,4.0,5.0,4.0,4.0,2.0,2.0,3.0,2.0,4.0,4.0,3.0,3.0,5.0,4.0,2.0
GBS-22003,NEGATIV,0.0,1954,1,1.0,1.0,3.0,2.0,1.0,2.0,2,4.0,4.0,4.0,3.0,3.0,2.0,1.0,1.0,5.0,3.0,3.0,4.0,4.0,4.0,4.0,4.0,4.0,1.0,5.0,4.0,2.0,2.0,4.0,2.0,4.0,4.0,5.0,3.0,2.0
GBS-22013,,0.0,1972,0,1.0,1.0,1.0,5.0,1.0,0.0,2,2.0,4.0,3.0,3.0,3.0,2.0,1.0,1.0,3.0,4.0,3.0,3.0,2.0,3.0,4.0,1.0,5.0,1.0,4.0,2.0,4.0,3.0,5.0,1.0,4.0,2.0,4.0,1.0,1.0
GBS-22099,NEGATIV,1.0,1960,1,1.0,1.0,3.0,2.0,1.0,4.0,2,2.0,3.0,2.0,3.0,3.0,2.0,1.0,1.0,3.0,3.0,3.0,4.0,2.0,4.0,4.0,2.0,4.0,1.0,4.0,1.0,4.0,4.0,5.0,2.0,4.0,2.0,3.0,4.0,2.0
GBS-22116,,1.0,1988,1,1.0,2.0,3.0,4.0,1.0,0.0,1,2.0,3.0,3.0,3.0,3.0,2.0,1.0,1.0,3.0,3.0,3.0,3.0,4.0,3.0,4.0,3.0,2.0,2.0,2.0,5.0,4.0,3.0,4.0,4.0,1.0,4.0,2.0,3.0,2.0
GBS-22160,POSITIV,0.0,1955,1,1.0,1.0,3.0,5.0,1.0,3.0,2,3.0,4.0,4.0,1.0,3.0,3.0,1.0,1.0,3.0,3.0,3.0,4.0,4.0,4.0,4.0,2.0,5.0,2.0,4.0,1.0,4.0,2.0,4.0,2.0,5.0,4.0,5.0,4.0,1.0
GBS-22185,,1.0,1988,1,1.0,2.0,3.0,2.0,1.0,4.0,1,0.0,0.0,4.0,3.0,3.0,2.0,1.0,1.0,3.0,4.0,3.0,4.0,4.0,4.0,4.0,4.0,3.0,2.0,2.0,1.0,3.0,3.0,5.0,4.0,5.0,3.0,4.0,2.0,2.0
GBS-22274,,0.0,1947,1,1.0,1.0,1.0,1.0,1.0,3.0,2,2.0,3.0,3.0,3.0,3.0,2.0,1.0,0.0,3.0,3.0,3.0,4.0,4.0,4.0,4.0,1.0,4.0,1.0,4.0,4.0,5.0,2.0,4.0,1.0,4.0,4.0,5.0,3.0,1.0
GBS-22347,,0.0,1982,1,1.0,2.0,3.0,5.0,1.0,0.0,1,2.0,2.0,4.0,3.0,3.0,2.0,1.0,1.0,3.0,3.0,3.0,3.0,4.0,4.0,4.0,4.0,4.0,5.0,3.0,1.0,4.0,3.0,4.0,3.0,4.0,2.0,4.0,3.0,3.0
GBS-22383,,1.0,1981,0,1.0,2.0,3.0,2.0,1.0,0.0,1,1.0,1.0,3.0,3.0,3.0,2.0,0.0,1.0,3.0,3.0,3.0,4.0,2.0,4.0,4.0,2.0,4.0,2.0,4.0,1.0,4.0,4.0,4.0,5.0,3.0,3.0,5.0,4.0,1.0
GBS-22395,NEGATIV,1.0,1962,1,1.0,1.0,3.0,5.0,1.0,3.0,2,2.0,4.0,3.0,4.0,3.0,2.0,1.0,1.0,4.0,3.0,3.0,4.0,3.0,4.0,4.0,5.0,5.0,5.0,2.0,4.0,2.0,3.0,4.0,2.0,4.0,4.0,4.0,2.0,1.0
GBS-22476,,0.0,1967,1,1.0,2.0,3.0,1.0,1.0,0.0,1,0.0,0.0,4.0,3.0,3.0,2.0,1.0,1.0,3.0,3.0,3.0,4.0,3.0,4.0,4.0,4.0,3.0,3.0,4.0,3.0,4.0,4.0,4.0,3.0,4.0,4.0,4.0,4.0,2.0
GBS-22528,POSITIV,1.0,1981,1,1.0,2.0,2.0,6.0,1.0,0.0,3,1.0,3.0,2.0,3.0,3.0,2.0,1.0,1.0,3.0,3.0,3.0,3.0,3.0,3.0,2.0,3.0,4.0,2.0,3.0,1.0,4.0,2.0,4.0,2.0,5.0,4.0,3.0,1.0,2.0
GBS-22533,,1.0,1983,1,1.0,1.0,3.0,4.0,1.0,0.0,2,2.0,4.0,3.0,3.0,3.0,2.0,1.0,1.0,3.0,3.0,3.0,3.0,3.0,3.0,3.0,3.0,4.0,4.0,3.0,2.0,3.0,2.0,4.0,3.0,4.0,3.0,5.0,3.0,2.0
GBS-22537,,0.0,1967,1,1.0,1.0,3.0,2.0,1.0,0.0,1,4.0,4.0,2.0,2.0,3.0,2.0,1.0,1.0,3.0,3.0,3.0,3.0,3.0,4.0,4.0,5.0,4.0,1.0,4.0,1.0,1.0,2.0,4.0,1.0,4.0,3.0,4.0,4.0,2.0
GBS-22570,POSITIV,0.0,1997,0,1.0,2.0,3.0,3.0,1.0,3.0,3,1.0,4.0,4.0,3.0,3.0,2.0,1.0,1.0,3.0,3.0,3.0,3.0,4.0,4.0,4.0,4.0,4.0,3.0,4.0,1.0,3.0,3.0,4.0,4.0,4.0,4.0,4.0,4.0,1.0
GBS-22623,,1.0,1945,1,1.0,1.0,3.0,6.0,2.0,8.0,3,0.0,2.0,3.0,3.0,3.0,2.0,1.0,1.0,3.0,3.0,3.0,4.0,3.0,4.0,4.0,3.0,4.0,2.0,5.0,3.0,2.0,3.0,5.0,3.0,4.0,4.0,5.0,4.0,2.0
GBS-22673,,0.0,1966,1,1.0,1.0,3.0,2.0,1.0,0.0,1,4.0,4.0,2.0,3.0,3.0,3.0,1.0,1.0,3.0,2.0,3.0,3.0,4.0,2.0,4.0,2.0,4.0,4.0,4.0,1.0,4.0,3.0,4.0,2.0,4.0,3.0,4.0,2.0,2.0
GBS-22690,,0.0,1951,1,1.0,1.0,1.0,4.0,1.0,0.0,2,2.0,3.0,3.0,3.0,3.0,2.0,1.0,1.0,3.0,3.0,3.0,4.0,4.0,3.0,4.0,1.0,3.0,2.0,3.0,1.0,4.0,3.0,3.0,2.0,4.0,3.0,3.0,3.0,2.0
GBS-22743,POSITIV,1.0,1991,1,1.0,2.0,3.0,8.0,1.0,5.0,2,0.0,0.0,2.0,3.0,4.0,2.0,1.0,1.0,3.0,3.0,4.0,4.0,3.0,4.0,4.0,2.0,2.0,4.0,3.0,2.0,3.0,3.0,4.0,2.0,5.0,3.0,2.0,2.0,2.0
GBS-22753,NEGATIV,1.0,1954,1,1.0,2.0,2.0,4.0,1.0,0.0,1,2.0,2.0,3.0,3.0,3.0,2.0,1.0,1.0,4.0,3.0,3.0,3.0,4.0,4.0,4.0,3.0,4.0,1.0,4.0,2.0,4.0,4.0,4.0,2.0,3.0,4.0,3.0,3.0,2.0
GBS-23032,NEGATIV,1.0,1982,1,1.0,1.0,3.0,2.0,1.0,0.0,3,1.0,4.0,4.0,3.0,3.0,2.0,1.0,1.0,2.0,3.0,3.0,4.0,4.0,4.0,4.0,1.0,3.0,2.0,5.0,5.0,5.0,5.0,4.0,2.0,2.0,4.0,5.0,3.0,1.0
GBS-23106,POSITIV,1.0,1961,1,1.0,1.0,3.0,2.0,1.0,3.0,1,2.0,4.0,3.0,3.0,3.0,2.0,1.0,1.0,3.0,3.0,3.0,3.0,3.0,3.0,3.0,3.0,3.0,2.0,2.0,3.0,3.0,4.0,4.0,4.0,2.0,3.0,4.0,3.0,3.0
GBS-23120,NEGATIV,1.0,1988,1,1.0,1.0,2.0,1.0,1.0,0.0,1,1.0,2.0,2.0,2.0,4.0,2.0,1.0,1.0,2.0,3.0,4.0,2.0,2.0,3.0,4.0,2.0,2.0,3.0,2.0,3.0,4.0,4.0,5.0,2.0,3.0,2.0,3.0,3.0,2.0
GBS-23181,,1.0,1958,0,1.0,1.0,3.0,5.0,1.0,0.0,1,2.0,4.0,2.0,3.0,3.0,2.0,1.0,1.0,3.0,2.0,3.0,3.0,2.0,3.0,4.0,3.0,4.0,2.0,2.0,3.0,2.0,3.0,3.0,2.0,3.0,3.0,3.0,1.0,4.0
GBS-23224,NEGATIV,0.0,1980,1,0.0,2.0,2.0,1.0,1.0,5.0,2,1.0,1.0,2.0,2.0,3.0,2.0,0.0,1.0,4.0,3.0,3.0,2.0,2.0,2.0,2.0,4.0,4.0,2.0,3.0,4.0,2.0,2.0,2.0,2.0,4.0,2.0,2.0,3.0,4.0
GBS-23235,POSITIV,1.0,1985,1,1.0,1.0,3.0,2.0,4.0,2.0,1,1.0,4.0,4.0,2.0,2.0,2.0,1.0,1.0,3.0,2.0,2.0,3.0,3.0,3.0,4.0,2.0,4.0,1.0,3.0,1.0,4.0,3.0,4.0,2.0,5.0,3.0,5.0,2.0,3.0
GBS-23269,NEGATIV,1.0,1965,1,1.0,2.0,2.0,5.0,1.0,0.0,1,1.0,4.0,2.0,2.0,2.0,2.0,1.0,1.0,4.0,3.0,2.0,2.0,2.0,2.0,2.0,4.0,2.0,2.0,3.0,2.0,2.0,4.0,4.0,2.0,3.0,2.0,2.0,4.0,2.0
GBS-23355,,1.0,1980,1,1.0,2.0,2.0,1.0,1.0,0.0,1,2.0,3.0,4.0,3.0,3.0,3.0,1.0,1.0,3.0,3.0,3.0,3.0,2.0,3.0,2.0,2.0,4.0,1.0,4.0,2.0,4.0,3.0,4.0,2.0,4.0,3.0,5.0,4.0,2.0
GBS-23425,,1.0,1960,1,1.0,1.0,3.0,2.0,1.0,0.0,1,3.0,4.0,2.0,2.0,2.0,3.0,1.0,1.0,3.0,2.0,2.0,3.0,2.0,3.0,3.0,4.0,4.0,2.0,2.0,1.0,2.0,4.0,5.0,4.0,5.0,2.0,3.0,2.0,2.0
GBS-23441,POSITIV,0.0,1942,1,1.0,1.0,3.0,5.0,1.0,0.0,1,3.0,3.0,1.0,1.0,1.0,4.0,1.0,1.0,3.0,1.0,1.0,4.0,4.0,3.0,4.0,1.0,4.0,2.0,4.0,1.0,5.0,2.0,4.0,1.0,4.0,4.0,5.0,3.0,1.0
GBS-23467,NEGATIV,1.0,1973,1,1.0,1.0,2.0,1.0,1.0,0.0,1,1.0,3.0,3.0,1.0,3.0,4.0,1.0,1.0,3.0,1.0,3.0,1.0,3.0,1.0,2.0,4.0,4.0,2.0,2.0,4.0,2.0,2.0,5.0,2.0,2.0,1.0,3.0,3.0,4.0
GBS-23500,,0.0,1954,1,1.0,1.0,2.0,5.0,1.0,0.0,1,3.0,4.0,3.0,3.0,3.0,2.0,1.0,1.0,3.0,4.0,3.0,3.0,3.0,3.0,4.0,2.0,4.0,4.0,4.0,4.0,2.0,4.0,4.0,2.0,4.0,3.0,3.0,2.0,4.0
GBS-23524,,1.0,1960,1,1.0,1.0,3.0,1.0,1.0,0.0,2,2.0,4.0,2.0,3.0,3.0,2.0,1.0,1.0,3.0,2.0,3.0,4.0,2.0,4.0,4.0,1.0,3.0,3.0,5.0,3.0,5.0,4.0,4.0,2.0,4.0,3.0,1.0,4.0,2.0
GBS-23583,,0.0,1993,1,1.0,2.0,3.0,8.0,1.0,0.0,1,1.0,1.0,4.0,3.0,3.0,2.0,1.0,1.0,3.0,4.0,3.0,4.0,4.0,4.0,4.0,3.0,4.0,4.0,4.0,4.0,4.0,3.0,4.0,3.0,5.0,3.0,3.0,3.0,1.0
GBS-23637,,1.0,1985,1,1.0,1.0,2.0,4.0,1.0,0.0,2,1.0,3.0,4.0,3.0,2.0,3.0,1.0,1.0,3.0,3.0,2.0,4.0,4.0,3.0,4.0,4.0,2.0,4.0,5.0,4.0,4.0,3.0,5.0,5.0,1.0,4.0,4.0,2.0,3.0
GBS-23639,,1.0,1993,1,1.0,2.0,3.0,8.0,3.0,0.0,1,0.0,1.0,4.0,3.0,2.0,2.0,1.0,1.0,3.0,3.0,2.0,2.0,4.0,2.0,4.0,4.0,4.0,4.0,2.0,3.0,2.0,4.0,5.0,5.0,3.0,3.0,2.0,2.0,3.0
GBS-23776,NEGATIV,1.0,1992,1,1.0,2.0,3.0,5.0,1.0,0.0,2,1.0,2.0,3.0,3.0,4.0,2.0,1.0,1.0,5.0,4.0,4.0,4.0,4.0,4.0,4.0,1.0,4.0,4.0,4.0,4.0,4.0,3.0,4.0,2.0,4.0,3.0,5.0,2.0,1.0
GBS-23829,POSITIV,0.0,1994,1,1.0,2.0,3.0,1.0,2.0,5.0,3,0.0,3.0,4.0,1.0,3.0,2.0,1.0,1.0,3.0,2.0,3.0,2.0,4.0,4.0,4.0,4.0,2.0,1.0,4.0,2.0,3.0,2.0,5.0,2.0,5.0,2.0,4.0,1.0,2.0
GBS-23833,POSITIV,0.0,1992,1,1.0,1.0,3.0,4.0,1.0,0.0,1,1.0,0.0,4.0,4.0,4.0,2.0,0.0,1.0,3.0,3.0,4.0,4.0,4.0,4.0,4.0,4.0,4.0,3.0,4.0,2.0,5.0,3.0,5.0,2.0,4.0,4.0,5.0,2.0,1.0
GBS-23841,,0.0,1947,1,1.0,1.0,1.0,2.0,1.0,0.0,1,2.0,3.0,3.0,3.0,3.0,2.0,1.0,1.0,3.0,3.0,3.0,3.0,4.0,4.0,3.0,3.0,3.0,1.0,3.0,3.0,4.0,2.0,4.0,3.0,4.0,4.0,3.0,2.0,2.0
GBS-23851,NEGATIV,1.0,1975,1,1.0,2.0,3.0,2.0,1.0,0.0,2,3.0,4.0,2.0,3.0,3.0,2.0,1.0,1.0,5.0,3.0,3.0,3.0,2.0,3.0,4.0,2.0,4.0,3.0,4.0,4.0,4.0,2.0,4.0,2.0,3.0,3.0,4.0,1.0,2.0
GBS-23957,POSITIV,1.0,1989,1,1.0,1.0,2.0,1.0,1.0,0.0,1,1.0,4.0,4.0,3.0,3.0,2.0,1.0,1.0,3.0,3.0,3.0,4.0,4.0,4.0,4.0,2.0,5.0,3.0,4.0,3.0,4.0,2.0,1.0,1.0,2.0,4.0,4.0,2.0,1.0
GBS-23998,,0.0,1993,1,1.0,2.0,2.0,1.0,1.0,0.0,1,1.0,1.0,3.0,3.0,3.0,2.0,1.0,1.0,3.0,3.0,3.0,3.0,3.0,4.0,4.0,2.0,4.0,4.0,5.0,3.0,4.0,4.0,5.0,1.0,5.0,3.0,5.0,2.0,2.0
GBS-24057,,1.0,1987,1,1.0,0.0,3.0,2.0,1.0,4.0,1,3.0,4.0,2.0,3.0,2.0,3.0,1.0,1.0,3.0,2.0,2.0,3.0,2.0,4.0,3.0,4.0,4.0,2.0,2.0,1.0,3.0,2.0,4.0,4.0,4.0,3.0,3.0,2.0,3.0
GBS-24189,POSITIV,1.0,1957,1,1.0,2.0,2.0,1.0,1.0,0.0,1,1.0,1.0,3.0,3.0,3.0,2.0,1.0,1.0,3.0,3.0,3.0,4.0,3.0,4.0,4.0,2.0,4.0,2.0,2.0,4.0,4.0,4.0,5.0,2.0,4.0,4.0,5.0,4.0,3.0
GBS-24193,,1.0,1946,1,1.0,1.0,1.0,1.0,1.0,0.0,1,0.0,1.0,2.0,2.0,3.0,2.0,1.0,1.0,3.0,3.0,3.0,3.0,2.0,3.0,4.0,3.0,4.0,3.0,3.0,2.0,5.0,1.0,5.0,3.0,5.0,4.0,4.0,3.0,3.0
GBS-24239,NEGATIV,0.0,1971,1,1.0,1.0,3.0,2.0,1.0,0.0,3,3.0,4.0,4.0,3.0,2.0,2.0,1.0,1.0,4.0,3.0,2.0,4.0,4.0,4.0,4.0,4.0,2.0,3.0,4.0,1.0,1.0,3.0,5.0,3.0,5.0,4.0,4.0,2.0,1.0
GBS-24289,,0.0,1979,1,1.0,1.0,3.0,2.0,1.0,3.0,2,3.0,4.0,3.0,3.0,4.0,2.0,1.0,1.0,3.0,3.0,4.0,3.0,3.0,3.0,4.0,5.0,4.0,3.0,3.0,2.0,3.0,2.0,5.0,2.0,5.0,3.0,3.0,2.0,2.0
GBS-24301,NEGATIV,1.0,1958,1,1.0,1.0,3.0,5.0,1.0,0.0,1,2.0,4.0,3.0,3.0,3.0,2.0,1.0,1.0,5.0,3.0,3.0,4.0,4.0,4.0,4.0,3.0,4.0,2.0,3.0,2.0,4.0,3.0,4.0,4.0,4.0,4.0,4.0,4.0,3.0
GBS-24302,NEGATIV,1.0,1980,1,1.0,1.0,3.0,2.0,1.0,0.0,4,2.0,4.0,3.0,2.0,3.0,2.0,1.0,1.0,4.0,3.0,3.0,2.0,2.0,3.0,3.0,2.0,3.0,4.0,1.0,2.0,2.0,4.0,2.0,4.0,5.0,2.0,3.0,4.0,4.0
GBS-24312,NEGATIV,1.0,1993,1,1.0,2.0,3.0,8.0,2.0,0.0,2,0.0,0.0,3.0,3.0,3.0,2.0,1.0,1.0,2.0,3.0,3.0,3.0,3.0,3.0,4.0,5.0,4.0,5.0,2.0,4.0,2.0,3.0,4.0,3.0,3.0,4.0,4.0,3.0,4.0
GBS-24336,POSITIV,0.0,1960,1,1.0,2.0,3.0,2.0,1.0,0.0,1,4.0,4.0,4.0,3.0,3.0,2.0,1.0,1.0,3.0,3.0,3.0,4.0,3.0,4.0,4.0,4.0,4.0,3.0,4.0,3.0,4.0,2.0,4.0,2.0,4.0,3.0,5.0,2.0,2.0
GBS-24376,POSITIV,1.0,1984,1,1.0,2.0,1.0,1.0,1.0,0.0,1,1.0,1.0,3.0,3.0,3.0,2.0,1.0,0.5,3.0,3.0,3.0,2.0,3.0,3.0,3.0,1.0,2.0,1.0,1.0,2.0,2.0,2.0,2.0,2.0,1.0,2.0,3.0,3.0,3.0
GBS-24546,,0.0,1944,1,1.0,2.0,2.0,4.0,1.0,0.0,2,1.0,3.0,3.0,3.0,3.0,2.0,1.0,1.0,3.0,3.0,3.0,3.0,4.0,3.0,4.0,5.0,2.0,2.0,2.0,2.0,2.0,2.0,5.0,3.0,4.0,4.0,4.0,5.0,3.0
GBS-24574,NEGATIV,0.0,1978,1,1.0,1.0,2.0,1.0,1.0,0.0,2,2.0,3.0,3.0,2.0,3.0,2.0,1.0,1.0,1.0,2.0,3.0,3.0,3.0,3.0,4.0,4.0,4.0,4.0,4.0,5.0,3.0,3.0,3.0,3.0,2.0,2.0,4.0,2.0,2.0
GBS-24634,,1.0,1960,1,1.0,1.0,3.0,5.0,1.0,0.0,4,1.0,3.0,2.0,4.0,3.0,2.0,1.0,1.0,3.0,3.0,3.0,2.0,2.0,2.0,2.0,4.0,3.0,4.0,3.0,2.0,4.0,3.0,4.0,4.0,3.0,2.0,5.0,2.0,2.0
GBS-24714,,1.0,1956,1,1.0,1.0,3.0,5.0,1.0,0.0,1,2.0,2.0,3.0,3.0,3.0,3.0,1.0,1.0,3.0,3.0,3.0,4.0,4.0,4.0,4.0,3.0,4.0,2.0,3.0,2.0,5.0,2.0,4.0,2.0,4.0,4.0,5.0,2.0,2.0
GBS-24722,NEGATIV,1.0,1968,1,1.0,2.0,2.0,4.0,1.0,0.0,1,2.0,2.0,3.0,3.0,3.0,2.0,1.0,1.0,3.0,3.0,3.0,3.0,4.0,4.0,4.0,2.0,4.0,1.0,3.0,2.0,3.0,2.0,4.0,2.0,5.0,3.0,3.0,4.0,3.0
GBS-24798,,1.0,1979,1,1.0,2.0,3.0,2.0,1.0,5.0,1,0.0,0.0,3.0,3.0,3.0,2.0,1.0,1.0,3.0,2.0,3.0,3.0,3.0,3.0,3.0,2.0,4.0,4.0,1.0,2.0,4.0,1.0,4.0,4.0,4.0,2.0,1.0,3.0,4.0
GBS-24907,,0.0,1946,1,1.0,1.0,2.0,4.0,1.0,0.0,2,3.0,4.0,3.0,3.0,3.0,2.0,1.0,1.0,3.0,3.0,3.0,4.0,4.0,3.0,4.0,4.0,2.0,2.0,3.0,4.0,3.0,4.0,5.0,2.0,4.0,4.0,5.0,2.0,1.0
GBS-24930,NEGATIV,0.0,1953,1,1.0,1.0,2.0,1.0,1.0,0.0,1,1.0,3.0,3.0,3.0,3.0,2.0,1.0,1.0,1.0,3.0,3.0,4.0,4.0,4.0,4.0,4.0,2.0,2.0,3.0,1.0,3.0,2.0,4.0,2.0,4.0,4.0,4.0,4.0,1.0
GBS-24944,NEGATIV,1.0,1983,1,1.0,2.0,3.0,2.0,1.0,0.0,2,3.0,4.0,4.0,2.0,3.0,2.0,1.0,1.0,4.0,3.0,3.0,4.0,2.0,4.0,4.0,2.0,4.0,2.0,3.0,2.0,4.0,3.0,4.0,3.0,3.0,4.0,2.0,2.0,4.0
GBS-24987,NEGATIV,1.0,1992,1,1.0,2.0,3.0,8.0,1.0,0.0,1,0.0,1.0,2.0,3.0,3.0,2.0,1.0,1.0,2.0,3.0,3.0,2.0,2.0,2.0,4.0,2.0,4.0,2.0,3.0,1.0,4.0,2.0,4.0,4.0,4.0,2.0,3.0,3.0,2.0
GBS-25066,,1.0,1986,1,1.0,2.0,3.0,2.0,1.0,0.0,1,3.0,4.0,4.0,3.0,3.0,2.0,1.0,1.0,3.0,4.0,3.0,3.0,4.0,4.0,3.0,1.0,3.0,2.0,2.0,1.0,4.0,4.0,4.0,1.0,4.0,4.0,4.0,2.0,3.0
GBS-25084,POSITIV,0.0,1944,0,1.0,1.0,3.0,5.0,1.0,0.0,1,1.0,2.0,3.0,3.0,3.0,2.0,1.0,1.0,3.0,3.0,3.0,3.0,4.0,3.0,4.0,4.0,2.0,3.0,2.0,1.0,2.0,4.0,5.0,2.0,5.0,4.0,3.0,2.0,4.0
GBS-25146,POSITIV,0.0,1971,1,1.0,2.0,3.0,2.0,1.0,0.0,1,3.0,3.0,4.0,3.0,3.0,2.0,1.0,1.0,3.0,3.0,3.0,3.0,4.0,4.0,4.0,4.0,3.0,2.0,2.0,2.0,3.0,4.0,2.0,4.0,5.0,3.0,4.0,3.0,2.0
GBS-25185,POSITIV,0.0,1970,1,1.0,2.0,3.0,2.0,1.0,0.0,1,4.0,4.0,4.0,3.0,3.0,2.0,1.0,1.0,3.0,3.0,3.0,4.0,4.0,4.0,4.0,1.0,4.0,2.0,4.0,3.0,4.0,1.0,4.0,1.0,4.0,4.0,4.0,4.0,1.0
GBS-25283,,1.0,1989,1,1.0,2.0,3.0,5.0,2.0,3.0,2,2.0,2.0,4.0,2.0,3.0,3.0,1.0,1.0,3.0,2.0,3.0,3.0,2.0,3.0,3.0,2.0,4.0,3.0,4.0,1.0,5.0,2.0,5.0,2.0,5.0,2.0,4.0,4.0,3.0
GBS-25324,NEGATIV,1.0,1952,1,1.0,1.0,2.0,3.0,1.0,8.0,1,2.0,3.0,3.0,4.0,3.0,2.0,1.0,1.0,2.0,3.0,3.0,3.0,4.0,3.0,4.0,2.0,4.0,1.0,4.0,2.0,5.0,3.0,4.0,3.0,4.0,4.0,3.0,3.0,3.0
GBS-25451,POSITIV,1.0,1992,1,1.0,2.0,3.0,2.0,1.0,0.0,2,0.0,1.0,2.0,4.0,4.0,2.0,1.0,1.0,3.0,4.0,4.0,3.0,3.0,4.0,4.0,2.0,1.0,4.0,1.0,4.0,5.0,5.0,5.0,5.0,4.0,4.0,2.0,2.0,4.0
GBS-25489,NEGATIV,1.0,1990,1,1.0,2.0,3.0,2.0,1.0,0.0,1,2.0,2.0,4.0,2.0,3.0,3.0,1.0,1.0,4.0,2.0,3.0,4.0,3.0,4.0,4.0,1.0,4.0,2.0,4.0,1.0,4.0,5.0,5.0,2.0,5.0,3.0,4.0,2.0,2.0
GBS-25545,NEGATIV,0.0,1965,1,1.0,1.0,1.0,1.0,1.0,0.0,3,2.0,3.0,3.0,1.0,2.0,1.0,1.0,1.0,3.0,2.0,2.0,4.0,1.0,3.0,4.0,3.0,2.0,1.0,5.0,1.0,4.0,2.0,5.0,2.0,5.0,2.0,5.0,4.0,1.0
GBS-25594,POSITIV,1.0,1976,1,1.0,2.0,3.0,2.0,1.0,0.0,1,2.0,2.0,3.0,3.0,3.0,2.0,1.0,1.0,3.0,2.0,3.0,3.0,4.0,3.0,4.0,1.0,4.0,1.0,4.0,1.0,5.0,2.0,5.0,2.0,5.0,2.0,5.0,2.0,2.0
GBS-25607,NEGATIV,0.0,1952,1,1.0,1.0,3.0,2.0,1.0,0.0,2,2.0,4.0,3.0,3.0,3.0,2.0,0.0,0.0,3.0,3.0,3.0,4.0,4.0,4.0,4.0,4.0,2.0,4.0,5.0,4.0,2.0,2.0,4.0,1.0,3.0,4.0,5.0,3.0,2.0
GBS-25688,,1.0,1995,1,1.0,2.0,3.0,8.0,2.0,0.0,3,1.0,1.0,4.0,3.0,3.0,2.0,1.0,1.0,3.0,3.0,3.0,3.0,4.0,4.0,4.0,1.0,4.0,5.0,4.0,1.0,4.0,3.0,5.0,1.0,5.0,4.0,4.0,1.0,2.0
GBS-25693,,0.0,1977,1,1.0,1.0,3.0,2.0,1.0,0.0,4,2.0,3.0,3.0,3.0,3.0,2.0,1.0,1.0,3.0,3.0,3.0,3.0,4.0,4.0,4.0,2.0,4.0,4.0,4.0,1.0,4.0,2.0,4.0,2.0,5.0,3.0,4.0,3.0,2.0
GBS-25748,POSITIV,1.0,1973,1,1.0,1.0,3.0,5.0,1.0,0.0,1,2.0,3.0,3.0,3.0,3.0,2.0,1.0,1.0,3.0,3.0,3.0,3.0,4.0,4.0,4.0,2.0,4.0,1.0,4.0,1.0,4.0,3.0,5.0,1.0,4.0,4.0,4.0,1.0,2.0
GBS-25875,,0.0,1980,1,1.0,2.0,2.0,5.0,1.0,0.0,1,3.0,3.0,3.0,2.0,1.0,3.0,1.0,1.0,3.0,2.0,1.0,2.0,4.0,2.0,3.0,3.0,4.0,2.0,2.0,2.0,3.0,4.0,3.0,5.0,4.0,2.0,4.0,3.0,4.0
GBS-25919,,0.0,1991,1,1.0,2.0,3.0,1.0,2.0,0.0,1,0.0,0.0,4.0,3.0,3.0,2.0,1.0,1.0,3.0,3.0,3.0,4.0,4.0,4.0,4.0,3.0,4.0,3.0,3.0,4.0,4.0,4.0,4.0,3.0,3.0,4.0,5.0,2.0,3.0
GBS-25928,,0.0,1981,1,1.0,1.0,3.0,5.0,1.0,0.0,1,3.0,4.0,4.0,4.0,3.0,2.0,1.0,1.0,3.0,3.0,3.0,4.0,4.0,4.0,4.0,4.0,4.0,4.0,5.0,2.0,4.0,4.0,5.0,2.0,4.0,3.0,5.0,4.0,2.0
GBS-26154,NEGATIV,1.0,1981,1,1.0,0.0,3.0,5.0,1.0,0.0,3,2.0,3.0,4.0,3.0,4.0,2.0,1.0,1.0,4.0,4.0,4.0,3.0,4.0,4.0,4.0,2.0,4.0,3.0,2.0,2.0,5.0,3.0,4.0,2.0,3.0,3.0,5.0,3.0,2.0
GBS-26161,POSITIV,0.0,1956,1,1.0,2.0,1.0,1.0,1.0,0.0,1,1.0,1.0,3.0,3.0,3.0,2.0,1.0,1.0,3.0,3.0,3.0,3.0,3.0,3.0,4.0,4.0,4.0,5.0,3.0,4.0,3.0,3.0,4.0,3.0,3.0,3.0,4.0,2.0,3.0
GBS-26225,,1.0,1990,1,1.0,2.0,3.0,4.0,1.0,0.0,2,1.0,2.0,1.0,2.0,3.0,2.0,1.0,1.0,3.0,2.0,3.0,3.0,1.0,3.0,4.0,4.0,2.0,1.0,3.0,2.0,3.0,4.0,5.0,2.0,2.0,2.0,3.0,2.0,3.0
GBS-26244,,1.0,1992,1,1.0,2.0,3.0,2.0,1.0,0.0,2,0.0,2.0,3.0,3.0,3.0,2.0,1.0,1.0,3.0,3.0,3.0,4.0,4.0,4.0,4.0,4.0,4.0,4.0,3.0,5.0,4.0,3.0,4.0,4.0,3.0,3.0,5.0,2.0,3.0
GBS-26284,,1.0,1992,1,1.0,2.0,3.0,1.0,2.0,0.0,3,1.0,4.0,4.0,3.0,3.0,2.0,1.0,1.0,3.0,3.0,3.0,4.0,4.0,4.0,3.0,2.0,2.0,4.0,3.0,2.0,4.0,3.0,4.0,2.0,4.0,4.0,4.0,4.0,2.0
GBS-26297,NEGATIV,1.0,1992,1,1.0,2.0,3.0,5.0,1.0,5.0,1,0.0,0.0,3.0,4.0,3.0,2.0,1.0,1.0,5.0,3.0,3.0,3.0,3.0,3.0,4.0,2.0,4.0,4.0,2.0,1.0,4.0,4.0,4.0,4.0,5.0,3.0,4.0,2.0,2.0
GBS-26325,,0.0,1974,1,1.0,1.0,3.0,5.0,1.0,0.0,2,2.0,4.0,3.0,3.0,3.0,2.0,1.0,1.0,3.0,3.0,3.0,3.0,4.0,3.0,3.0,5.0,3.0,2.0,2.0,2.0,2.0,4.0,5.0,5.0,4.0,3.0,3.0,4.0,4.0
GBS-26333,NEGATIV,1.0,1997,1,1.0,2.0,3.0,8.0,1.0,0.0,1,0.0,3.0,2.0,2.0,3.0,2.0,1.0,1.0,2.0,3.0,3.0,3.0,4.0,3.0,4.0,2.0,2.0,1.0,2.0,2.0,2.0,3.0,5.0,4.0,4.0,4.0,3.0,5.0,2.0
GBS-26341,,0.0,1950,1,1.0,1.0,3.0,2.0,1.0,0.0,2,3.0,4.0,3.0,3.0,3.0,2.0,1.0,1.0,3.0,3.0,3.0,3.0,4.0,4.0,4.0,5.0,4.0,2.0,4.0,4.0,2.0,2.0,4.0,2.0,2.0,4.0,5.0,1.0,2.0
GBS-26456,POSITIV,1.0,1983,1,1.0,1.0,3.0,2.0,1.0,4.0,2,3.0,4.0,2.0,3.0,3.0,2.0,1.0,1.0,3.0,2.0,3.0,4.0,2.0,4.0,4.0,3.0,4.0,3.0,4.0,2.0,4.0,3.0,4.0,3.0,4.0,2.0,4.0,3.0,2.0
GBS-26583,NEGATIV,0.0,1955,1,1.0,2.0,1.0,1.0,1.0,0.0,1,3.0,4.0,3.0,3.0,3.0,2.0,1.0,1.0,4.0,3.0,3.0,4.0,3.0,4.0,4.0,4.0,4.0,2.0,5.0,3.0,2.0,3.0,4.0,2.0,4.0,3.0,5.0,3.0,2.0
GBS-26693,NEGATIV,0.0,1959,1,1.0,2.0,2.0,4.0,1.0,0.0,1,0.0,0.0,4.0,3.0,3.0,2.0,1.0,1.0,4.0,3.0,3.0,4.0,4.0,4.0,4.0,2.0,4.0,2.0,5.0,2.0,4.0,4.0,5.0,2.0,4.0,4.0,5.0,3.0,4.0
GBS-26752,POSITIV,1.0,1981,1,1.0,1.0,3.0,5.0,1.0,0.0,3,1.0,3.0,2.0,2.0,2.0,3.0,1.0,1.0,3.0,2.0,2.0,2.0,2.0,2.0,3.0,2.0,4.0,2.0,2.0,2.0,5.0,5.0,4.0,5.0,5.0,2.0,3.0,2.0,4.0
GBS-26785,,1.0,1990,1,1.0,2.0,3.0,5.0,2.0,0.0,2,0.0,0.0,2.0,2.0,2.0,3.0,1.0,1.0,3.0,2.0,2.0,1.0,2.0,1.0,3.0,2.0,3.0,4.0,2.0,4.0,4.0,4.0,4.0,4.0,2.0,1.0,4.0,3.0,4.0
GBS-26837,,1.0,1983,1,1.0,2.0,3.0,6.0,1.0,0.0,2,1.0,4.0,4.0,3.0,3.0,1.0,1.0,1.0,3.0,3.0,3.0,4.0,4.0,4.0,4.0,2.0,4.0,1.0,4.0,4.0,2.0,4.0,1.0,1.0,5.0,4.0,5.0,3.0,1.0
GBS-26845,POSITIV,0.0,1977,1,1.0,1.0,3.0,1.0,1.0,0.0,1,3.0,4.0,3.0,3.0,3.0,2.0,1.0,1.0,3.0,3.0,3.0,3.0,3.0,3.0,3.0,3.0,3.0,4.0,4.0,3.0,4.0,4.0,4.0,2.0,4.0,3.0,4.0,3.0,3.0
GBS-26856,POSITIV,1.0,1948,1,1.0,1.0,2.0,2.0,1.0,0.0,1,2.0,2.0,4.0,3.0,3.0,2.0,1.0,1.0,3.0,3.0,3.0,4.0,4.0,3.0,3.0,2.0,3.0,2.0,4.0,1.0,5.0,4.0,5.0,3.0,5.0,4.0,4.0,2.0,1.0
GBS-26904,NEGATIV,0.0,1960,1,1.0,1.0,3.0,2.0,1.0,0.0,2,2.0,3.0,3.0,3.0,3.0,2.0,1.0,1.0,4.0,3.0,3.0,2.0,3.0,3.0,3.0,4.0,4.0,2.0,4.0,5.0,4.0,3.0,4.0,3.0,4.0,3.0,4.0,2.0,4.0
GBS-26925,,0.0,1950,1,1.0,1.0,2.0,5.0,1.0,0.0,2,4.0,4.0,3.0,3.0,3.0,2.0,1.0,1.0,3.0,3.0,3.0,4.0,3.0,4.0,4.0,2.0,4.0,2.0,3.0,4.0,4.0,3.0,4.0,2.0,4.0,4.0,5.0,3.0,2.0
GBS-26935,,1.0,1985,1,1.0,0.0,2.0,1.0,1.0,5.0,4,1.0,1.0,4.0,3.0,3.0,2.0,1.0,1.0,3.0,2.0,3.0,4.0,4.0,4.0,4.0,3.0,4.0,2.0,4.0,2.0,3.0,2.0,4.0,2.0,5.0,3.0,4.0,2.0,2.0
GBS-27074,NEGATIV,0.0,1966,1,1.0,1.0,3.0,2.0,1.0,0.0,1,2.0,4.0,4.0,3.0,3.0,2.0,1.0,1.0,4.0,3.0,3.0,4.0,4.0,4.0,4.0,2.0,4.0,1.0,4.0,2.0,4.0,5.0,4.0,1.0,3.0,3.0,5.0,3.0,2.0
GBS-27085,NEGATIV,1.0,1956,1,1.0,0.0,2.0,1.0,1.0,0.0,2,3.0,4.0,2.0,2.0,3.0,2.0,1.0,1.0,3.0,2.0,3.0,3.0,2.0,2.0,2.0,4.0,4.0,2.0,4.0,4.0,2.0,2.0,4.0,2.0,2.0,2.0,3.0,2.0,5.0
GBS-27163,,0.0,1958,1,1.0,1.0,1.0,2.0,1.0,2.0,2,2.0,4.0,4.0,3.0,3.0,2.0,1.0,1.0,3.0,3.0,3.0,3.0,4.0,2.0,4.0,3.0,4.0,2.0,2.0,2.0,3.0,4.0,4.0,2.0,3.0,3.0,4.0,2.0,1.0
GBS-27180,,0.0,1959,1,1.0,2.0,2.0,1.0,1.0,0.0,1,2.0,2.0,4.0,2.0,3.0,2.0,1.0,1.0,3.0,3.0,3.0,4.0,4.0,3.0,4.0,4.0,3.0,4.0,2.0,5.0,3.0,2.0,4.0,2.0,4.0,4.0,4.0,2.0,2.0
GBS-27281,POSITIV,0.0,1948,1,1.0,2.0,3.0,3.0,1.0,0.0,1,2.0,0.0,1.0,2.0,2.0,4.0,1.0,1.0,3.0,2.0,2.0,3.0,3.0,3.0,3.0,5.0,4.0,2.0,3.0,4.0,4.0,2.0,4.0,3.0,3.0,3.0,3.0,2.0,4.0
GBS-27284,,1.0,1987,1,1.0,2.0,3.0,2.0,2.0,0.0,1,0.0,0.0,3.0,3.0,3.0,2.0,1.0,1.0,3.0,3.0,3.0,3.0,3.0,3.0,3.0,3.0,4.0,2.0,2.0,2.0,4.0,3.0,4.0,3.0,3.0,3.0,4.0,3.0,2.0
GBS-27292,,0.0,1960,1,1.0,2.0,2.0,4.0,1.0,0.0,2,2.0,4.0,4.0,3.0,2.0,3.0,1.0,1.0,3.0,2.0,2.0,2.0,4.0,3.0,4.0,5.0,5.0,3.0,4.0,2.0,4.0,4.0,5.0,4.0,4.0,2.0,3.0,2.0,2.0
GBS-27376,,0.0,1978,0,1.0,2.0,3.0,5.0,1.0,0.0,1,2.0,2.0,3.0,3.0,3.0,2.0,1.0,1.0,3.0,3.0,3.0,3.0,3.0,3.0,4.0,4.0,2.0,3.0,3.0,2.0,4.0,2.0,5.0,2.0,2.0,2.0,2.0,3.0,4.0
GBS-27382,,1.0,1991,1,1.0,2.0,3.0,1.0,1.0,0.0,1,1.0,2.0,3.0,3.0,3.0,2.0,1.0,1.0,3.0,3.0,3.0,3.0,3.0,3.0,4.0,2.0,5.0,4.0,2.0,3.0,4.0,2.0,4.0,5.0,2.0,4.0,4.0,4.0,2.0
GBS-27402,POSITIV,1.0,1991,1,1.0,2.0,3.0,5.0,3.0,0.0,1,0.0,1.0,3.0,2.0,3.0,2.0,1.0,1.0,3.0,2.0,3.0,3.0,3.0,3.0,3.0,2.0,4.0,4.0,2.0,2.0,4.0,4.0,4.0,2.0,3.0,2.0,3.0,2.0,4.0
GBS-27501,POSITIV,1.0,1961,1,1.0,1.0,3.0,6.0,2.0,0.0,1,1.0,3.0,3.0,2.0,3.0,2.0,1.0,1.0,3.0,3.0,3.0,4.0,4.0,4.0,4.0,2.0,4.0,2.0,4.0,2.0,5.0,4.0,4.0,2.0,5.0,4.0,5.0,3.0,2.0
GBS-27540,,0.0,1965,1,1.0,1.0,2.0,1.0,1.0,0.0,1,4.0,4.0,4.0,3.0,3.0,2.0,1.0,1.0,3.0,3.0,3.0,4.0,4.0,4.0,4.0,4.0,5.0,3.0,4.0,3.0,2.0,2.0,4.0,2.0,3.0,4.0,5.0,4.0,2.0
GBS-27639,,0.0,1950,1,1.0,1.0,1.0,4.0,1.0,0.0,2,1.0,1.0,3.0,3.0,3.0,2.0,1.0,1.0,3.0,3.0,3.0,3.0,4.0,4.0,4.0,4.0,3.0,2.0,4.0,5.0,3.0,3.0,4.0,3.0,2.0,4.0,4.0,3.0,2.0
GBS-27740,NEGATIV,0.0,1961,1,1.0,1.0,3.0,2.0,1.0,0.0,2,4.0,4.0,4.0,3.0,3.0,2.0,1.0,1.0,4.0,3.0,3.0,3.0,4.0,3.0,4.0,2.0,3.0,1.0,3.0,4.0,4.0,3.0,4.0,1.0,4.0,4.0,4.0,4.0,1.0
GBS-27806,,1.0,1987,1,1.0,1.0,3.0,2.0,2.0,0.0,2,1.0,2.0,4.0,3.0,3.0,2.0,1.0,1.0,3.0,3.0,3.0,4.0,4.0,4.0,4.0,4.0,4.0,3.0,3.0,2.0,3.0,4.0,4.0,2.0,4.0,4.0,5.0,3.0,1.0
GBS-27826,NEGATIV,1.0,1973,1,1.0,1.0,3.0,2.0,1.0,3.0,1,4.0,4.0,4.0,3.0,3.0,2.0,1.0,1.0,2.0,3.0,3.0,4.0,4.0,4.0,4.0,1.0,4.0,1.0,4.0,2.0,4.0,3.0,5.0,1.0,2.0,3.0,5.0,3.0,1.0
GBS-27836,POSITIV,0.0,1966,1,1.0,2.0,2.0,1.0,1.0,0.0,1,2.0,3.0,4.0,3.0,3.0,2.0,0.0,0.0,3.0,3.0,3.0,4.0,4.0,4.0,4.0,4.0,2.0,2.0,3.0,2.0,2.0,4.0,4.0,4.0,3.0,3.0,4.0,2.0,3.0
GBS-27890,,0.0,1961,1,1.0,2.0,3.0,5.0,1.0,0.0,2,3.0,3.0,3.0,3.0,2.0,3.0,1.0,1.0,3.0,2.0,2.0,3.0,3.0,4.0,4.0,2.0,4.0,3.0,4.0,3.0,2.0,4.0,4.0,2.0,4.0,3.0,5.0,3.0,2.0
GBS-27908,,0.0,1993,1,1.0,1.0,3.0,8.0,1.0,5.0,2,0.0,2.0,3.0,3.0,3.0,2.0,1.0,1.0,3.0,3.0,3.0,3.0,4.0,4.0,4.0,2.0,4.0,4.0,3.0,4.0,2.0,2.0,3.0,2.0,4.0,4.0,4.0,1.0,4.0
GBS-27920,,0.0,1971,0,0.0,1.0,3.0,4.0,1.0,0.0,5,4.0,4.0,3.0,3.0,3.0,2.0,1.0,1.0,3.0,3.0,3.0,4.0,4.0,4.0,4.0,2.0,4.0,2.0,2.0,3.0,4.0,3.0,4.0,2.0,4.0,4.0,4.0,4.0,2.0
GBS-27950,POSITIV,1.0,1985,1,1.0,2.0,3.0,2.0,1.0,0.0,1,2.0,2.0,3.0,3.0,4.0,1.0,1.0,1.0,3.0,4.0,4.0,3.0,2.0,3.0,4.0,3.0,2.0,2.0,2.0,2.0,3.0,4.0,4.0,3.0,5.0,2.0,4.0,2.0,4.0
GBS-27976,,0.0,1984,1,1.0,1.0,3.0,2.0,1.0,0.0,2,4.0,4.0,4.0,2.0,3.0,2.0,1.0,1.0,3.0,3.0,3.0,3.0,4.0,4.0,4.0,2.0,4.0,2.0,3.0,2.0,4.0,3.0,4.0,2.0,5.0,4.0,5.0,4.0,1.0
GBS-28015,NEGATIV,0.0,1996,1,1.0,2.0,3.0,8.0,3.0,5.0,1,1.0,1.0,3.0,2.0,2.0,2.0,1.0,1.0,4.0,2.0,2.0,3.0,3.0,3.0,2.0,2.0,4.0,4.0,3.0,4.0,3.0,3.0,4.0,2.0,3.0,2.0,4.0,2.0,1.0
GBS-28051,POSITIV,0.0,1955,1,1.0,1.0,1.0,6.0,1.0,0.0,1,3.0,4.0,4.0,4.0,4.0,2.0,1.0,1.0,3.0,3.0,4.0,4.0,4.0,4.0,4.0,2.0,2.0,2.0,2.0,5.0,4.0,2.0,4.0,2.0,4.0,4.0,1.0,1.0,2.0
GBS-28052,NEGATIV,1.0,1972,1,1.0,1.0,3.0,2.0,1.0,4.0,4,2.0,4.0,4.0,2.0,3.0,2.0,1.0,1.0,3.0,4.0,3.0,3.0,2.0,2.0,4.0,4.0,4.0,1.0,2.0,2.0,3.0,3.0,5.0,2.0,4.0,1.0,3.0,3.0,2.0
GBS-28068,NEGATIV,1.0,1992,1,1.0,2.0,3.0,2.0,1.0,0.0,1,0.0,0.0,3.0,1.0,2.0,3.0,1.0,1.0,4.0,3.0,2.0,1.0,2.0,1.0,1.0,3.0,5.0,5.0,3.0,4.0,5.0,5.0,4.0,2.0,5.0,1.0,3.0,2.0,5.0
GBS-28099,,0.0,1952,1,1.0,1.0,1.0,4.0,1.0,0.0,1,2.0,4.0,4.0,4.0,3.0,1.0,1.0,1.0,3.0,4.0,3.0,3.0,4.0,4.0,4.0,2.0,4.0,2.0,4.0,5.0,4.0,4.0,5.0,4.0,2.0,4.0,5.0,1.0,1.0
GBS-28148,,1.0,1976,1,1.0,1.0,3.0,2.0,1.0,0.0,4,1.0,4.0,3.0,3.0,3.0,2.0,1.0,1.0,3.0,3.0,3.0,3.0,3.0,3.0,3.0,4.0,5.0,2.0,3.0,3.0,2.0,3.0,5.0,4.0,3.0,3.0,4.0,3.0,4.0
GBS-28158,,1.0,1953,1,1.0,1.0,3.0,5.0,1.0,0.0,2,1.0,3.0,4.0,3.0,3.0,2.0,1.0,1.0,3.0,3.0,3.0,3.0,4.0,3.0,4.0,2.0,4.0,3.0,4.0,1.0,4.0,4.0,4.0,2.0,5.0,4.0,4.0,1.0,2.0
GBS-28245,,1.0,1989,1,1.0,2.0,3.0,5.0,1.0,3.0,2,2.0,3.0,4.0,3.0,3.0,2.0,1.0,1.0,3.0,3.0,3.0,4.0,4.0,4.0,4.0,2.0,5.0,2.0,2.0,1.0,5.0,4.0,4.0,2.0,3.0,4.0,4.0,4.0,3.0
GBS-28261,NEGATIV,1.0,1991,1,1.0,2.0,2.0,1.0,1.0,0.0,1,2.0,3.0,3.0,2.0,3.0,2.0,1.0,1.0,4.0,2.0,3.0,2.0,3.0,3.0,4.0,2.0,4.0,4.0,5.0,2.0,4.0,4.0,5.0,2.0,2.0,2.0,3.0,2.0,1.0
GBS-28275,NEGATIV,1.0,1994,1,1.0,2.0,3.0,8.0,2.0,5.0,2,0.0,1.0,3.0,4.0,4.0,2.0,1.0,1.0,3.0,3.0,4.0,4.0,4.0,4.0,4.0,2.0,5.0,3.0,4.0,4.0,4.0,1.0,3.0,2.0,2.0,2.0,5.0,2.0,5.0
GBS-28278,,0.0,1961,1,1.0,0.0,3.0,5.0,1.0,0.0,1,4.0,4.0,2.0,2.0,3.0,2.0,1.0,1.0,3.0,2.0,3.0,3.0,2.0,3.0,4.0,4.0,4.0,3.0,2.0,4.0,4.0,3.0,5.0,4.0,3.0,2.0,3.0,3.0,2.0
GBS-28315,POSITIV,1.0,1983,1,1.0,1.0,3.0,2.0,1.0,0.0,2,0.0,1.0,2.0,3.0,3.0,2.0,1.0,1.0,3.0,3.0,3.0,2.0,3.0,3.0,3.0,4.0,2.0,4.0,2.0,1.0,3.0,3.0,5.0,5.0,5.0,3.0,3.0,2.0,4.0
GBS-28322,NEGATIV,1.0,1955,1,1.0,1.0,3.0,2.0,2.0,0.0,2,1.0,3.0,3.0,3.0,3.0,2.0,1.0,1.0,2.0,3.0,3.0,4.0,3.0,4.0,4.0,4.0,4.0,2.0,3.0,2.0,4.0,4.0,4.0,4.0,4.0,4.0,5.0,3.0,2.0
GBS-28372,,0.0,1969,1,1.0,2.0,2.0,6.0,1.0,0.0,1,2.0,2.0,4.0,3.0,3.0,2.0,1.0,1.0,3.0,3.0,3.0,3.0,4.0,4.0,4.0,3.0,4.0,1.0,4.0,4.0,3.0,2.0,5.0,1.0,3.0,3.0,5.0,4.0,2.0
GBS-28375,POSITIV,0.0,1954,0,1.0,1.0,3.0,2.0,1.0,3.0,3,1.0,2.0,3.0,2.0,4.0,2.0,1.0,1.0,3.0,4.0,4.0,3.0,3.0,3.0,4.0,4.0,4.0,2.0,4.0,1.0,5.0,3.0,5.0,3.0,5.0,2.0,5.0,4.0,2.0
GBS-28378,,1.0,1949,1,1.0,1.0,3.0,5.0,1.0,0.0,1,0.0,3.0,2.0,3.0,3.0,2.0,1.0,1.0,3.0,3.0,3.0,3.0,2.0,3.0,3.0,2.0,3.0,3.0,3.0,1.0,4.0,3.0,4.0,3.0,4.0,2.0,3.0,3.0,3.0
GBS-28505,POSITIV,0.0,1982,1,1.0,2.0,3.0,2.0,1.0,0.0,1,1.0,1.0,3.0,3.0,3.0,2.0,1.0,1.0,3.0,3.0,3.0,3.0,3.0,3.0,3.0,4.0,2.0,3.0,1.0,1.0,2.0,3.0,3.0,4.0,5.0,3.0,1.0,2.0,5.0
GBS-28578,,1.0,1955,1,1.0,1.0,2.0,3.0,1.0,0.0,2,2.0,3.0,3.0,3.0,3.0,2.0,1.0,1.0,3.0,3.0,3.0,3.0,3.0,3.0,4.0,1.0,4.0,2.0,5.0,1.0,5.0,2.0,4.0,1.0,5.0,4.0,5.0,3.0,2.0
GBS-28597,NEGATIV,1.0,1995,1,1.0,2.0,2.0,8.0,1.0,5.0,1,0.0,3.0,4.0,3.0,3.0,2.0,1.0,1.0,3.0,3.0,3.0,3.0,4.0,4.0,4.0,4.0,4.0,4.0,3.0,2.0,4.0,3.0,5.0,4.0,1.0,4.0,5.0,2.0,2.0
GBS-28632,POSITIV,1.0,1992,1,1.0,2.0,2.0,3.0,1.0,0.0,1,1.0,1.0,2.0,3.0,3.0,2.0,1.0,0.5,3.0,3.0,3.0,3.0,2.0,4.0,4.0,2.0,2.0,4.0,2.0,4.0,4.0,4.0,4.0,2.0,2.0,3.0,4.0,2.0,1.0
GBS-28637,POSITIV,0.0,1980,1,1.0,1.0,3.0,4.0,1.0,0.0,2,2.0,3.0,3.0,3.0,3.0,2.0,1.0,1.0,3.0,3.0,3.0,3.0,4.0,3.0,4.0,4.0,4.0,1.0,4.0,4.0,4.0,2.0,5.0,2.0,4.0,3.0,3.0,2.0,2.0
GBS-28651,,0.0,1960,1,1.0,1.0,1.0,1.0,1.0,3.0,2,3.0,4.0,4.0,3.0,3.0,2.0,1.0,1.0,3.0,3.0,3.0,4.0,4.0,4.0,4.0,2.0,3.0,1.0,4.0,4.0,4.0,2.0,1.0,2.0,2.0,4.0,5.0,3.0,1.0
GBS-28666,,1.0,1990,1,1.0,2.0,3.0,5.0,1.0,0.0,1,1.0,1.0,1.0,3.0,4.0,2.0,1.0,1.0,3.0,3.0,4.0,3.0,2.0,3.0,3.0,1.0,4.0,4.0,3.0,1.0,5.0,4.0,4.0,2.0,5.0,3.0,5.0,2.0,4.0
GBS-28677,,1.0,1990,1,1.0,2.0,2.0,1.0,1.0,0.0,1,2.0,1.0,4.0,2.0,1.0,3.0,1.0,1.0,3.0,2.0,1.0,1.0,3.0,4.0,4.0,2.0,4.0,2.0,2.0,3.0,5.0,2.0,4.0,3.0,4.0,2.0,5.0,3.0,2.0
GBS-28679,POSITIV,1.0,1987,1,1.0,2.0,3.0,2.0,2.0,5.0,1,0.0,3.0,4.0,2.0,2.0,3.0,1.0,1.0,3.0,2.0,2.0,4.0,4.0,4.0,4.0,2.0,4.0,2.0,4.0,2.0,4.0,2.0,4.0,4.0,4.0,4.0,4.0,2.0,1.0
GBS-28707,,0.0,1986,1,1.0,2.0,2.0,1.0,1.0,0.0,1,2.0,2.0,4.0,3.0,3.0,2.0,1.0,1.0,3.0,4.0,3.0,4.0,4.0,4.0,4.0,2.0,4.0,3.0,4.0,4.0,3.0,4.0,3.0,4.0,4.0,3.0,4.0,2.0,2.0
GBS-28717,NEGATIV,0.0,1953,1,1.0,2.0,3.0,1.0,1.0,0.0,2,2.0,2.0,1.0,4.0,3.0,2.0,1.0,1.0,3.0,4.0,3.0,4.0,4.0,4.0,4.0,3.0,4.0,2.0,4.0,1.0,3.0,2.0,4.0,2.0,4.0,4.0,5.0,2.0,1.0
GBS-28738,,1.0,1994,1,1.0,2.0,3.0,8.0,2.0,0.0,2,1.0,2.0,3.0,2.0,3.0,2.0,1.0,1.0,3.0,4.0,3.0,2.0,4.0,3.0,4.0,2.0,4.0,2.0,5.0,2.0,5.0,3.0,5.0,1.0,4.0,3.0,5.0,3.0,2.0
GBS-28779,POSITIV,0.0,1962,1,1.0,1.0,2.0,5.0,1.0,0.0,4,4.0,4.0,3.0,3.0,3.0,2.0,1.0,1.0,3.0,3.0,3.0,3.0,4.0,3.0,4.0,3.0,3.0,1.0,3.0,4.0,4.0,2.0,5.0,3.0,4.0,4.0,5.0,2.0,1.0
GBS-28787,,1.0,1954,1,1.0,1.0,2.0,1.0,1.0,0.0,1,4.0,4.0,4.0,3.0,3.0,2.0,1.0,1.0,3.0,3.0,3.0,4.0,4.0,4.0,4.0,2.0,4.0,1.0,4.0,1.0,4.0,2.0,5.0,1.0,4.0,4.0,5.0,2.0,2.0
GBS-28794,NEGATIV,1.0,1992,1,1.0,2.0,3.0,5.0,1.0,4.0,1,0.0,0.0,3.0,3.0,3.0,2.0,1.0,1.0,5.0,3.0,3.0,3.0,3.0,3.0,3.0,1.0,3.0,1.0,4.0,2.0,5.0,2.0,5.0,2.0,5.0,3.0,5.0,3.0,2.0
GBS-28953,POSITIV,1.0,1949,1,1.0,2.0,2.0,1.0,1.0,0.0,1,1.0,2.0,2.0,3.0,3.0,2.0,1.0,1.0,3.0,3.0,3.0,3.0,2.0,2.0,3.0,2.0,4.0,3.0,2.0,2.0,4.0,2.0,4.0,4.0,3.0,3.0,4.0,3.0,3.0
GBS-28988,,0.0,1974,1,1.0,1.0,3.0,2.0,1.0,4.0,4,4.0,4.0,2.0,3.0,3.0,2.0,1.0,1.0,3.0,3.0,3.0,3.0,4.0,4.0,4.0,2.0,3.0,1.0,4.0,3.0,4.0,2.0,5.0,1.0,4.0,3.0,4.0,3.0,1.0
GBS-29048,,0.0,1985,1,1.0,2.0,2.0,4.0,1.0,0.0,1,1.0,1.0,3.0,1.0,2.0,4.0,1.0,1.0,3.0,4.0,2.0,2.0,4.0,2.0,3.0,3.0,4.0,3.0,2.0,2.0,3.0,4.0,4.0,4.0,5.0,1.0,3.0,4.0,2.0
GBS-29060,,1.0,1953,1,1.0,1.0,1.0,1.0,1.0,0.0,2,1.0,3.0,3.0,3.0,3.0,2.0,1.0,1.0,3.0,4.0,3.0,4.0,3.0,4.0,4.0,2.0,5.0,1.0,4.0,2.0,4.0,3.0,5.0,2.0,4.0,4.0,5.0,1.0,2.0
GBS-29070,,0.0,1978,1,1.0,2.0,1.0,1.0,1.0,1.0,1,0.0,0.0,3.0,3.0,2.0,2.0,1.0,1.0,3.0,3.0,2.0,4.0,4.0,4.0,4.0,4.0,4.0,4.0,4.0,4.0,2.0,4.0,4.0,4.0,4.0,4.0,4.0,2.0,2.0
GBS-29115,POSITIV,1.0,1952,1,1.0,2.0,2.0,6.0,1.0,0.0,1,3.0,3.0,2.0,3.0,3.0,2.0,1.0,1.0,3.0,3.0,3.0,4.0,2.0,4.0,4.0,3.0,3.0,2.0,3.0,2.0,3.0,4.0,3.0,3.0,5.0,3.0,4.0,1.0,1.0
GBS-29150,POSITIV,1.0,1998,1,1.0,2.0,3.0,3.0,1.0,0.0,3,0.0,3.0,3.0,3.0,2.0,2.0,1.0,1.0,3.0,2.0,2.0,2.0,3.0,4.0,3.0,4.0,4.0,4.0,1.0,2.0,2.0,4.0,4.0,5.0,4.0,2.0,3.0,2.0,3.0
GBS-29152,,1.0,1994,1,1.0,2.0,3.0,8.0,1.0,0.0,2,0.0,2.0,3.0,3.0,2.0,2.0,1.0,1.0,3.0,3.0,2.0,3.0,3.0,3.0,3.0,3.0,3.0,4.0,3.0,2.0,3.0,3.0,4.0,2.0,4.0,3.0,5.0,4.0,2.0
GBS-29187,,0.0,1952,1,1.0,0.0,3.0,5.0,1.0,3.0,2,3.0,3.0,4.0,3.0,3.0,2.0,1.0,1.0,3.0,3.0,3.0,4.0,4.0,4.0,4.0,2.0,4.0,2.0,4.0,2.0,4.0,2.0,4.0,2.0,2.0,4.0,5.0,3.0,2.0
GBS-29228,POSITIV,1.0,1989,1,1.0,2.0,2.0,1.0,1.0,0.0,1,1.0,2.0,2.0,3.0,2.0,4.0,1.0,1.0,3.0,2.0,2.0,2.0,2.0,2.0,4.0,3.0,2.0,4.0,3.0,3.0,2.0,3.0,4.0,4.0,4.0,4.0,3.0,1.0,4.0
GBS-29255,NEGATIV,0.0,1954,1,1.0,0.0,1.0,4.0,1.0,3.0,1,2.0,2.0,2.0,3.0,3.0,2.0,1.0,1.0,1.0,3.0,3.0,4.0,2.0,4.0,4.0,2.0,2.0,3.0,4.0,2.0,5.0,2.0,5.0,2.0,5.0,4.0,5.0,2.0,1.0
GBS-29281,,0.0,1962,1,1.0,2.0,3.0,2.0,1.0,3.0,1,3.0,3.0,3.0,3.0,3.0,2.0,1.0,1.0,3.0,3.0,3.0,4.0,3.0,4.0,4.0,4.0,4.0,2.0,2.0,2.0,4.0,2.0,4.0,2.0,2.0,3.0,5.0,3.0,3.0
GBS-29362,,0.0,1956,1,1.0,2.0,2.0,1.0,1.0,0.0,2,1.0,3.0,2.0,3.0,3.0,2.0,1.0,1.0,3.0,3.0,3.0,4.0,3.0,3.0,4.0,4.0,4.0,2.0,4.0,4.0,4.0,2.0,4.0,2.0,2.0,3.0,3.0,2.0,3.0
GBS-29391,POSITIV,0.0,1961,1,1.0,2.0,2.0,4.0,1.0,2.0,1,4.0,4.0,4.0,3.0,3.0,2.0,1.0,1.0,3.0,3.0,3.0,3.0,3.0,3.0,4.0,3.0,3.0,2.0,4.0,3.0,4.0,2.0,5.0,2.0,4.0,3.0,5.0,5.0,2.0
GBS-29416,POSITIV,0.0,1958,1,1.0,1.0,3.0,2.0,1.0,0.0,2,2.0,3.0,2.0,3.0,3.0,2.0,1.0,1.0,3.0,3.0,3.0,3.0,2.0,3.0,3.0,3.0,1.0,3.0,1.0,4.0,3.0,4.0,4.0,5.0,3.0,3.0,2.0,3.0,4.0
GBS-29457,POSITIV,1.0,1992,1,1.0,2.0,3.0,5.0,1.0,0.0,1,2.0,3.0,4.0,2.0,3.0,2.0,1.0,1.0,3.0,1.0,3.0,3.0,4.0,2.0,4.0,3.0,4.0,5.0,3.0,1.0,4.0,3.0,2.0,2.0,5.0,3.0,2.0,2.0,2.0
GBS-29479,,1.0,1977,1,1.0,0.0,3.0,5.0,1.0,0.0,3,0.0,0.0,2.0,2.0,4.0,1.0,0.0,0.5,3.0,4.0,4.0,3.0,2.0,2.0,4.0,1.0,5.0,1.0,2.0,1.0,5.0,3.0,5.0,4.0,5.0,2.0,5.0,3.0,2.0
GBS-29487,,0.0,1955,1,1.0,2.0,2.0,4.0,1.0,0.0,1,2.0,2.0,4.0,3.0,3.0,2.0,1.0,1.0,3.0,2.0,3.0,3.0,4.0,3.0,4.0,1.0,2.0,3.0,2.0,5.0,5.0,4.0,4.0,3.0,3.0,4.0,4.0,2.0,2.0
GBS-29582,NEGATIV,1.0,1959,1,1.0,1.0,3.0,5.0,1.0,0.0,1,2.0,2.0,3.0,3.0,3.0,2.0,1.0,1.0,3.0,3.0,3.0,3.0,4.0,4.0,4.0,2.0,2.0,4.0,3.0,2.0,4.0,3.0,4.0,2.0,4.0,3.0,5.0,3.0,2.0
GBS-29585,,0.0,1986,1,1.0,2.0,3.0,2.0,1.0,0.0,2,3.0,4.0,3.0,3.0,3.0,2.0,1.0,1.0,3.0,3.0,3.0,4.0,4.0,4.0,4.0,3.0,4.0,1.0,4.0,5.0,4.0,2.0,4.0,1.0,5.0,4.0,5.0,4.0,1.0
GBS-29696,,0.0,1995,1,1.0,2.0,3.0,8.0,2.0,0.0,1,0.0,0.0,3.0,3.0,3.0,2.0,1.0,1.0,3.0,3.0,3.0,4.0,4.0,4.0,4.0,4.0,4.0,4.0,5.0,2.0,2.0,4.0,5.0,2.0,5.0,3.0,5.0,4.0,2.0
GBS-29715,,1.0,1964,1,1.0,1.0,2.0,9.0,1.0,0.0,2,1.0,2.0,3.0,3.0,2.0,3.0,1.0,1.0,3.0,3.0,2.0,4.0,4.0,4.0,4.0,3.0,3.0,1.0,2.0,4.0,4.0,2.0,5.0,2.0,4.0,4.0,4.0,3.0,3.0
GBS-29825,,1.0,1985,1,1.0,2.0,3.0,2.0,2.0,0.0,1,1.0,2.0,4.0,3.0,4.0,2.0,1.0,1.0,3.0,4.0,4.0,3.0,4.0,3.0,4.0,3.0,5.0,3.0,4.0,3.0,4.0,2.0,4.0,3.0,4.0,2.0,4.0,2.0,3.0
GBS-29860,NEGATIV,0.0,1971,1,1.0,1.0,3.0,5.0,1.0,0.0,2,1.0,4.0,3.0,3.0,3.0,2.0,1.0,1.0,4.0,3.0,3.0,4.0,4.0,4.0,4.0,4.0,4.0,4.0,4.0,5.0,2.0,3.0,4.0,3.0,4.0,4.0,5.0,4.0,2.0
GBS-29925,NEGATIV,1.0,1985,1,1.0,2.0,3.0,4.0,1.0,0.0,1,1.0,1.0,3.0,2.0,2.0,2.0,1.0,1.0,2.0,4.0,2.0,2.0,4.0,3.0,4.0,4.0,4.0,3.0,2.0,1.0,3.0,3.0,4.0,3.0,4.0,3.0,4.0,2.0,2.0
GBS-29953,,0.0,1964,1,1.0,1.0,3.0,2.0,1.0,0.0,1,4.0,4.0,4.0,2.0,3.0,3.0,1.0,1.0,3.0,3.0,3.0,3.0,4.0,3.0,4.0,1.0,3.0,4.0,4.0,2.0,4.0,4.0,4.0,2.0,5.0,3.0,3.0,5.0,2.0
GBS-30004,,1.0,1990,1,1.0,2.0,3.0,2.0,1.0,0.0,1,2.0,3.0,4.0,3.0,2.0,2.0,1.0,1.0,3.0,2.0,2.0,4.0,4.0,4.0,4.0,1.0,5.0,1.0,2.0,1.0,5.0,2.0,5.0,2.0,5.0,4.0,5.0,3.0,2.0
GBS-30018,,1.0,1976,0,1.0,2.0,2.0,1.0,1.0,0.0,1,1.0,1.0,1.0,1.0,1.0,4.0,0.0,0.5,3.0,1.0,1.0,1.0,1.0,1.0,2.0,5.0,1.0,3.0,1.0,5.0,1.0,4.0,4.0,5.0,3.0,1.0,1.0,3.0,5.0
GBS-30029,POSITIV,1.0,1990,1,1.0,2.0,3.0,2.0,1.0,0.0,1,1.0,1.0,4.0,2.0,3.0,2.0,1.0,1.0,3.0,3.0,3.0,4.0,4.0,4.0,4.0,4.0,3.0,1.0,4.0,3.0,3.0,1.0,4.0,2.0,4.0,2.0,4.0,3.0,3.0
GBS-30163,NEGATIV,1.0,1990,1,1.0,0.0,3.0,2.0,1.0,0.0,2,0.0,0.0,2.0,2.0,2.0,3.0,1.0,1.0,2.0,2.0,2.0,2.0,2.0,2.0,2.0,2.0,3.0,3.0,4.0,2.0,4.0,4.0,5.0,4.0,5.0,2.0,2.0,2.0,3.0
GBS-30221,,1.0,1997,1,1.0,2.0,2.0,8.0,1.0,5.0,3,0.0,3.0,3.0,3.0,3.0,2.0,1.0,1.0,3.0,3.0,3.0,3.0,3.0,3.0,4.0,4.0,4.0,2.0,3.0,4.0,4.0,2.0,5.0,3.0,4.0,3.0,5.0,4.0,3.0
GBS-30276,,1.0,1992,1,1.0,2.0,3.0,8.0,1.0,0.0,5,0.0,2.0,2.0,4.0,2.0,3.0,1.0,1.0,3.0,3.0,2.0,2.0,2.0,3.0,4.0,2.0,5.0,4.0,2.0,4.0,5.0,2.0,3.0,2.0,3.0,2.0,3.0,1.0,1.0
GBS-30308,,1.0,1985,0,1.0,2.0,3.0,2.0,1.0,0.0,1,4.0,4.0,2.0,3.0,3.0,2.0,1.0,1.0,3.0,3.0,3.0,4.0,2.0,4.0,4.0,3.0,5.0,1.0,5.0,4.0,4.0,2.0,4.0,1.0,2.0,3.0,5.0,2.0,1.0
GBS-30317,,1.0,1959,1,1.0,1.0,3.0,6.0,1.0,0.0,2,2.0,4.0,3.0,3.0,3.0,2.0,1.0,1.0,3.0,3.0,3.0,3.0,4.0,4.0,4.0,3.0,4.0,2.0,4.0,2.0,3.0,3.0,4.0,2.0,3.0,4.0,5.0,2.0,2.0
GBS-30321,NEGATIV,0.0,1996,1,1.0,2.0,3.0,8.0,2.0,0.0,1,0.0,4.0,3.0,3.0,3.0,2.0,1.0,1.0,2.0,3.0,3.0,3.0,3.0,3.0,4.0,4.0,1.0,3.0,2.0,4.0,3.0,4.0,5.0,4.0,4.0,3.0,4.0,2.0,4.0
GBS-30454,NEGATIV,1.0,1987,1,1.0,1.0,3.0,5.0,1.0,0.0,1,0.0,0.0,2.0,2.0,2.0,3.0,1.0,1.0,3.0,2.0,2.0,2.0,2.0,2.0,3.0,2.0,4.0,3.0,2.0,4.0,5.0,3.0,5.0,4.0,4.0,2.0,4.0,3.0,4.0
GBS-30524,,0.0,1963,1,1.0,1.0,3.0,2.0,1.0,3.0,4,2.0,3.0,4.0,3.0,3.0,2.0,1.0,1.0,3.0,3.0,3.0,4.0,4.0,4.0,4.0,4.0,3.0,3.0,4.0,4.0,2.0,3.0,4.0,2.0,2.0,4.0,5.0,1.0,1.0
GBS-30551,NEGATIV,1.0,1951,1,1.0,2.0,1.0,6.0,1.0,0.0,1,1.0,1.0,3.0,3.0,3.0,2.0,1.0,1.0,1.0,3.0,3.0,4.0,3.0,4.0,4.0,2.0,3.0,2.0,4.0,1.0,5.0,3.0,5.0,2.0,4.0,4.0,5.0,3.0,2.0
GBS-30566,,1.0,1979,0,0.0,1.0,3.0,5.0,1.0,0.0,1,0.0,3.0,3.0,3.0,3.0,2.0,1.0,1.0,3.0,3.0,3.0,3.0,4.0,4.0,4.0,2.0,3.0,2.0,3.0,3.0,2.0,2.0,3.0,2.0,3.0,3.0,5.0,3.0,2.0
GBS-30618,NEGATIV,0.0,1958,1,1.0,1.0,3.0,2.0,1.0,0.0,4,4.0,4.0,4.0,3.0,3.0,2.0,1.0,1.0,3.0,3.0,3.0,4.0,4.0,4.0,4.0,1.0,4.0,2.0,4.0,3.0,4.0,3.0,4.0,2.0,4.0,3.0,5.0,3.0,2.0
GBS-30699,NEGATIV,1.0,1983,1,1.0,2.0,3.0,2.0,1.0,3.0,1,3.0,3.0,4.0,4.0,4.0,2.0,1.0,1.0,5.0,4.0,4.0,3.0,4.0,4.0,4.0,5.0,2.0,2.0,1.0,5.0,4.0,2.0,4.0,4.0,5.0,4.0,5.0,4.0,1.0
GBS-30758,,1.0,1971,1,1.0,2.0,2.0,1.0,1.0,2.0,1,1.0,1.0,4.0,3.0,3.0,2.0,1.0,1.0,3.0,3.0,3.0,4.0,4.0,4.0,4.0,3.0,5.0,2.0,4.0,2.0,2.0,3.0,4.0,4.0,4.0,4.0,4.0,2.0,3.0
GBS-30784,NEGATIV,0.0,1986,1,1.0,2.0,3.0,2.0,1.0,0.0,1,2.0,4.0,3.0,3.0,2.0,3.0,1.0,1.0,4.0,2.0,2.0,3.0,3.0,3.0,3.0,4.0,4.0,4.0,2.0,4.0,4.0,3.0,4.0,2.0,4.0,3.0,3.0,4.0,2.0
GBS-30907,NEGATIV,1.0,1995,1,1.0,2.0,3.0,8.0,1.0,5.0,1,0.0,0.0,4.0,3.0,3.0,2.0,1.0,1.0,2.0,4.0,3.0,3.0,3.0,3.0,4.0,1.0,2.0,3.0,3.0,2.0,4.0,4.0,4.0,1.0,5.0,4.0,4.0,2.0,3.0
GBS-30925,,1.0,1986,1,1.0,2.0,2.0,1.0,1.0,0.0,1,2.0,2.0,2.0,3.0,2.0,4.0,1.0,1.0,3.0,2.0,2.0,4.0,4.0,4.0,4.0,2.0,4.0,3.0,5.0,5.0,5.0,2.0,4.0,4.0,3.0,4.0,5.0,2.0,1.0
GBS-30926,,1.0,1962,1,1.0,1.0,3.0,1.0,1.0,0.0,4,1.0,4.0,3.0,3.0,3.0,2.0,1.0,1.0,3.0,3.0,3.0,4.0,4.0,4.0,4.0,2.0,3.0,2.0,2.0,5.0,4.0,2.0,4.0,1.0,2.0,4.0,5.0,4.0,1.0
GBS-31012,POSITIV,1.0,1993,0,1.0,2.0,2.0,8.0,2.0,0.0,1,0.0,1.0,4.0,3.0,3.0,2.0,1.0,1.0,3.0,3.0,3.0,2.0,4.0,2.0,3.0,4.0,1.0,2.0,2.0,4.0,4.0,4.0,4.0,4.0,4.0,3.0,2.0,2.0,1.0
GBS-31037,,1.0,1987,1,1.0,2.0,3.0,2.0,1.0,0.0,1,1.0,1.0,3.0,3.0,2.0,2.0,1.0,1.0,3.0,2.0,2.0,3.0,3.0,3.0,3.0,5.0,3.0,2.0,4.0,2.0,2.0,2.0,4.0,4.0,4.0,3.0,4.0,3.0,4.0
GBS-31045,POSITIV,1.0,1991,1,1.0,2.0,3.0,2.0,2.0,5.0,1,1.0,1.0,4.0,3.0,3.0,2.0,1.0,1.0,3.0,3.0,3.0,3.0,4.0,3.0,4.0,1.0,3.0,2.0,2.0,4.0,4.0,4.0,5.0,2.0,3.0,3.0,5.0,4.0,1.0
GBS-31100,NEGATIV,0.0,1951,1,1.0,1.0,3.0,2.0,1.0,0.0,1,3.0,3.0,4.0,3.0,3.0,2.0,1.0,1.0,5.0,3.0,3.0,4.0,4.0,4.0,4.0,5.0,2.0,5.0,4.0,1.0,2.0,4.0,5.0,2.0,4.0,4.0,5.0,4.0,2.0
GBS-31103,,1.0,1957,1,1.0,1.0,3.0,2.0,1.0,4.0,2,1.0,4.0,4.0,3.0,3.0,2.0,1.0,1.0,3.0,3.0,3.0,3.0,4.0,4.0,4.0,3.0,4.0,4.0,2.0,4.0,4.0,4.0,4.0,3.0,4.0,3.0,3.0,2.0,3.0
GBS-31222,,1.0,1993,0,1.0,2.0,3.0,6.0,1.0,0.0,2,1.0,2.0,4.0,3.0,2.0,3.0,1.0,1.0,3.0,3.0,2.0,4.0,4.0,4.0,4.0,2.0,5.0,4.0,2.0,5.0,4.0,4.0,5.0,2.0,4.0,4.0,5.0,4.0,3.0
GBS-31324,POSITIV,1.0,1993,1,1.0,2.0,2.0,1.0,1.0,0.0,1,1.0,2.0,3.0,2.0,2.0,3.0,1.0,1.0,3.0,3.0,2.0,3.0,3.0,3.0,4.0,2.0,2.0,3.0,4.0,4.0,4.0,3.0,4.0,4.0,4.0,4.0,4.0,4.0,2.0
GBS-31370,,0.0,1954,1,1.0,1.0,3.0,5.0,1.0,3.0,2,3.0,4.0,2.0,3.0,3.0,2.0,1.0,1.0,3.0,3.0,3.0,4.0,4.0,4.0,4.0,5.0,2.0,3.0,3.0,4.0,2.0,3.0,4.0,2.0,3.0,4.0,5.0,3.0,2.0
GBS-31508,,0.0,1986,1,1.0,1.0,2.0,1.0,1.0,1.0,4,2.0,4.0,4.0,3.0,3.0,2.0,1.0,1.0,3.0,3.0,3.0,3.0,4.0,3.0,4.0,3.0,4.0,3.0,1.0,4.0,4.0,4.0,4.0,3.0,4.0,3.0,3.0,2.0,4.0
GBS-31520,,1.0,1984,1,1.0,2.0,3.0,5.0,1.0,0.0,1,1.0,1.0,4.0,3.0,3.0,2.0,1.0,1.0,3.0,3.0,3.0,3.0,4.0,4.0,4.0,1.0,4.0,1.0,4.0,4.0,4.0,4.0,4.0,1.0,5.0,4.0,5.0,3.0,1.0
GBS-31529,NEGATIV,1.0,1988,1,1.0,2.0,3.0,2.0,1.0,0.0,1,0.0,1.0,2.0,3.0,3.0,2.0,1.0,1.0,3.0,4.0,3.0,4.0,2.0,4.0,4.0,1.0,4.0,1.0,4.0,1.0,5.0,3.0,5.0,2.0,5.0,4.0,5.0,4.0,2.0
GBS-31562,POSITIV,1.0,1994,1,1.0,2.0,3.0,8.0,1.0,0.0,1,0.0,0.0,4.0,4.0,4.0,2.0,1.0,1.0,3.0,4.0,4.0,4.0,4.0,2.0,4.0,3.0,4.0,3.0,4.0,2.0,3.0,2.0,5.0,1.0,4.0,4.0,5.0,2.0,2.0
GBS-31650,,0.0,1974,1,1.0,2.0,3.0,2.0,1.0,3.0,1,3.0,3.0,1.0,2.0,2.0,3.0,1.0,1.0,3.0,2.0,2.0,1.0,1.0,1.0,2.0,4.0,2.0,2.0,2.0,1.0,2.0,3.0,4.0,2.0,4.0,1.0,3.0,4.0,3.0
GBS-31652,POSITIV,0.0,1965,1,1.0,1.0,2.0,1.0,1.0,0.0,2,3.0,4.0,2.0,2.0,2.0,2.0,1.0,1.0,3.0,3.0,2.0,3.0,3.0,3.0,4.0,2.0,3.0,2.0,4.0,2.0,4.0,3.0,4.0,2.0,4.0,2.0,4.0,3.0,1.0
GBS-31747,,1.0,1977,1,1.0,2.0,2.0,4.0,1.0,0.0,3,1.0,1.0,4.0,3.0,3.0,1.0,1.0,1.0,3.0,3.0,3.0,4.0,3.0,4.0,4.0,2.0,5.0,1.0,5.0,3.0,4.0,4.0,5.0,1.0,5.0,4.0,5.0,3.0,1.0
GBS-31809,POSITIV,0.0,1986,1,1.0,2.0,3.0,2.0,1.0,0.0,2,2.0,4.0,3.0,3.0,3.0,2.0,1.0,1.0,3.0,3.0,3.0,3.0,4.0,4.0,4.0,5.0,4.0,4.0,4.0,3.0,2.0,1.0,4.0,3.0,5.0,3.0,5.0,2.0,2.0
GBS-31810,,1.0,1952,0,1.0,2.0,2.0,2.0,2.0,0.0,1,2.0,4.0,3.0,3.0,4.0,2.0,1.0,1.0,3.0,3.0,4.0,4.0,4.0,4.0,4.0,3.0,3.0,1.0,3.0,1.0,4.0,2.0,4.0,2.0,3.0,4.0,5.0,3.0,1.0
GBS-31883,NEGATIV,0.0,1957,1,1.0,1.0,3.0,4.0,1.0,2.0,3,0.0,2.0,2.0,2.0,3.0,2.0,1.0,1.0,5.0,2.0,3.0,4.0,2.0,4.0,4.0,1.0,4.0,2.0,2.0,4.0,4.0,2.0,4.0,1.0,4.0,4.0,5.0,3.0,1.0
GBS-32046,NEGATIV,1.0,1994,1,1.0,2.0,3.0,8.0,1.0,0.0,1,0.0,0.0,3.0,4.0,3.0,2.0,1.0,1.0,2.0,4.0,3.0,4.0,4.0,4.0,4.0,5.0,1.0,4.0,2.0,2.0,2.0,3.0,5.0,3.0,4.0,3.0,5.0,2.0,2.0
GBS-32072,,1.0,1993,1,1.0,2.0,3.0,8.0,2.0,0.0,1,0.0,0.0,4.0,3.0,3.0,2.0,1.0,1.0,3.0,3.0,3.0,3.0,3.0,4.0,4.0,2.0,2.0,4.0,2.0,5.0,2.0,2.0,5.0,4.0,4.0,3.0,4.0,2.0,4.0
GBS-32165,NEGATIV,0.0,1979,1,1.0,2.0,3.0,1.0,1.0,0.0,1,1.0,3.0,3.0,3.0,3.0,2.0,1.0,1.0,2.0,3.0,3.0,3.0,2.0,3.0,3.0,4.0,3.0,3.0,4.0,3.0,2.0,3.0,4.0,3.0,3.0,3.0,3.0,3.0,3.0
GBS-32242,POSITIV,1.0,1989,1,1.0,2.0,3.0,5.0,1.0,0.0,1,3.0,3.0,3.0,2.0,3.0,2.0,1.0,1.0,3.0,3.0,3.0,3.0,2.0,3.0,4.0,3.0,4.0,1.0,4.0,2.0,3.0,3.0,4.0,2.0,3.0,2.0,4.0,2.0,2.0
GBS-32249,,0.0,1983,1,1.0,1.0,3.0,5.0,1.0,0.0,1,3.0,4.0,4.0,3.0,3.0,2.0,1.0,1.0,3.0,4.0,3.0,4.0,4.0,4.0,4.0,2.0,4.0,2.0,4.0,2.0,4.0,4.0,4.0,2.0,4.0,4.0,4.0,3.0,2.0
GBS-32258,POSITIV,1.0,1960,1,1.0,2.0,3.0,2.0,1.0,3.0,1,4.0,4.0,4.0,3.0,3.0,2.0,1.0,1.0,3.0,3.0,3.0,4.0,4.0,4.0,4.0,3.0,4.0,3.0,4.0,2.0,4.0,3.0,4.0,2.0,4.0,4.0,5.0,2.0,1.0
GBS-32259,NEGATIV,1.0,1962,1,1.0,1.0,3.0,2.0,1.0,0.0,1,3.0,4.0,3.0,3.0,3.0,2.0,1.0,1.0,5.0,3.0,3.0,4.0,4.0,3.0,4.0,3.0,4.0,3.0,2.0,1.0,2.0,2.0,3.0,2.0,4.0,4.0,5.0,2.0,1.0
GBS-32372,,1.0,1989,1,1.0,2.0,3.0,5.0,1.0,0.0,2,1.0,3.0,3.0,3.0,3.0,2.0,1.0,1.0,3.0,2.0,3.0,2.0,3.0,3.0,4.0,5.0,2.0,3.0,2.0,4.0,2.0,4.0,4.0,4.0,2.0,2.0,3.0,2.0,2.0
GBS-32422,POSITIV,1.0,1990,1,1.0,2.0,3.0,2.0,2.0,0.0,1,0.0,0.0,2.0,3.0,3.0,3.0,1.0,1.0,3.0,2.0,3.0,4.0,4.0,3.0,3.0,1.0,5.0,2.0,2.0,4.0,4.0,4.0,5.0,4.0,4.0,3.0,4.0,2.0,3.0
GBS-32482,,1.0,1963,1,1.0,1.0,2.0,1.0,1.0,0.0,1,1.0,4.0,4.0,2.0,2.0,3.0,1.0,1.0,3.0,3.0,2.0,4.0,4.0,4.0,4.0,2.0,5.0,1.0,2.0,4.0,4.0,1.0,4.0,1.0,4.0,3.0,5.0,4.0,2.0
GBS-32520,,1.0,1992,1,1.0,2.0,3.0,2.0,2.0,0.0,2,1.0,3.0,3.0,3.0,4.0,2.0,1.0,1.0,3.0,4.0,4.0,3.0,3.0,4.0,4.0,3.0,5.0,2.0,2.0,2.0,5.0,4.0,4.0,4.0,4.0,2.0,4.0,4.0,1.0
GBS-32537,NEGATIV,1.0,1994,1,1.0,2.0,3.0,8.0,1.0,5.0,1,1.0,1.0,3.0,3.0,3.0,2.0,1.0,1.0,2.0,3.0,3.0,3.0,4.0,3.0,3.0,4.0,3.0,5.0,3.0,4.0,2.0,1.0,5.0,5.0,3.0,3.0,3.0,1.0,3.0
GBS-32579,NEGATIV,1.0,1988,1,1.0,2.0,3.0,5.0,1.0,0.0,1,2.0,3.0,4.0,3.0,3.0,2.0,1.0,1.0,2.0,4.0,3.0,4.0,4.0,4.0,4.0,2.0,3.0,4.0,4.0,4.0,4.0,3.0,4.0,2.0,4.0,4.0,4.0,3.0,3.0
GBS-32719,,1.0,1974,1,1.0,2.0,3.0,2.0,1.0,2.0,1,1.0,1.0,2.0,2.0,4.0,2.0,1.0,1.0,3.0,3.0,4.0,3.0,4.0,3.0,4.0,3.0,4.0,3.0,3.0,1.0,4.0,3.0,4.0,2.0,5.0,3.0,4.0,2.0,3.0
GBS-32725,POSITIV,0.0,1959,1,1.0,1.0,3.0,2.0,1.0,0.0,4,2.0,4.0,4.0,3.0,3.0,2.0,1.0,1.0,3.0,3.0,3.0,4.0,4.0,4.0,4.0,4.0,5.0,1.0,4.0,3.0,2.0,2.0,5.0,2.0,4.0,4.0,5.0,2.0,2.0
GBS-32766,NEGATIV,1.0,1974,1,1.0,2.0,2.0,1.0,1.0,0.0,1,2.0,2.0,4.0,4.0,3.0,1.0,1.0,1.0,2.0,4.0,3.0,4.0,4.0,4.0,4.0,1.0,4.0,1.0,5.0,5.0,5.0,4.0,5.0,4.0,1.0,4.0,5.0,3.0,1.0
GBS-32786,,0.0,1971,1,1.0,1.0,3.0,2.0,1.0,0.0,1,3.0,4.0,4.0,3.0,3.0,2.0,1.0,1.0,3.0,3.0,3.0,4.0,4.0,4.0,4.0,3.0,4.0,4.0,3.0,2.0,3.0,2.0,4.0,2.0,4.0,4.0,4.0,3.0,2.0
GBS-32834,,1.0,1960,1,1.0,1.0,1.0,1.0,1.0,0.0,2,2.0,3.0,3.0,3.0,3.0,2.0,1.0,1.0,3.0,3.0,3.0,4.0,4.0,4.0,4.0,2.0,5.0,2.0,4.0,3.0,4.0,3.0,5.0,2.0,5.0,4.0,5.0,3.0,2.0
GBS-32873,,0.0,1993,1,0.0,2.0,3.0,8.0,2.0,0.0,1,0.0,0.0,4.0,3.0,3.0,2.0,1.0,1.0,3.0,3.0,3.0,4.0,4.0,4.0,4.0,2.0,3.0,2.0,4.0,4.0,5.0,2.0,4.0,1.0,5.0,4.0,5.0,1.0,2.0
GBS-32910,,0.0,1995,1,1.0,2.0,3.0,8.0,1.0,0.0,4,0.0,3.0,1.0,1.0,2.0,3.0,1.0,1.0,3.0,3.0,2.0,1.0,1.0,1.0,4.0,2.0,2.0,5.0,1.0,5.0,3.0,2.0,3.0,5.0,5.0,3.0,2.0,1.0,5.0
GBS-32911,POSITIV,1.0,1996,1,1.0,2.0,3.0,8.0,1.0,5.0,2,2.0,0.0,4.0,3.0,3.0,2.0,1.0,1.0,3.0,3.0,3.0,3.0,4.0,3.0,3.0,4.0,4.0,2.0,2.0,1.0,2.0,2.0,4.0,4.0,4.0,3.0,5.0,3.0,3.0
GBS-33080,NEGATIV,0.0,1990,1,1.0,2.0,2.0,1.0,1.0,0.0,3,1.0,3.0,3.0,2.0,3.0,2.0,1.0,1.0,1.0,2.0,3.0,3.0,4.0,3.0,4.0,2.0,4.0,4.0,2.0,2.0,4.0,3.0,4.0,2.0,5.0,3.0,4.0,3.0,4.0
GBS-33177,NEGATIV,1.0,1994,1,1.0,2.0,3.0,8.0,2.0,0.0,1,0.0,0.0,4.0,4.0,4.0,2.0,1.0,1.0,4.0,3.0,4.0,3.0,3.0,3.0,4.0,2.0,4.0,2.0,3.0,2.0,4.0,3.0,4.0,2.0,4.0,3.0,4.0,4.0,1.0
GBS-33296,,0.0,1972,1,1.0,2.0,3.0,2.0,1.0,4.0,3,2.0,3.0,3.0,2.0,2.0,3.0,1.0,1.0,3.0,2.0,2.0,2.0,3.0,2.0,3.0,4.0,2.0,1.0,3.0,2.0,3.0,4.0,4.0,2.0,4.0,3.0,4.0,2.0,2.0
GBS-33564,NEGATIV,1.0,1991,1,1.0,2.0,3.0,5.0,1.0,3.0,1,1.0,2.0,2.0,3.0,3.0,2.0,1.0,1.0,5.0,3.0,3.0,4.0,4.0,4.0,4.0,2.0,4.0,1.0,2.0,2.0,4.0,5.0,5.0,2.0,5.0,2.0,5.0,4.0,1.0
GBS-33671,POSITIV,0.0,1958,1,1.0,1.0,3.0,5.0,1.0,2.0,1,1.0,2.0,4.0,2.0,3.0,2.0,1.0,1.0,3.0,3.0,3.0,3.0,4.0,2.0,4.0,5.0,3.0,2.0,4.0,2.0,1.0,4.0,5.0,2.0,5.0,4.0,4.0,4.0,1.0
GBS-33740,,1.0,1996,1,1.0,2.0,3.0,8.0,1.0,0.0,1,0.0,0.0,3.0,4.0,3.0,2.0,1.0,1.0,3.0,3.0,3.0,3.0,4.0,4.0,4.0,2.0,3.0,4.0,5.0,1.0,4.0,3.0,5.0,2.0,4.0,4.0,3.0,2.0,3.0
GBS-33811,,1.0,1991,1,1.0,2.0,2.0,1.0,1.0,0.0,1,2.0,2.0,4.0,3.0,3.0,2.0,1.0,1.0,3.0,3.0,3.0,3.0,4.0,3.0,4.0,2.0,5.0,3.0,3.0,4.0,5.0,2.0,5.0,1.0,3.0,2.0,4.0,1.0,2.0
GBS-33916,,1.0,1996,1,1.0,2.0,3.0,8.0,1.0,5.0,1,0.0,0.0,4.0,3.0,3.0,2.0,1.0,1.0,3.0,3.0,3.0,4.0,4.0,4.0,4.0,2.0,5.0,2.0,4.0,1.0,5.0,1.0,5.0,2.0,5.0,3.0,5.0,1.0,2.0
GBS-33930,POSITIV,1.0,1980,1,0.0,1.0,2.0,1.0,1.0,0.0,2,1.0,3.0,4.0,2.0,2.0,2.0,0.0,0.0,3.0,3.0,2.0,3.0,4.0,3.0,4.0,4.0,4.0,2.0,4.0,1.0,4.0,4.0,5.0,2.0,4.0,2.0,5.0,3.0,2.0
GBS-33943,,1.0,1961,1,1.0,1.0,3.0,2.0,1.0,0.0,1,2.0,4.0,3.0,2.0,2.0,3.0,1.0,1.0,3.0,2.0,2.0,3.0,3.0,3.0,3.0,2.0,2.0,1.0,3.0,3.0,4.0,4.0,5.0,2.0,5.0,3.0,2.0,4.0,2.0
GBS-34007,,0.0,1995,1,1.0,2.0,3.0,8.0,2.0,0.0,5,0.0,3.0,3.0,3.0,3.0,2.0,1.0,1.0,3.0,3.0,3.0,3.0,4.0,4.0,4.0,3.0,4.0,4.0,3.0,2.0,3.0,3.0,4.0,4.0,4.0,3.0,4.0,3.0,2.0
GBS-34108,,1.0,1994,1,1.0,2.0,3.0,2.0,1.0,0.0,1,0.0,0.0,4.0,3.0,3.0,2.0,0.0,1.0,3.0,3.0,3.0,3.0,3.0,4.0,4.0,1.0,4.0,2.0,4.0,4.0,5.0,2.0,5.0,2.0,5.0,3.0,4.0,3.0,1.0
GBS-34174,NEGATIV,0.0,1977,1,1.0,2.0,3.0,2.0,1.0,2.0,1,4.0,4.0,3.0,3.0,3.0,2.0,1.0,1.0,5.0,3.0,3.0,3.0,4.0,3.0,3.0,4.0,3.0,4.0,3.0,3.0,2.0,4.0,4.0,2.0,2.0,3.0,4.0,3.0,1.0
GBS-34187,POSITIV,0.0,1992,1,1.0,2.0,3.0,8.0,2.0,0.0,1,1.0,3.0,3.0,3.0,3.0,2.0,1.0,1.0,3.0,4.0,3.0,3.0,3.0,4.0,4.0,2.0,1.0,2.0,5.0,1.0,5.0,5.0,5.0,2.0,4.0,3.0,4.0,2.0,4.0
GBS-34219,POSITIV,0.0,1965,1,1.0,2.0,2.0,1.0,1.0,0.0,1,2.0,2.0,3.0,3.0,3.0,2.0,1.0,1.0,3.0,4.0,3.0,4.0,4.0,4.0,4.0,3.0,4.0,1.0,3.0,4.0,3.0,2.0,4.0,2.0,4.0,4.0,5.0,4.0,1.0
GBS-34264,POSITIV,1.0,1969,1,1.0,1.0,2.0,9.0,1.0,8.0,1,2.0,3.0,3.0,3.0,3.0,2.0,1.0,1.0,3.0,3.0,3.0,3.0,3.0,4.0,4.0,2.0,3.0,1.0,4.0,2.0,4.0,3.0,4.0,3.0,4.0,3.0,3.0,2.0,2.0
GBS-34425,,1.0,1976,0,0.0,1.0,3.0,2.0,1.0,0.0,4,3.0,4.0,4.0,2.0,2.0,3.0,1.0,1.0,3.0,2.0,2.0,3.0,4.0,3.0,4.0,2.0,4.0,2.0,1.0,3.0,4.0,3.0,4.0,3.0,2.0,3.0,4.0,3.0,2.0
GBS-34509,POSITIV,1.0,1985,1,1.0,2.0,3.0,5.0,1.0,3.0,1,2.0,4.0,4.0,3.0,3.0,2.0,1.0,1.0,3.0,3.0,3.0,4.0,4.0,4.0,4.0,5.0,2.0,3.0,2.0,4.0,2.0,4.0,5.0,4.0,2.0,3.0,4.0,4.0,2.0
GBS-34514,,1.0,1983,1,1.0,1.0,3.0,5.0,1.0,0.0,1,2.0,3.0,4.0,3.0,4.0,1.0,1.0,1.0,3.0,4.0,4.0,4.0,3.0,4.0,3.0,4.0,2.0,1.0,4.0,2.0,2.0,3.0,5.0,2.0,5.0,3.0,5.0,4.0,2.0
GBS-34516,,1.0,1996,1,1.0,2.0,3.0,8.0,1.0,0.0,1,0.0,0.0,3.0,4.0,2.0,2.0,1.0,1.0,3.0,2.0,2.0,4.0,4.0,3.0,4.0,4.0,2.0,1.0,2.0,1.0,3.0,1.0,5.0,4.0,5.0,4.0,2.0,3.0,2.0
GBS-34518,NEGATIV,1.0,1987,1,1.0,2.0,3.0,1.0,3.0,0.0,1,1.0,1.0,2.0,2.0,3.0,2.0,1.0,1.0,3.0,3.0,3.0,1.0,3.0,2.0,3.0,4.0,3.0,3.0,2.0,1.0,3.0,3.0,4.0,4.0,4.0,1.0,3.0,2.0,4.0
GBS-34633,,0.0,1989,0,1.0,2.0,3.0,5.0,2.0,0.0,2,0.0,1.0,4.0,3.0,3.0,2.0,0.0,1.0,3.0,3.0,3.0,4.0,4.0,4.0,4.0,2.0,3.0,4.0,4.0,3.0,4.0,3.0,4.0,2.0,5.0,4.0,5.0,2.0,2.0
GBS-34636,POSITIV,1.0,1989,1,1.0,2.0,3.0,5.0,2.0,0.0,1,0.0,1.0,2.0,3.0,2.0,2.0,1.0,1.0,3.0,3.0,2.0,4.0,2.0,4.0,4.0,2.0,4.0,4.0,4.0,1.0,3.0,2.0,4.0,4.0,5.0,3.0,5.0,2.0,1.0
GBS-34669,,1.0,1991,1,1.0,1.0,3.0,5.0,2.0,0.0,2,0.0,0.0,4.0,3.0,3.0,2.0,1.0,1.0,3.0,3.0,3.0,4.0,4.0,4.0,4.0,1.0,4.0,3.0,3.0,5.0,5.0,2.0,5.0,2.0,3.0,3.0,3.0,4.0,1.0
GBS-34701,,0.0,1977,1,1.0,2.0,3.0,2.0,1.0,3.0,3,3.0,4.0,3.0,2.0,2.0,2.0,1.0,1.0,3.0,3.0,2.0,2.0,4.0,3.0,4.0,3.0,4.0,2.0,3.0,1.0,4.0,3.0,5.0,3.0,2.0,2.0,4.0,2.0,1.0
GBS-34753,POSITIV,1.0,1996,1,1.0,2.0,2.0,1.0,1.0,0.0,2,1.0,3.0,4.0,4.0,3.0,2.0,1.0,1.0,3.0,3.0,3.0,3.0,3.0,4.0,4.0,4.0,4.0,4.0,4.0,3.0,2.0,2.0,5.0,3.0,5.0,3.0,4.0,3.0,1.0
GBS-34759,POSITIV,1.0,1987,1,1.0,2.0,3.0,2.0,1.0,0.0,1,2.0,2.0,4.0,3.0,3.0,2.0,1.0,1.0,3.0,3.0,3.0,4.0,4.0,3.0,4.0,2.0,2.0,1.0,4.0,2.0,4.0,2.0,5.0,2.0,2.0,4.0,3.0,2.0,2.0
GBS-34866,NEGATIV,0.0,1975,1,1.0,2.0,3.0,5.0,1.0,0.0,3,2.0,3.0,3.0,3.0,3.0,2.0,1.0,1.0,2.0,3.0,3.0,3.0,3.0,3.0,4.0,4.0,3.0,4.0,2.0,2.0,2.0,2.0,4.0,3.0,5.0,3.0,3.0,4.0,3.0
GBS-34889,,1.0,1978,1,1.0,1.0,3.0,1.0,1.0,0.0,1,1.0,4.0,3.0,3.0,3.0,2.0,1.0,1.0,3.0,3.0,3.0,3.0,3.0,3.0,4.0,2.0,4.0,1.0,3.0,1.0,4.0,3.0,5.0,2.0,5.0,3.0,3.0,1.0,4.0
GBS-34902,,1.0,1989,1,1.0,2.0,3.0,1.0,1.0,0.0,1,0.0,0.0,2.0,4.0,3.0,2.0,1.0,1.0,3.0,3.0,3.0,4.0,4.0,4.0,4.0,4.0,4.0,3.0,4.0,3.0,4.0,4.0,5.0,4.0,3.0,3.0,4.0,2.0,2.0
GBS-34971,POSITIV,0.0,1967,1,1.0,2.0,3.0,5.0,1.0,0.0,1,4.0,4.0,4.0,3.0,3.0,2.0,1.0,1.0,3.0,4.0,3.0,4.0,4.0,4.0,4.0,4.0,4.0,3.0,4.0,3.0,3.0,2.0,4.0,2.0,2.0,4.0,4.0,4.0,2.0
GBS-35109,,0.0,1971,1,1.0,1.0,1.0,1.0,1.0,0.0,3,1.0,2.0,3.0,2.0,3.0,3.0,1.0,1.0,3.0,2.0,3.0,3.0,3.0,4.0,4.0,4.0,4.0,2.0,2.0,2.0,2.0,4.0,4.0,2.0,4.0,3.0,3.0,2.0,1.0
GBS-35137,,1.0,1964,1,1.0,1.0,2.0,1.0,1.0,0.0,2,2.0,3.0,3.0,3.0,3.0,2.0,1.0,1.0,3.0,3.0,3.0,4.0,4.0,4.0,4.0,4.0,4.0,4.0,4.0,4.0,3.0,2.0,5.0,4.0,2.0,4.0,5.0,4.0,2.0
GBS-35139,POSITIV,1.0,1957,1,1.0,1.0,1.0,1.0,1.0,0.0,1,2.0,3.0,3.0,2.0,2.0,3.0,1.0,1.0,3.0,3.0,2.0,4.0,3.0,4.0,4.0,5.0,5.0,1.0,4.0,1.0,3.0,1.0,5.0,4.0,5.0,4.0,5.0,3.0,5.0
GBS-35228,,0.0,1967,1,1.0,1.0,3.0,5.0,1.0,3.0,4,4.0,4.0,4.0,3.0,3.0,2.0,1.0,1.0,3.0,3.0,3.0,3.0,4.0,4.0,4.0,2.0,2.0,3.0,4.0,1.0,4.0,4.0,4.0,2.0,4.0,3.0,4.0,2.0,2.0
GBS-35230,POSITIV,1.0,1957,1,1.0,1.0,1.0,3.0,1.0,1.0,1,0.0,3.0,4.0,3.0,3.0,2.0,1.0,1.0,3.0,3.0,3.0,4.0,4.0,4.0,4.0,4.0,2.0,2.0,4.0,1.0,4.0,3.0,4.0,2.0,5.0,4.0,4.0,2.0,2.0
GBS-35255,,0.0,1966,1,1.0,1.0,3.0,5.0,1.0,0.0,4,4.0,4.0,3.0,3.0,3.0,2.0,1.0,1.0,3.0,3.0,3.0,4.0,3.0,4.0,4.0,3.0,3.0,3.0,4.0,2.0,3.0,2.0,3.0,1.0,4.0,3.0,4.0,2.0,2.0
GBS-35393,POSITIV,0.0,1963,1,1.0,2.0,3.0,5.0,1.0,0.0,1,2.0,3.0,3.0,3.0,3.0,2.0,1.0,1.0,3.0,3.0,3.0,4.0,4.0,4.0,4.0,2.0,4.0,4.0,2.0,4.0,4.0,4.0,4.0,5.0,4.0,3.0,3.0,2.0,2.0
GBS-35531,,0.0,1960,0,1.0,1.0,3.0,2.0,1.0,2.0,3,4.0,4.0,3.0,3.0,3.0,2.0,0.0,1.0,3.0,3.0,3.0,3.0,3.0,4.0,4.0,2.0,4.0,3.0,2.0,3.0,2.0,2.0,4.0,4.0,3.0,4.0,4.0,2.0,2.0
GBS-35794,,0.0,1985,1,1.0,2.0,3.0,5.0,1.0,0.0,2,2.0,2.0,3.0,3.0,3.0,3.0,1.0,1.0,3.0,2.0,3.0,3.0,4.0,4.0,4.0,2.0,4.0,2.0,4.0,1.0,4.0,2.0,4.0,4.0,4.0,3.0,4.0,3.0,3.0
GBS-35800,,0.0,1977,1,1.0,2.0,3.0,5.0,2.0,0.0,1,4.0,4.0,4.0,3.0,3.0,2.0,1.0,1.0,3.0,3.0,3.0,4.0,4.0,4.0,4.0,4.0,2.0,3.0,4.0,2.0,3.0,2.0,4.0,1.0,4.0,4.0,5.0,4.0,1.0
GBS-35839,POSITIV,1.0,1962,1,1.0,1.0,2.0,1.0,1.0,0.0,1,0.0,1.0,1.0,2.0,1.0,4.0,1.0,1.0,3.0,2.0,1.0,2.0,3.0,3.0,3.0,2.0,4.0,2.0,1.0,4.0,4.0,4.0,5.0,5.0,5.0,3.0,3.0,3.0,3.0
GBS-35943,,0.0,1965,1,1.0,2.0,2.0,1.0,1.0,0.0,1,3.0,3.0,2.0,2.0,3.0,2.0,1.0,1.0,3.0,3.0,3.0,4.0,3.0,4.0,4.0,5.0,3.0,4.0,1.0,5.0,2.0,4.0,4.0,1.0,3.0,3.0,4.0,3.0,2.0
GBS-35948,POSITIV,1.0,1992,1,1.0,2.0,3.0,8.0,3.0,5.0,1,1.0,1.0,3.0,3.0,3.0,2.0,1.0,1.0,3.0,3.0,3.0,4.0,3.0,3.0,4.0,1.0,4.0,3.0,2.0,5.0,5.0,5.0,5.0,2.0,2.0,4.0,4.0,4.0,3.0
GBS-35965,NEGATIV,0.0,1966,1,1.0,1.0,3.0,5.0,1.0,0.0,1,3.0,3.0,4.0,4.0,4.0,1.0,1.0,1.0,4.0,4.0,4.0,4.0,4.0,4.0,4.0,3.0,4.0,2.0,5.0,1.0,3.0,1.0,5.0,1.0,5.0,4.0,5.0,4.0,2.0
GBS-36088,NEGATIV,1.0,1983,1,1.0,2.0,3.0,1.0,1.0,0.0,1,0.0,0.0,4.0,3.0,3.0,2.0,1.0,1.0,3.0,3.0,3.0,4.0,4.0,4.0,4.0,5.0,5.0,4.0,5.0,2.0,4.0,3.0,5.0,1.0,4.0,4.0,5.0,3.0,1.0
