,Alter,BRS1,BRS2,BRS3,BRS4,BRS5,BRS6,Berufsgruppe,Erwerbst√§tigkeit,Geschlecht,IE_ext1,IE_ext2,IE_int1,IE_int2,Id,Optimismus,Pessimismus,Schulabschluss,label,woechentlicheArbeitszeit
454,48.0,3.0,2.0,3.0,3.0,3.0,4.0,4.0,1.0,1.0,4.0,4.0,3.0,3.0,GBS+00027,3.0,4.0,3.0,1,4
440,68.0,5.0,1.0,5.0,1.0,5.0,1.0,8.0,1.0,2.0,2.0,1.0,5.0,5.0,GBS+00032,7.0,1.0,5.0,1,1
751,56.0,4.0,4.0,2.0,4.0,2.0,4.0,4.0,1.0,2.0,3.0,3.0,3.0,3.0,GBS+00071,4.0,4.0,3.0,1,3
910,55.0,4.0,2.0,4.0,3.0,4.0,2.0,3.0,1.0,2.0,2.0,2.0,4.0,4.0,GBS+00084,5.0,2.0,4.0,1,3
307,60.0,5.0,2.0,5.0,2.0,5.0,2.0,3.0,1.0,2.0,2.0,2.0,4.0,4.0,GBS+00092,6.0,2.0,5.0,1,5
792,54.0,1.0,5.0,1.0,5.0,1.0,5.0,3.0,1.0,2.0,4.0,5.0,3.0,1.0,GBS+00123,2.0,5.0,2.0,1,5
235,56.0,5.0,2.0,5.0,1.0,5.0,2.0,3.0,1.0,1.0,2.0,2.0,4.0,4.0,GBS+00135,5.0,3.0,5.0,1,3
691,70.0,4.0,3.0,4.0,4.0,4.0,3.0,3.0,1.0,1.0,2.0,2.0,4.0,3.0,GBS+00143,2.0,6.0,3.0,1,5
578,56.0,5.0,2.0,4.0,2.0,4.0,1.0,3.0,1.0,2.0,1.0,1.0,5.0,5.0,GBS+00155,6.0,2.0,5.0,1,3
934,68.0,5.0,2.0,4.0,2.0,4.0,2.0,4.0,1.0,1.0,2.0,1.0,4.0,4.0,GBS+00172,6.0,1.0,3.0,1,1
545,48.0,5.0,1.0,5.0,2.0,5.0,2.0,3.0,1.0,2.0,1.0,1.0,5.0,4.0,GBS+00179,6.0,1.0,4.0,1,3
628,56.0,4.0,2.0,3.0,4.0,4.0,5.0,3.0,1.0,2.0,2.0,4.0,4.0,3.0,GBS+00180,7.0,1.0,4.0,1,5
528,59.0,4.0,2.0,4.0,2.0,4.0,2.0,3.0,1.0,2.0,1.0,1.0,5.0,4.0,GBS+00183,7.0,1.0,4.0,1,5
600,61.0,2.0,3.0,4.0,3.0,2.0,3.0,3.0,1.0,1.0,2.0,3.0,3.0,3.0,GBS+00199,4.0,4.0,3.0,1,3
635,55.0,4.0,3.0,3.0,4.0,2.0,3.0,3.0,1.0,2.0,2.0,3.0,4.0,4.0,GBS+00226,6.0,2.0,3.0,1,3
972,42.0,2.0,4.0,2.0,4.0,2.0,4.0,3.0,1.0,1.0,3.0,2.0,4.0,4.0,GBS+00232,3.0,5.0,3.0,1,3
993,59.0,3.0,4.0,3.0,4.0,3.0,4.0,3.0,1.0,1.0,3.0,4.0,4.0,3.0,GBS+00234,4.0,5.0,3.0,1,3
938,58.0,4.0,3.0,3.0,3.0,4.0,3.0,3.0,1.0,1.0,3.0,3.0,4.0,4.0,GBS+00242,6.0,2.0,5.0,1,3
94,65.0,2.0,3.0,2.0,3.0,2.0,3.0,8.0,1.0,2.0,2.0,3.0,3.0,3.0,GBS+00253,3.0,5.0,3.0,1,3
132,49.0,4.0,5.0,5.0,1.0,5.0,2.0,3.0,1.0,2.0,2.0,2.0,5.0,5.0,GBS+00259,7.0,2.0,3.0,1,3
276,59.0,3.0,2.0,4.0,3.0,3.0,2.0,3.0,1.0,2.0,2.0,5.0,3.0,4.0,GBS+00271,4.0,5.0,3.0,1,5
70,61.0,5.0,1.0,5.0,1.0,5.0,1.0,3.0,1.0,2.0,1.0,1.0,5.0,5.0,GBS+00272,7.0,1.0,4.0,1,3
309,52.0,5.0,2.0,5.0,2.0,5.0,1.0,3.0,1.0,2.0,1.0,2.0,5.0,5.0,GBS-01709,6.0,2.0,3.0,1,5
620,53.0,4.0,2.0,1.0,1.0,4.0,2.0,3.0,1.0,1.0,3.0,2.0,3.0,4.0,GBS-01759,7.0,1.0,2.0,1,5
28,47.0,4.0,2.0,4.0,2.0,4.0,2.0,3.0,1.0,1.0,2.0,2.0,5.0,4.0,GBS-01820,6.0,2.0,5.0,1,5
560,36.0,4.0,2.0,2.0,2.0,4.0,1.0,8.0,1.0,2.0,2.0,1.0,4.0,4.0,GBS-01925,7.0,2.0,5.0,1,1
608,21.0,3.0,5.0,2.0,5.0,2.0,5.0,3.0,1.0,2.0,2.0,2.0,4.0,4.0,GBS-02103,6.0,3.0,4.0,1,5
822,32.0,4.0,1.0,5.0,2.0,5.0,1.0,3.0,1.0,2.0,3.0,2.0,5.0,5.0,GBS-02826,2.0,6.0,4.0,1,3
665,34.0,4.0,1.0,4.0,2.0,4.0,2.0,3.0,1.0,1.0,3.0,2.0,4.0,5.0,GBS-03597,6.0,3.0,4.0,1,3
170,21.0,4.0,4.0,3.0,3.0,2.0,4.0,8.0,2.0,1.0,2.0,2.0,3.0,4.0,GBS-03772,4.0,4.0,4.0,1,1
35,47.0,1.0,5.0,1.0,5.0,1.0,5.0,3.0,1.0,1.0,-1.0,-1.0,1.0,1.0,GBS-03802,-1.0,-1.0,4.0,1,5
141,31.0,5.0,2.0,4.0,2.0,5.0,2.0,3.0,1.0,1.0,2.0,1.0,5.0,5.0,GBS-03833,7.0,1.0,5.0,1,4
970,31.0,4.0,4.0,3.0,1.0,3.0,2.0,3.0,1.0,1.0,2.0,5.0,5.0,5.0,GBS-04010,1.0,6.0,3.0,1,5
592,36.0,4.0,4.0,4.0,2.0,4.0,2.0,3.0,1.0,1.0,2.0,2.0,4.0,4.0,GBS-04352,5.0,3.0,5.0,1,3
479,39.0,4.0,4.0,4.0,2.0,4.0,2.0,5.0,1.0,1.0,2.0,4.0,4.0,3.0,GBS-04558,5.0,3.0,4.0,1,3
768,35.0,5.0,2.0,5.0,2.0,5.0,2.0,3.0,1.0,2.0,1.0,2.0,5.0,5.0,GBS-04614,6.0,2.0,4.0,1,2
515,50.0,3.0,2.0,3.0,3.0,4.0,4.0,3.0,1.0,1.0,3.0,3.0,4.0,4.0,GBS-04665,5.0,3.0,3.0,1,4
189,47.0,3.0,3.0,4.0,2.0,4.0,2.0,3.0,1.0,1.0,3.0,2.0,3.0,2.0,GBS-04771,5.0,2.0,5.0,1,3
227,45.0,5.0,1.0,5.0,1.0,5.0,1.0,5.0,1.0,1.0,1.0,1.0,5.0,5.0,GBS-04789,7.0,1.0,5.0,1,3
11,26.0,4.0,3.0,4.0,3.0,4.0,3.0,8.0,1.0,1.0,2.0,2.0,4.0,4.0,GBS-04964,6.0,2.0,5.0,1,2
232,50.0,4.0,4.0,4.0,3.0,2.0,5.0,8.0,1.0,1.0,-1.0,-1.0,4.0,1.0,GBS-05025,6.0,2.0,2.0,1,1
472,38.0,4.0,4.0,4.0,5.0,5.0,1.0,3.0,1.0,1.0,3.0,2.0,4.0,3.0,GBS-05132,6.0,2.0,4.0,1,5
744,37.0,3.0,2.0,3.0,1.0,4.0,1.0,3.0,1.0,1.0,4.0,3.0,4.0,4.0,GBS-05278,2.0,6.0,2.0,1,5
21,37.0,2.0,2.0,2.0,3.0,4.0,3.0,3.0,1.0,1.0,2.0,1.0,5.0,4.0,GBS-05283,5.0,4.0,5.0,1,5
451,40.0,3.0,4.0,3.0,4.0,3.0,4.0,3.0,1.0,1.0,4.0,4.0,4.0,4.0,GBS-05332,5.0,3.0,5.0,1,3
534,39.0,3.0,4.0,3.0,3.0,3.0,2.0,3.0,1.0,2.0,3.0,2.0,4.0,4.0,GBS-05426,5.0,3.0,1.0,1,5
13,34.0,4.0,2.0,4.0,2.0,5.0,1.0,2.0,1.0,1.0,2.0,1.0,4.0,4.0,GBS-05717,6.0,2.0,5.0,1,4
84,45.0,4.0,2.0,5.0,5.0,4.0,4.0,3.0,1.0,2.0,2.0,1.0,4.0,4.0,GBS-05758,6.0,3.0,5.0,1,2
729,28.0,4.0,5.0,4.0,3.0,5.0,1.0,3.0,1.0,2.0,1.0,3.0,5.0,4.0,GBS-05832,2.0,5.0,3.0,1,2
852,46.0,4.0,3.0,4.0,3.0,3.0,3.0,8.0,1.0,1.0,4.0,3.0,3.0,3.0,GBS-06055,5.0,4.0,4.0,1,3
796,23.0,4.0,1.0,3.0,2.0,4.0,2.0,3.0,1.0,1.0,2.0,1.0,4.0,5.0,GBS-06611,4.0,3.0,4.0,1,5
845,24.0,4.0,3.0,2.0,4.0,4.0,1.0,8.0,1.0,1.0,2.0,1.0,3.0,5.0,GBS-06637,5.0,2.0,4.0,1,3
129,39.0,3.0,2.0,2.0,2.0,4.0,2.0,3.0,1.0,1.0,4.0,5.0,3.0,2.0,GBS-06786,3.0,6.0,4.0,1,5
39,28.0,4.0,3.0,4.0,1.0,4.0,1.0,3.0,1.0,2.0,1.0,1.0,4.0,4.0,GBS-06972,6.0,2.0,5.0,1,5
916,24.0,4.0,2.0,4.0,3.0,4.0,2.0,3.0,1.0,1.0,2.0,3.0,4.0,4.0,GBS-06978,6.0,2.0,5.0,1,5
605,32.0,4.0,2.0,4.0,1.0,4.0,2.0,3.0,1.0,1.0,2.0,2.0,5.0,5.0,GBS-07018,6.0,2.0,5.0,1,5
114,25.0,5.0,1.0,4.0,2.0,5.0,1.0,5.0,1.0,1.0,1.0,1.0,5.0,5.0,GBS-07026,7.0,1.0,4.0,1,4
97,44.0,4.0,2.0,4.0,2.0,4.0,2.0,3.0,1.0,2.0,4.0,1.0,5.0,4.0,GBS-07100,6.0,2.0,4.0,1,5
431,31.0,4.0,2.0,4.0,2.0,4.0,1.0,2.0,1.0,1.0,1.0,1.0,5.0,5.0,GBS-07206,7.0,1.0,5.0,1,3
677,47.0,3.0,3.0,2.0,3.0,3.0,2.0,3.0,1.0,1.0,3.0,2.0,3.0,4.0,GBS-07239,5.0,2.0,4.0,1,4
179,36.0,3.0,4.0,2.0,3.0,4.0,3.0,3.0,1.0,1.0,3.0,3.0,4.0,4.0,GBS-07345,5.0,4.0,3.0,1,3
658,52.0,5.0,2.0,5.0,4.0,4.0,1.0,3.0,1.0,1.0,2.0,1.0,4.0,4.0,GBS-07790,6.0,1.0,5.0,1,3
891,39.0,5.0,2.0,5.0,5.0,5.0,2.0,3.0,1.0,2.0,2.0,3.0,4.0,5.0,GBS-07922,6.0,2.0,3.0,1,5
409,37.0,4.0,2.0,4.0,1.0,4.0,1.0,3.0,1.0,1.0,2.0,2.0,4.0,4.0,GBS-07934,6.0,2.0,5.0,1,5
884,26.0,4.0,2.0,3.0,2.0,2.0,3.0,3.0,1.0,1.0,2.0,3.0,4.0,4.0,GBS-08013,5.0,2.0,4.0,1,5
50,33.0,4.0,1.0,5.0,2.0,4.0,2.0,3.0,1.0,2.0,2.0,2.0,5.0,4.0,GBS-08239,5.0,4.0,4.0,1,5
354,20.0,4.0,2.0,4.0,3.0,2.0,3.0,3.0,1.0,2.0,2.0,2.0,4.0,5.0,GBS-08252,6.0,2.0,4.0,1,5
166,41.0,4.0,2.0,4.0,2.0,4.0,2.0,3.0,1.0,2.0,2.0,2.0,4.0,4.0,GBS-08458,5.0,2.0,4.0,1,3
193,46.0,4.0,1.0,4.0,1.0,4.0,1.0,3.0,1.0,2.0,1.0,2.0,5.0,5.0,GBS-08636,6.0,1.0,2.0,1,3
237,25.0,5.0,2.0,4.0,1.0,4.0,2.0,8.0,2.0,1.0,1.0,1.0,4.0,5.0,GBS-08794,7.0,1.0,4.0,1,1
739,31.0,4.0,2.0,4.0,2.0,4.0,2.0,3.0,1.0,1.0,2.0,2.0,4.0,5.0,GBS-08937,6.0,2.0,5.0,1,5
618,32.0,4.0,2.0,4.0,3.0,4.0,2.0,3.0,1.0,2.0,3.0,2.0,3.0,4.0,GBS-09239,6.0,1.0,5.0,1,5
961,35.0,5.0,5.0,4.0,3.0,5.0,3.0,4.0,1.0,1.0,2.0,2.0,5.0,4.0,GBS-09326,7.0,2.0,5.0,1,5
720,34.0,5.0,1.0,5.0,1.0,5.0,1.0,3.0,1.0,1.0,1.0,1.0,4.0,5.0,GBS-09377,7.0,1.0,4.0,1,3
196,46.0,4.0,2.0,4.0,4.0,4.0,2.0,3.0,1.0,1.0,2.0,2.0,4.0,4.0,GBS-09480,6.0,2.0,5.0,1,5
950,50.0,4.0,5.0,5.0,5.0,5.0,4.0,3.0,1.0,1.0,2.0,1.0,4.0,4.0,GBS-09482,7.0,7.0,4.0,1,5
872,19.0,4.0,2.0,4.0,3.0,4.0,3.0,8.0,2.0,1.0,2.0,2.0,5.0,5.0,GBS-09510,5.0,2.0,4.0,1,1
374,35.0,5.0,2.0,1.0,3.0,3.0,2.0,4.0,1.0,2.0,2.0,3.0,5.0,4.0,GBS-09543,5.0,2.0,5.0,1,4
714,33.0,4.0,2.0,3.0,3.0,2.0,2.0,3.0,1.0,1.0,1.0,2.0,3.0,4.0,GBS-09575,7.0,2.0,5.0,1,3
249,24.0,5.0,1.0,5.0,2.0,5.0,2.0,3.0,1.0,1.0,2.0,1.0,5.0,5.0,GBS-10009,7.0,2.0,5.0,1,3
287,54.0,3.0,3.0,2.0,2.0,2.0,5.0,3.0,1.0,2.0,3.0,3.0,5.0,2.0,GBS-10357,6.0,3.0,3.0,1,3
886,55.0,5.0,2.0,4.0,2.0,4.0,2.0,3.0,1.0,2.0,2.0,3.0,4.0,4.0,GBS-10465,7.0,1.0,5.0,1,5
76,55.0,3.0,2.0,4.0,2.0,4.0,3.0,3.0,2.0,1.0,2.0,2.0,4.0,3.0,GBS-10566,4.0,3.0,3.0,1,3
566,21.0,3.0,4.0,2.0,4.0,4.0,2.0,3.0,1.0,2.0,2.0,2.0,4.0,4.0,GBS-10611,3.0,5.0,4.0,1,5
298,69.0,4.0,4.0,3.0,4.0,4.0,2.0,3.0,1.0,1.0,2.0,3.0,4.0,3.0,GBS-10726,7.0,1.0,4.0,1,5
379,56.0,5.0,3.0,4.0,3.0,4.0,2.0,3.0,1.0,1.0,2.0,2.0,3.0,4.0,GBS-10728,7.0,2.0,5.0,1,4
61,31.0,5.0,1.0,1.0,1.0,5.0,1.0,3.0,1.0,1.0,3.0,2.0,5.0,4.0,GBS-11050,5.0,5.0,5.0,1,5
402,49.0,5.0,2.0,5.0,1.0,4.0,2.0,3.0,1.0,1.0,2.0,2.0,4.0,4.0,GBS-11134,6.0,2.0,4.0,1,5
846,54.0,2.0,3.0,3.0,3.0,3.0,3.0,5.0,1.0,2.0,2.0,3.0,4.0,4.0,GBS-11163,5.0,3.0,1.0,1,3
105,66.0,5.0,3.0,4.0,3.0,3.0,3.0,3.0,1.0,1.0,2.0,2.0,4.0,5.0,GBS-11170,7.0,1.0,3.0,1,5
672,67.0,4.0,1.0,3.0,4.0,5.0,2.0,3.0,1.0,2.0,3.0,3.0,4.0,4.0,GBS-11186,7.0,1.0,4.0,1,5
516,60.0,2.0,2.0,4.0,4.0,2.0,4.0,3.0,1.0,2.0,3.0,2.0,3.0,2.0,GBS-11239,4.0,4.0,3.0,1,3
364,25.0,3.0,2.0,3.0,2.0,4.0,2.0,4.0,1.0,1.0,2.0,2.0,5.0,4.0,GBS-11245,5.0,4.0,5.0,1,4
772,39.0,4.0,3.0,4.0,2.0,4.0,2.0,3.0,2.0,1.0,3.0,3.0,4.0,4.0,GBS-11471,3.0,5.0,4.0,1,2
429,68.0,4.0,1.0,4.0,4.0,4.0,2.0,3.0,1.0,1.0,2.0,3.0,4.0,4.0,GBS-11517,6.0,2.0,5.0,1,5
790,59.0,3.0,2.0,3.0,4.0,3.0,2.0,3.0,1.0,2.0,3.0,2.0,4.0,4.0,GBS-11605,6.0,2.0,3.0,1,5
724,20.0,5.0,2.0,4.0,4.0,5.0,1.0,8.0,2.0,1.0,2.0,3.0,4.0,5.0,GBS-11674,5.0,2.0,4.0,1,3
968,36.0,3.0,4.0,3.0,3.0,3.0,3.0,3.0,1.0,1.0,3.0,-1.0,5.0,5.0,GBS-11744,5.0,3.0,5.0,1,5
338,45.0,4.0,2.0,2.0,2.0,4.0,2.0,3.0,1.0,1.0,1.0,1.0,5.0,5.0,GBS-11844,6.0,2.0,3.0,1,5
311,31.0,2.0,3.0,2.0,4.0,4.0,3.0,3.0,1.0,2.0,2.0,3.0,3.0,4.0,GBS-11954,5.0,2.0,5.0,1,5
953,27.0,4.0,2.0,4.0,2.0,5.0,1.0,3.0,1.0,1.0,2.0,2.0,4.0,5.0,GBS-12008,6.0,2.0,5.0,1,3
340,64.0,4.0,2.0,4.0,2.0,4.0,2.0,3.0,1.0,1.0,2.0,2.0,4.0,4.0,GBS-12183,6.0,2.0,5.0,1,5
427,39.0,5.0,3.0,3.0,3.0,2.0,3.0,3.0,1.0,2.0,1.0,1.0,4.0,4.0,GBS-12188,7.0,3.0,4.0,1,5
60,36.0,4.0,1.0,5.0,3.0,4.0,3.0,3.0,1.0,2.0,1.0,1.0,5.0,5.0,GBS-12419,7.0,1.0,2.0,1,5
694,55.0,4.0,3.0,4.0,4.0,4.0,3.0,3.0,1.0,1.0,4.0,3.0,4.0,3.0,GBS-12449,4.0,4.0,4.0,1,3
914,34.0,3.0,3.0,3.0,4.0,3.0,4.0,3.0,1.0,1.0,3.0,3.0,5.0,5.0,GBS-12522,6.0,2.0,2.0,1,5
920,34.0,4.0,3.0,2.0,2.0,4.0,2.0,3.0,1.0,2.0,1.0,1.0,4.0,5.0,GBS-12776,6.0,2.0,5.0,1,5
292,32.0,3.0,2.0,3.0,4.0,4.0,2.0,3.0,1.0,1.0,3.0,2.0,4.0,3.0,GBS-12802,5.0,2.0,5.0,1,5
388,54.0,3.0,4.0,3.0,4.0,3.0,4.0,3.0,1.0,1.0,4.0,2.0,3.0,3.0,GBS-12814,4.0,4.0,5.0,1,5
760,35.0,2.0,3.0,3.0,2.0,2.0,5.0,3.0,1.0,2.0,3.0,3.0,5.0,4.0,GBS-12844,4.0,3.0,2.0,1,5
151,57.0,4.0,2.0,4.0,2.0,4.0,2.0,3.0,1.0,2.0,1.0,2.0,4.0,4.0,GBS-12902,5.0,2.0,1.0,1,3
444,55.0,3.0,2.0,3.0,2.0,4.0,2.0,3.0,1.0,2.0,2.0,2.0,4.0,3.0,GBS-12909,5.0,2.0,4.0,1,5
443,55.0,4.0,2.0,4.0,2.0,4.0,2.0,3.0,1.0,2.0,2.0,2.0,4.0,4.0,GBS-12909,6.0,2.0,4.0,1,5
975,33.0,4.0,2.0,5.0,2.0,5.0,1.0,3.0,1.0,2.0,2.0,2.0,4.0,4.0,GBS-12958,5.0,2.0,5.0,1,5
282,35.0,4.0,3.0,3.0,2.0,4.0,4.0,3.0,1.0,1.0,2.0,3.0,4.0,4.0,GBS-12975,5.0,3.0,5.0,1,3
464,55.0,2.0,4.0,2.0,4.0,2.0,4.0,3.0,1.0,1.0,2.0,2.0,3.0,4.0,GBS-13016,5.0,4.0,3.0,1,5
346,52.0,2.0,4.0,2.0,2.0,2.0,2.0,3.0,1.0,1.0,2.0,2.0,4.0,4.0,GBS-13031,5.0,4.0,1.0,1,5
412,24.0,2.0,3.0,4.0,2.0,4.0,3.0,8.0,2.0,1.0,3.0,2.0,4.0,4.0,GBS-13062,4.0,4.0,4.0,1,2
787,57.0,4.0,2.0,2.0,3.0,4.0,2.0,3.0,1.0,2.0,2.0,2.0,4.0,4.0,GBS-13073,6.0,2.0,4.0,1,5
295,38.0,3.0,3.0,2.0,2.0,3.0,2.0,2.0,1.0,2.0,2.0,2.0,4.0,4.0,GBS-13099,6.0,2.0,5.0,1,3
668,57.0,4.0,3.0,2.0,4.0,3.0,5.0,3.0,1.0,1.0,2.0,3.0,4.0,3.0,GBS-13131,4.0,5.0,5.0,1,5
603,35.0,4.0,2.0,5.0,4.0,5.0,2.0,3.0,1.0,2.0,1.0,1.0,5.0,5.0,GBS-13186,6.0,2.0,5.0,1,5
964,49.0,5.0,2.0,4.0,1.0,5.0,1.0,8.0,1.0,1.0,2.0,2.0,4.0,5.0,GBS-13240,7.0,2.0,4.0,1,5
474,50.0,4.0,1.0,4.0,1.0,4.0,1.0,3.0,1.0,2.0,2.0,2.0,5.0,5.0,GBS-13246,6.0,2.0,4.0,1,5
380,30.0,4.0,2.0,4.0,1.0,4.0,3.0,3.0,1.0,1.0,4.0,3.0,3.0,4.0,GBS-13275,6.0,3.0,5.0,1,3
570,35.0,2.0,2.0,4.0,4.0,2.0,3.0,3.0,1.0,2.0,2.0,2.0,4.0,4.0,GBS-13305,5.0,2.0,4.0,1,3
826,68.0,5.0,2.0,5.0,2.0,5.0,2.0,2.0,1.0,2.0,2.0,2.0,4.0,5.0,GBS-13315,7.0,1.0,5.0,1,1
604,22.0,2.0,3.0,3.0,4.0,2.0,3.0,8.0,1.0,2.0,4.0,3.0,2.0,4.0,GBS-13345,6.0,2.0,3.0,1,5
784,21.0,3.0,3.0,3.0,2.0,3.0,2.0,8.0,1.0,2.0,3.0,4.0,4.0,4.0,GBS-13373,6.0,4.0,4.0,1,1
856,41.0,5.0,1.0,5.0,2.0,5.0,1.0,3.0,1.0,1.0,1.0,2.0,5.0,3.0,GBS-13381,7.0,2.0,5.0,1,5
797,35.0,4.0,2.0,4.0,2.0,4.0,2.0,3.0,1.0,1.0,2.0,1.0,4.0,3.0,GBS-13474,5.0,2.0,5.0,1,4
198,52.0,4.0,2.0,4.0,2.0,4.0,2.0,3.0,1.0,1.0,2.0,3.0,4.0,4.0,GBS-13496,6.0,2.0,5.0,1,5
37,63.0,4.0,2.0,4.0,3.0,3.0,2.0,3.0,1.0,2.0,1.0,1.0,4.0,4.0,GBS-13506,7.0,1.0,2.0,1,5
322,39.0,5.0,2.0,5.0,2.0,4.0,2.0,3.0,1.0,1.0,2.0,2.0,5.0,4.0,GBS-13515,7.0,2.0,5.0,1,5
277,53.0,4.0,1.0,3.0,2.0,4.0,2.0,3.0,1.0,1.0,2.0,3.0,5.0,5.0,GBS-13538,7.0,1.0,5.0,1,5
274,57.0,4.0,4.0,4.0,2.0,4.0,2.0,3.0,1.0,1.0,1.0,1.0,4.0,4.0,GBS-13608,6.0,1.0,5.0,1,5
987,34.0,4.0,2.0,3.0,2.0,4.0,2.0,3.0,1.0,2.0,2.0,1.0,5.0,5.0,GBS-13836,5.0,3.0,5.0,1,1
317,38.0,2.0,4.0,2.0,4.0,2.0,4.0,3.0,1.0,2.0,2.0,3.0,5.0,3.0,GBS-13969,2.0,6.0,4.0,1,5
222,29.0,4.0,2.0,4.0,2.0,4.0,2.0,8.0,1.0,1.0,2.0,2.0,5.0,5.0,GBS-14001,6.0,3.0,5.0,1,5
766,54.0,4.0,2.0,4.0,2.0,4.0,2.0,3.0,1.0,2.0,3.0,2.0,5.0,4.0,GBS-14152,5.0,2.0,4.0,1,2
556,44.0,3.0,4.0,3.0,1.0,2.0,3.0,3.0,1.0,2.0,2.0,3.0,4.0,4.0,GBS-14296,7.0,1.0,3.0,1,5
221,67.0,4.0,2.0,5.0,2.0,2.0,2.0,8.0,1.0,2.0,2.0,2.0,5.0,4.0,GBS-14324,7.0,1.0,5.0,1,1
684,44.0,2.0,3.0,4.0,4.0,3.0,3.0,3.0,1.0,2.0,2.0,2.0,3.0,4.0,GBS-14417,5.0,3.0,4.0,1,3
78,30.0,2.0,4.0,2.0,4.0,2.0,5.0,3.0,1.0,1.0,2.0,2.0,3.0,3.0,GBS-14463,5.0,3.0,4.0,1,3
781,50.0,5.0,2.0,4.0,2.0,4.0,2.0,3.0,1.0,2.0,1.0,1.0,5.0,4.0,GBS-14469,6.0,1.0,4.0,1,5
290,59.0,5.0,1.0,5.0,2.0,5.0,2.0,3.0,1.0,1.0,2.0,2.0,5.0,5.0,GBS-14554,7.0,2.0,4.0,1,5
941,54.0,4.0,4.0,4.0,5.0,4.0,2.0,3.0,1.0,2.0,3.0,2.0,2.0,3.0,GBS-14585,5.0,2.0,3.0,1,5
230,32.0,4.0,2.0,4.0,4.0,3.0,3.0,3.0,1.0,2.0,2.0,1.0,4.0,3.0,GBS-14829,6.0,2.0,5.0,1,3
112,34.0,4.0,2.0,3.0,1.0,5.0,1.0,4.0,1.0,1.0,1.0,2.0,5.0,4.0,GBS-14843,7.0,2.0,5.0,1,4
52,70.0,4.0,2.0,5.0,1.0,5.0,2.0,3.0,1.0,1.0,2.0,2.0,4.0,4.0,GBS-14859,6.0,2.0,2.0,1,5
465,46.0,4.0,2.0,3.0,4.0,2.0,3.0,4.0,1.0,1.0,4.0,2.0,4.0,3.0,GBS-14885,6.0,2.0,4.0,1,3
904,47.0,5.0,2.0,4.0,2.0,5.0,2.0,3.0,1.0,2.0,1.0,1.0,5.0,4.0,GBS-14919,5.0,2.0,2.0,1,3
133,42.0,5.0,1.0,5.0,2.0,5.0,1.0,8.0,1.0,1.0,2.0,1.0,5.0,5.0,GBS-15191,6.0,1.0,5.0,1,3
917,47.0,5.0,1.0,1.0,1.0,5.0,1.0,3.0,1.0,2.0,2.0,2.0,5.0,5.0,GBS-15251,6.0,1.0,2.0,1,3
887,50.0,4.0,2.0,4.0,4.0,2.0,2.0,3.0,1.0,2.0,4.0,5.0,3.0,1.0,GBS-15259,4.0,4.0,4.0,1,3
615,56.0,4.0,2.0,4.0,3.0,4.0,2.0,3.0,1.0,2.0,2.0,2.0,4.0,3.0,GBS-15333,7.0,2.0,4.0,1,2
303,57.0,4.0,2.0,4.0,2.0,5.0,1.0,3.0,1.0,1.0,1.0,2.0,4.0,4.0,GBS-15360,6.0,1.0,5.0,1,5
908,39.0,4.0,2.0,4.0,2.0,5.0,2.0,3.0,1.0,2.0,1.0,3.0,4.0,4.0,GBS-15399,6.0,2.0,4.0,1,3
214,61.0,4.0,2.0,4.0,2.0,4.0,2.0,3.0,1.0,1.0,2.0,2.0,4.0,4.0,GBS-15434,6.0,2.0,4.0,1,5
138,60.0,4.0,2.0,4.0,2.0,4.0,2.0,3.0,1.0,1.0,2.0,2.0,5.0,4.0,GBS-15526,7.0,2.0,5.0,1,5
871,71.0,4.0,2.0,4.0,2.0,4.0,2.0,3.0,1.0,2.0,1.0,2.0,5.0,4.0,GBS-15615,6.0,2.0,5.0,1,5
959,44.0,4.0,2.0,4.0,2.0,4.0,2.0,3.0,1.0,2.0,2.0,2.0,4.0,4.0,GBS-15641,7.0,2.0,4.0,1,2
457,61.0,2.0,4.0,4.0,2.0,4.0,2.0,3.0,1.0,2.0,2.0,2.0,5.0,5.0,GBS-15827,6.0,2.0,3.0,1,5
651,51.0,4.0,2.0,5.0,1.0,5.0,1.0,3.0,1.0,1.0,3.0,2.0,5.0,4.0,GBS-15924,5.0,2.0,5.0,1,3
590,42.0,1.0,4.0,1.0,5.0,1.0,5.0,8.0,1.0,2.0,2.0,3.0,5.0,4.0,GBS-15994,7.0,1.0,3.0,1,1
363,21.0,4.0,2.0,4.0,3.0,4.0,2.0,3.0,1.0,2.0,2.0,3.0,5.0,4.0,GBS-16002,6.0,4.0,4.0,1,5
239,65.0,5.0,3.0,4.0,2.0,4.0,1.0,8.0,1.0,1.0,2.0,1.0,5.0,5.0,GBS-16118,7.0,2.0,1.0,1,4
281,53.0,4.0,2.0,4.0,4.0,4.0,1.0,3.0,1.0,1.0,2.0,2.0,4.0,4.0,GBS-16120,7.0,1.0,5.0,1,5
247,48.0,5.0,2.0,5.0,2.0,5.0,1.0,3.0,1.0,1.0,2.0,1.0,5.0,4.0,GBS-16153,7.0,1.0,3.0,1,5
229,36.0,5.0,1.0,5.0,1.0,5.0,1.0,3.0,1.0,2.0,1.0,2.0,5.0,4.0,GBS-16304,6.0,2.0,5.0,1,5
415,59.0,4.0,2.0,2.0,2.0,2.0,4.0,4.0,1.0,2.0,4.0,4.0,4.0,4.0,GBS-16462,6.0,2.0,3.0,1,3
839,63.0,4.0,1.0,4.0,2.0,5.0,1.0,3.0,1.0,1.0,2.0,2.0,5.0,4.0,GBS-16614,7.0,1.0,5.0,1,5
776,54.0,3.0,2.0,3.0,2.0,2.0,2.0,3.0,1.0,1.0,2.0,2.0,4.0,4.0,GBS-16623,6.0,2.0,5.0,1,5
163,66.0,5.0,5.0,5.0,1.0,5.0,1.0,3.0,1.0,1.0,1.0,1.0,5.0,5.0,GBS-16739,7.0,1.0,5.0,1,5
359,27.0,4.0,2.0,4.0,1.0,4.0,1.0,3.0,1.0,1.0,2.0,2.0,4.0,4.0,GBS-16786,6.0,2.0,5.0,1,5
569,49.0,4.0,2.0,4.0,2.0,4.0,2.0,5.0,1.0,1.0,2.0,2.0,3.0,3.0,GBS-16831,5.0,4.0,5.0,1,5
507,32.0,4.0,3.0,3.0,3.0,3.0,2.0,3.0,1.0,2.0,2.0,4.0,4.0,4.0,GBS-16879,3.0,5.0,5.0,1,5
731,58.0,5.0,3.0,5.0,2.0,4.0,2.0,3.0,1.0,2.0,1.0,1.0,5.0,3.0,GBS-16911,7.0,2.0,5.0,1,3
321,56.0,2.0,4.0,2.0,4.0,2.0,4.0,3.0,1.0,2.0,3.0,3.0,4.0,4.0,GBS-16915,5.0,2.0,5.0,1,3
142,31.0,4.0,2.0,4.0,3.0,3.0,3.0,4.0,1.0,2.0,2.0,2.0,5.0,5.0,GBS-17012,7.0,1.0,5.0,1,3
838,57.0,2.0,2.0,4.0,3.0,2.0,5.0,3.0,1.0,2.0,3.0,5.0,4.0,4.0,GBS-17060,4.0,2.0,3.0,1,3
963,64.0,5.0,2.0,4.0,2.0,4.0,3.0,3.0,1.0,1.0,2.0,1.0,4.0,4.0,GBS-17080,6.0,2.0,5.0,1,5
595,43.0,4.0,2.0,4.0,2.0,4.0,1.0,3.0,1.0,2.0,1.0,1.0,4.0,4.0,GBS-17251,7.0,1.0,5.0,1,3
157,51.0,5.0,1.0,5.0,1.0,5.0,2.0,3.0,1.0,1.0,1.0,1.0,4.0,4.0,GBS-17260,6.0,1.0,5.0,1,3
145,21.0,5.0,2.0,4.0,1.0,4.0,2.0,3.0,1.0,1.0,1.0,2.0,5.0,5.0,GBS-17401,5.0,2.0,4.0,1,5
256,41.0,5.0,5.0,5.0,1.0,5.0,1.0,2.0,1.0,1.0,1.0,1.0,5.0,5.0,GBS-17417,7.0,1.0,1.0,1,3
750,34.0,3.0,3.0,3.0,4.0,4.0,2.0,3.0,1.0,1.0,1.0,3.0,5.0,4.0,GBS-17490,5.0,2.0,3.0,1,5
186,25.0,3.0,2.0,2.0,2.0,4.0,2.0,3.0,1.0,1.0,2.0,1.0,5.0,4.0,GBS-17656,6.0,2.0,5.0,1,1
770,32.0,4.0,2.0,4.0,2.0,4.0,1.0,3.0,1.0,1.0,1.0,2.0,4.0,4.0,GBS-17746,6.0,2.0,5.0,1,4
453,40.0,3.0,2.0,2.0,3.0,5.0,2.0,3.0,1.0,2.0,2.0,2.0,4.0,4.0,GBS-17754,6.0,2.0,4.0,1,5
676,57.0,2.0,4.0,2.0,4.0,2.0,4.0,3.0,1.0,1.0,3.0,2.0,3.0,3.0,GBS-17816,4.0,4.0,2.0,1,5
2,71.0,4.0,2.0,4.0,2.0,4.0,2.0,4.0,1.0,2.0,1.0,3.0,5.0,4.0,GBS-18016,6.0,5.0,5.0,1,1
414,65.0,4.0,2.0,4.0,3.0,4.0,2.0,3.0,1.0,2.0,2.0,2.0,4.0,4.0,GBS-18120,6.0,1.0,3.0,1,5
807,62.0,5.0,2.0,5.0,2.0,5.0,2.0,3.0,1.0,1.0,2.0,1.0,4.0,3.0,GBS-18184,5.0,3.0,5.0,1,5
637,49.0,2.0,1.0,1.0,1.0,1.0,4.0,3.0,1.0,1.0,2.0,2.0,5.0,5.0,GBS-18252,7.0,1.0,5.0,1,5
865,34.0,3.0,4.0,2.0,4.0,3.0,3.0,3.0,1.0,2.0,2.0,2.0,4.0,3.0,GBS-18261,5.0,2.0,3.0,1,2
782,29.0,2.0,2.0,2.0,3.0,3.0,4.0,3.0,1.0,1.0,3.0,4.0,3.0,4.0,GBS-18343,4.0,5.0,5.0,1,4
821,22.0,3.0,2.0,4.0,3.0,3.0,2.0,3.0,1.0,2.0,1.0,2.0,4.0,5.0,GBS-18528,5.0,3.0,4.0,1,5
524,59.0,5.0,2.0,5.0,2.0,4.0,2.0,3.0,1.0,2.0,1.0,2.0,5.0,5.0,GBS-18583,7.0,1.0,3.0,1,5
824,64.0,4.0,2.0,4.0,2.0,4.0,2.0,4.0,1.0,2.0,2.0,1.0,4.0,3.0,GBS-18632,5.0,3.0,5.0,1,1
149,28.0,5.0,1.0,5.0,1.0,5.0,1.0,3.0,1.0,1.0,1.0,1.0,5.0,5.0,GBS-18660,6.0,1.0,4.0,1,1
998,52.0,5.0,1.0,5.0,1.0,5.0,1.0,3.0,1.0,1.0,1.0,2.0,5.0,5.0,GBS-18663,6.0,1.0,5.0,1,5
156,61.0,4.0,2.0,4.0,2.0,4.0,2.0,3.0,1.0,2.0,2.0,2.0,4.0,5.0,GBS-18755,6.0,2.0,5.0,1,5
467,35.0,5.0,2.0,5.0,2.0,4.0,2.0,3.0,1.0,2.0,2.0,2.0,5.0,4.0,GBS-18777,6.0,2.0,4.0,1,3
588,35.0,4.0,2.0,2.0,2.0,4.0,2.0,3.0,1.0,1.0,2.0,1.0,5.0,4.0,GBS-18817,5.0,3.0,4.0,1,3
123,57.0,4.0,2.0,4.0,4.0,4.0,2.0,3.0,1.0,1.0,2.0,1.0,5.0,5.0,GBS-18832,6.0,2.0,4.0,1,5
609,56.0,3.0,2.0,3.0,3.0,3.0,2.0,3.0,1.0,2.0,4.0,2.0,4.0,4.0,GBS-18900,5.0,2.0,4.0,1,2
1,38.0,2.0,3.0,2.0,4.0,3.0,3.0,3.0,1.0,1.0,4.0,3.0,3.0,2.0,GBS-18926,4.0,5.0,4.0,1,5
657,40.0,4.0,3.0,4.0,2.0,4.0,2.0,3.0,1.0,1.0,3.0,2.0,4.0,4.0,GBS-18972,5.0,4.0,4.0,1,5
313,71.0,4.0,3.0,3.0,2.0,2.0,2.0,3.0,1.0,2.0,2.0,3.0,5.0,5.0,GBS-18980,6.0,1.0,4.0,1,5
57,47.0,5.0,1.0,5.0,3.0,5.0,1.0,3.0,1.0,1.0,1.0,1.0,5.0,5.0,GBS-19195,7.0,1.0,1.0,1,3
537,44.0,4.0,1.0,2.0,2.0,3.0,2.0,3.0,1.0,2.0,1.0,2.0,5.0,5.0,GBS-19325,7.0,2.0,5.0,1,3
267,68.0,4.0,2.0,4.0,4.0,4.0,4.0,3.0,1.0,2.0,3.0,2.0,4.0,4.0,GBS-19400,7.0,1.0,2.0,1,5
448,45.0,4.0,3.0,3.0,3.0,3.0,3.0,3.0,1.0,2.0,2.0,2.0,5.0,4.0,GBS-19512,6.0,2.0,3.0,1,2
286,64.0,4.0,1.0,4.0,1.0,5.0,1.0,3.0,1.0,1.0,2.0,1.0,5.0,4.0,GBS-19515,6.0,1.0,5.0,1,5
494,52.0,4.0,2.0,4.0,2.0,4.0,2.0,3.0,1.0,1.0,2.0,2.0,4.0,4.0,GBS-19598,6.0,2.0,5.0,1,5
630,57.0,4.0,2.0,4.0,1.0,4.0,1.0,3.0,1.0,1.0,2.0,2.0,4.0,4.0,GBS-19636,7.0,1.0,5.0,1,5
794,47.0,2.0,3.0,2.0,3.0,4.0,5.0,3.0,1.0,2.0,2.0,2.0,5.0,5.0,GBS-19687,6.0,2.0,2.0,1,5
843,42.0,4.0,2.0,3.0,3.0,4.0,2.0,3.0,1.0,2.0,2.0,2.0,4.0,5.0,GBS-19797,6.0,2.0,5.0,1,3
512,53.0,4.0,3.0,4.0,2.0,3.0,2.0,3.0,1.0,1.0,3.0,1.0,4.0,5.0,GBS-19800,7.0,1.0,5.0,1,5
490,71.0,4.0,1.0,4.0,2.0,2.0,2.0,8.0,2.0,1.0,2.0,1.0,5.0,5.0,GBS-20053,6.0,2.0,5.0,1,1
299,63.0,5.0,2.0,4.0,2.0,4.0,2.0,3.0,1.0,1.0,1.0,1.0,5.0,4.0,GBS-20208,7.0,1.0,5.0,1,3
130,60.0,5.0,1.0,4.0,1.0,5.0,1.0,3.0,1.0,2.0,2.0,2.0,4.0,4.0,GBS-20218,6.0,2.0,3.0,1,3
344,64.0,4.0,2.0,4.0,2.0,3.0,2.0,3.0,1.0,2.0,3.0,4.0,5.0,3.0,GBS-20348,4.0,3.0,5.0,1,5
803,62.0,4.0,2.0,3.0,2.0,4.0,3.0,4.0,1.0,2.0,2.0,3.0,5.0,4.0,GBS-20381,6.0,3.0,5.0,1,1
75,43.0,5.0,3.0,5.0,4.0,3.0,2.0,3.0,1.0,2.0,1.0,2.0,4.0,5.0,GBS-20384,6.0,2.0,3.0,1,3
182,54.0,4.0,2.0,4.0,2.0,4.0,2.0,3.0,1.0,1.0,1.0,1.0,4.0,4.0,GBS-20511,6.0,1.0,5.0,1,5
481,61.0,4.0,2.0,3.0,2.0,4.0,2.0,3.0,1.0,2.0,2.0,2.0,4.0,4.0,GBS-20583,6.0,2.0,5.0,1,4
499,49.0,3.0,3.0,2.0,3.0,4.0,3.0,3.0,1.0,1.0,3.0,4.0,5.0,2.0,GBS-20595,3.0,4.0,2.0,1,5
580,62.0,4.0,3.0,4.0,2.0,4.0,2.0,3.0,1.0,2.0,3.0,3.0,4.0,4.0,GBS-20678,6.0,2.0,4.0,1,5
99,48.0,5.0,1.0,5.0,4.0,4.0,2.0,3.0,1.0,1.0,2.0,1.0,5.0,5.0,GBS-20689,6.0,2.0,5.0,1,5
117,26.0,4.0,1.0,4.0,4.0,3.0,2.0,8.0,2.0,2.0,2.0,1.0,2.0,4.0,GBS-20693,6.0,5.0,4.0,1,1
293,58.0,4.0,2.0,2.0,2.0,4.0,2.0,3.0,1.0,2.0,2.0,2.0,3.0,3.0,GBS-20709,7.0,1.0,2.0,1,2
850,22.0,5.0,3.0,5.0,1.0,3.0,2.0,8.0,2.0,2.0,2.0,3.0,4.0,5.0,GBS-20714,5.0,2.0,4.0,1,1
447,55.0,5.0,1.0,5.0,1.0,5.0,1.0,3.0,1.0,1.0,1.0,1.0,5.0,5.0,GBS-20851,7.0,1.0,5.0,1,5
69,61.0,2.0,4.0,2.0,4.0,1.0,4.0,3.0,1.0,2.0,5.0,5.0,3.0,3.0,GBS-20952,2.0,6.0,5.0,1,3
502,27.0,2.0,2.0,2.0,5.0,2.0,5.0,3.0,1.0,1.0,3.0,2.0,4.0,4.0,GBS-20967,6.0,3.0,5.0,1,5
4,68.0,3.0,2.0,4.0,4.0,2.0,4.0,8.0,1.0,1.0,2.0,1.0,5.0,4.0,GBS-21180,6.0,3.0,5.0,1,1
584,62.0,4.0,3.0,3.0,4.0,4.0,4.0,3.0,1.0,1.0,1.0,1.0,4.0,4.0,GBS-21216,2.0,6.0,1.0,1,3
215,65.0,5.0,1.0,5.0,2.0,4.0,2.0,8.0,1.0,1.0,2.0,2.0,4.0,5.0,GBS-21254,6.0,2.0,5.0,1,1
15,54.0,1.0,5.0,1.0,5.0,1.0,5.0,8.0,1.0,2.0,1.0,3.0,4.0,3.0,GBS-21327,4.0,4.0,4.0,1,1
468,35.0,5.0,2.0,5.0,2.0,3.0,3.0,2.0,1.0,2.0,2.0,3.0,5.0,4.0,GBS-21439,3.0,5.0,5.0,1,5
655,69.0,4.0,4.0,2.0,2.0,4.0,2.0,3.0,1.0,1.0,2.0,2.0,4.0,4.0,GBS-21466,6.0,2.0,2.0,1,5
686,23.0,3.0,2.0,3.0,3.0,3.0,3.0,1.0,1.0,2.0,3.0,2.0,3.0,4.0,GBS-21479,5.0,3.0,4.0,1,1
567,64.0,4.0,3.0,3.0,2.0,4.0,2.0,3.0,1.0,1.0,2.0,3.0,5.0,4.0,GBS-21487,5.0,2.0,4.0,1,3
530,27.0,4.0,2.0,2.0,3.0,3.0,2.0,3.0,1.0,1.0,2.0,2.0,5.0,4.0,GBS-21494,6.0,3.0,5.0,1,5
747,32.0,5.0,2.0,2.0,2.0,4.0,1.0,3.0,1.0,2.0,2.0,1.0,5.0,5.0,GBS-21581,6.0,2.0,5.0,1,3
56,35.0,5.0,2.0,2.0,1.0,5.0,1.0,3.0,1.0,2.0,2.0,2.0,4.0,5.0,GBS-21622,6.0,2.0,4.0,1,5
639,28.0,5.0,1.0,4.0,1.0,5.0,1.0,3.0,2.0,1.0,2.0,1.0,4.0,4.0,GBS-21639,6.0,1.0,5.0,1,3
484,51.0,5.0,2.0,5.0,1.0,5.0,2.0,3.0,1.0,1.0,1.0,1.0,4.0,5.0,GBS-21685,6.0,2.0,5.0,1,5
218,42.0,5.0,2.0,4.0,2.0,4.0,2.0,3.0,1.0,1.0,3.0,2.0,3.0,4.0,GBS-21703,5.0,3.0,3.0,1,5
520,70.0,4.0,3.0,3.0,3.0,4.0,3.0,3.0,1.0,2.0,1.0,2.0,5.0,4.0,GBS-21717,7.0,1.0,3.0,1,5
168,34.0,3.0,2.0,4.0,2.0,4.0,2.0,3.0,1.0,1.0,2.0,2.0,5.0,5.0,GBS-21761,6.0,1.0,3.0,1,5
342,59.0,2.0,4.0,2.0,4.0,2.0,4.0,3.0,1.0,2.0,2.0,3.0,3.0,4.0,GBS-21832,6.0,2.0,5.0,1,5
360,62.0,3.0,4.0,3.0,3.0,3.0,4.0,8.0,1.0,1.0,4.0,5.0,3.0,2.0,GBS-21867,3.0,6.0,5.0,1,5
830,61.0,4.0,1.0,3.0,3.0,4.0,3.0,3.0,1.0,1.0,2.0,1.0,4.0,4.0,GBS-21872,6.0,2.0,4.0,1,3
901,38.0,5.0,2.0,5.0,2.0,5.0,2.0,3.0,1.0,2.0,3.0,2.0,5.0,5.0,GBS-21876,6.0,2.0,5.0,1,5
44,63.0,4.0,4.0,4.0,2.0,4.0,2.0,5.0,1.0,1.0,2.0,2.0,4.0,4.0,GBS-22003,6.0,1.0,5.0,1,5
477,45.0,4.0,3.0,4.0,2.0,4.0,1.0,3.0,1.0,1.0,4.0,2.0,4.0,4.0,GBS-22013,6.0,2.0,2.0,1,5
734,57.0,5.0,2.0,5.0,2.0,5.0,1.0,3.0,1.0,2.0,2.0,2.0,5.0,5.0,GBS-22099,6.0,2.0,5.0,1,5
206,28.0,4.0,2.0,4.0,2.0,4.0,2.0,8.0,1.0,2.0,2.0,2.0,4.0,3.0,GBS-22116,2.0,6.0,4.0,1,1
869,61.0,4.0,2.0,4.0,1.0,5.0,1.0,3.0,1.0,1.0,2.0,2.0,5.0,4.0,GBS-22160,7.0,1.0,5.0,1,5
268,70.0,4.0,1.0,5.0,1.0,5.0,1.0,4.0,1.0,1.0,1.0,2.0,5.0,5.0,GBS-22274,7.0,1.0,2.0,1,1
278,36.0,5.0,2.0,4.0,2.0,4.0,1.0,3.0,1.0,2.0,1.0,2.0,5.0,4.0,GBS-22383,5.0,3.0,5.0,1,5
407,55.0,4.0,4.0,4.0,2.0,4.0,2.0,3.0,1.0,2.0,2.0,2.0,4.0,4.0,GBS-22395,6.0,1.0,5.0,1,5
90,36.0,2.0,3.0,2.0,4.0,4.0,2.0,3.0,1.0,2.0,2.0,3.0,5.0,3.0,GBS-22528,4.0,2.0,3.0,1,3
475,34.0,4.0,4.0,5.0,2.0,4.0,2.0,3.0,1.0,2.0,3.0,2.0,4.0,4.0,GBS-22533,6.0,3.0,4.0,1,3
59,50.0,4.0,2.0,2.0,2.0,4.0,2.0,3.0,1.0,1.0,4.0,2.0,3.0,4.0,GBS-22537,6.0,2.0,5.0,1,5
778,20.0,5.0,1.0,5.0,1.0,5.0,1.0,4.0,1.0,1.0,3.0,2.0,5.0,4.0,GBS-22570,5.0,4.0,4.0,1,4
67,72.0,5.0,2.0,4.0,4.0,5.0,2.0,1.0,2.0,2.0,3.0,1.0,5.0,5.0,GBS-22623,6.0,1.0,1.0,1,1
40,51.0,5.0,2.0,5.0,4.0,4.0,2.0,3.0,1.0,1.0,2.0,2.0,4.0,4.0,GBS-22673,7.0,2.0,1.0,1,5
621,25.0,3.0,2.0,4.0,3.0,4.0,2.0,8.0,1.0,2.0,2.0,3.0,4.0,3.0,GBS-22743,4.0,5.0,5.0,1,1
598,63.0,4.0,3.0,4.0,2.0,4.0,2.0,3.0,1.0,2.0,2.0,2.0,4.0,4.0,GBS-22753,4.0,4.0,3.0,1,5
543,34.0,5.0,1.0,5.0,1.0,5.0,1.0,3.0,1.0,2.0,1.0,1.0,5.0,5.0,GBS-23032,7.0,1.0,5.0,1,2
461,56.0,3.0,2.0,3.0,3.0,4.0,4.0,4.0,1.0,2.0,2.0,2.0,4.0,4.0,GBS-23106,5.0,3.0,5.0,1,2
47,29.0,4.0,2.0,4.0,3.0,4.0,3.0,3.0,1.0,2.0,3.0,3.0,4.0,4.0,GBS-23120,3.0,5.0,3.0,1,3
356,59.0,3.0,3.0,2.0,4.0,2.0,4.0,3.0,1.0,2.0,3.0,4.0,4.0,4.0,GBS-23181,3.0,5.0,4.0,1,3
154,37.0,5.0,5.0,4.0,4.0,5.0,4.0,3.0,1.0,1.0,3.0,4.0,4.0,4.0,GBS-23224,4.0,5.0,4.0,1,5
335,32.0,4.0,2.0,4.0,2.0,5.0,2.0,5.0,4.0,2.0,1.0,2.0,5.0,5.0,GBS-23235,6.0,1.0,5.0,1,1
86,51.0,3.0,4.0,3.0,3.0,3.0,3.0,3.0,1.0,2.0,3.0,4.0,3.0,3.0,GBS-23269,3.0,5.0,1.0,1,2
956,56.0,2.0,4.0,2.0,2.0,4.0,2.0,3.0,1.0,2.0,2.0,2.0,4.0,4.0,GBS-23425,5.0,3.0,5.0,1,5
727,75.0,5.0,2.0,5.0,1.0,5.0,1.0,3.0,1.0,1.0,1.0,1.0,5.0,5.0,GBS-23441,7.0,1.0,5.0,1,5
1006,44.0,2.0,4.0,4.0,4.0,3.0,4.0,3.0,1.0,2.0,2.0,2.0,4.0,3.0,GBS-23467,4.0,3.0,3.0,1,5
258,63.0,2.0,3.0,3.0,3.0,4.0,4.0,3.0,1.0,1.0,3.0,4.0,3.0,3.0,GBS-23500,4.0,4.0,3.0,1,5
212,56.0,5.0,1.0,5.0,3.0,3.0,2.0,3.0,1.0,2.0,2.0,2.0,5.0,5.0,GBS-23524,7.0,2.0,4.0,1,3
165,24.0,5.0,2.0,4.0,1.0,4.0,1.0,3.0,1.0,1.0,2.0,3.0,3.0,4.0,GBS-23583,6.0,2.0,4.0,1,5
937,32.0,3.0,1.0,3.0,1.0,5.0,1.0,3.0,1.0,2.0,1.0,3.0,5.0,4.0,GBS-23637,6.0,2.0,4.0,1,5
470,24.0,4.0,2.0,4.0,3.0,3.0,3.0,3.0,1.0,2.0,4.0,2.0,3.0,4.0,GBS-23639,2.0,5.0,4.0,1,5
66,25.0,5.0,1.0,5.0,1.0,5.0,1.0,3.0,1.0,2.0,1.0,1.0,5.0,5.0,GBS-23776,6.0,2.0,5.0,1,5
864,22.0,4.0,3.0,4.0,2.0,4.0,2.0,3.0,1.0,1.0,2.0,1.0,4.0,5.0,GBS-23829,6.0,2.0,4.0,1,5
944,24.0,4.0,2.0,5.0,1.0,4.0,2.0,3.0,1.0,1.0,2.0,2.0,5.0,5.0,GBS-23833,7.0,2.0,4.0,1,3
696,42.0,3.0,3.0,2.0,2.0,2.0,2.0,3.0,1.0,2.0,2.0,3.0,4.0,3.0,GBS-23851,7.0,2.0,5.0,1,3
812,28.0,5.0,1.0,5.0,1.0,5.0,1.0,3.0,1.0,2.0,2.0,2.0,5.0,5.0,GBS-23957,5.0,2.0,3.0,1,5
121,24.0,4.0,3.0,4.0,2.0,4.0,2.0,3.0,1.0,1.0,2.0,2.0,4.0,4.0,GBS-23998,5.0,3.0,3.0,1,5
800,29.0,3.0,3.0,3.0,4.0,4.0,3.0,3.0,1.0,2.0,2.0,2.0,4.0,4.0,GBS-24057,5.0,3.0,5.0,1,5
264,60.0,3.0,3.0,3.0,3.0,3.0,3.0,3.0,1.0,2.0,1.0,2.0,5.0,5.0,GBS-24189,6.0,2.0,3.0,1,3
737,71.0,3.0,3.0,3.0,3.0,3.0,3.0,3.0,1.0,2.0,1.0,3.0,4.0,3.0,GBS-24193,6.0,4.0,2.0,1,5
854,46.0,4.0,2.0,5.0,1.0,5.0,1.0,3.0,1.0,1.0,2.0,2.0,4.0,5.0,GBS-24239,6.0,3.0,5.0,1,4
897,38.0,4.0,2.0,4.0,2.0,3.0,2.0,4.0,1.0,1.0,2.0,2.0,4.0,4.0,GBS-24289,5.0,2.0,5.0,1,4
986,59.0,4.0,4.0,2.0,4.0,3.0,2.0,3.0,1.0,2.0,2.0,2.0,4.0,4.0,GBS-24301,5.0,2.0,5.0,1,5
421,37.0,3.0,4.0,2.0,4.0,3.0,4.0,3.0,1.0,2.0,3.0,2.0,3.0,3.0,GBS-24302,3.0,5.0,5.0,1,3
999,23.0,3.0,2.0,1.0,3.0,4.0,4.0,3.0,2.0,2.0,2.0,2.0,5.0,5.0,GBS-24312,5.0,4.0,4.0,1,1
535,57.0,4.0,2.0,5.0,2.0,5.0,2.0,3.0,1.0,1.0,1.0,1.0,5.0,5.0,GBS-24336,7.0,1.0,5.0,1,3
9,33.0,4.0,4.0,3.0,3.0,3.0,3.0,3.0,1.0,2.0,2.0,3.0,4.0,4.0,GBS-24376,5.0,4.0,2.0,1,5
458,73.0,4.0,2.0,4.0,2.0,4.0,3.0,3.0,1.0,1.0,2.0,1.0,5.0,5.0,GBS-24546,4.0,4.0,4.0,1,3
119,38.0,3.0,2.0,4.0,2.0,4.0,2.0,3.0,1.0,1.0,2.0,3.0,5.0,5.0,GBS-24574,6.0,2.0,3.0,1,5
947,60.0,3.0,2.0,3.0,3.0,3.0,2.0,3.0,1.0,2.0,2.0,3.0,4.0,4.0,GBS-24714,6.0,2.0,5.0,1,4
174,49.0,3.0,3.0,3.0,3.0,3.0,3.0,3.0,1.0,2.0,3.0,3.0,4.0,4.0,GBS-24722,5.0,2.0,4.0,1,5
660,38.0,2.0,4.0,4.0,3.0,3.0,4.0,8.0,1.0,2.0,3.0,3.0,3.0,4.0,GBS-24798,2.0,5.0,5.0,1,3
818,71.0,4.0,1.0,4.0,1.0,5.0,1.0,8.0,1.0,1.0,1.0,2.0,4.0,5.0,GBS-24907,6.0,1.0,3.0,1,3
1004,64.0,5.0,2.0,4.0,4.0,5.0,1.0,3.0,1.0,1.0,2.0,2.0,5.0,4.0,GBS-24930,6.0,2.0,4.0,1,5
259,33.0,3.0,2.0,4.0,2.0,3.0,4.0,3.0,1.0,2.0,2.0,2.0,3.0,4.0,GBS-24944,4.0,4.0,5.0,1,3
648,25.0,3.0,4.0,4.0,4.0,4.0,2.0,3.0,1.0,2.0,2.0,1.0,4.0,4.0,GBS-24987,4.0,4.0,4.0,1,5
183,31.0,4.0,3.0,3.0,2.0,4.0,3.0,3.0,1.0,2.0,2.0,3.0,5.0,5.0,GBS-25066,6.0,2.0,5.0,1,3
682,73.0,5.0,2.0,5.0,2.0,4.0,2.0,8.0,1.0,1.0,5.0,3.0,4.0,4.0,GBS-25084,2.0,6.0,5.0,1,1
350,45.0,2.0,4.0,2.0,3.0,3.0,2.0,3.0,1.0,1.0,2.0,2.0,4.0,3.0,GBS-25146,6.0,3.0,5.0,1,3
437,47.0,5.0,1.0,5.0,1.0,5.0,1.0,3.0,1.0,1.0,2.0,1.0,5.0,4.0,GBS-25185,6.0,2.0,5.0,1,5
931,28.0,2.0,3.0,2.0,2.0,2.0,4.0,3.0,1.0,2.0,3.0,4.0,4.0,4.0,GBS-25283,5.0,2.0,5.0,1,5
563,65.0,3.0,2.0,3.0,3.0,3.0,3.0,1.0,1.0,2.0,1.0,1.0,5.0,4.0,GBS-25324,4.0,4.0,3.0,1,1
178,24.0,2.0,4.0,2.0,4.0,4.0,4.0,3.0,1.0,2.0,2.0,1.0,5.0,5.0,GBS-25451,3.0,5.0,5.0,1,5
645,27.0,4.0,2.0,2.0,2.0,4.0,2.0,3.0,1.0,2.0,2.0,1.0,5.0,5.0,GBS-25489,7.0,2.0,5.0,1,3
723,52.0,5.0,2.0,4.0,1.0,5.0,1.0,3.0,1.0,1.0,4.0,3.0,4.0,4.0,GBS-25545,7.0,2.0,2.0,1,5
526,41.0,4.0,2.0,4.0,3.0,4.0,2.0,3.0,1.0,2.0,1.0,1.0,5.0,4.0,GBS-25594,6.0,2.0,5.0,1,5
125,65.0,4.0,2.0,4.0,2.0,4.0,2.0,3.0,1.0,1.0,1.0,2.0,4.0,4.0,GBS-25607,6.0,1.0,5.0,1,5
176,22.0,4.0,1.0,5.0,2.0,5.0,1.0,3.0,1.0,2.0,1.0,1.0,5.0,4.0,GBS-25688,7.0,2.0,4.0,1,5
925,44.0,5.0,2.0,5.0,2.0,5.0,2.0,3.0,1.0,2.0,2.0,2.0,4.0,4.0,GBS-25748,6.0,2.0,5.0,1,5
169,37.0,3.0,4.0,2.0,2.0,4.0,4.0,3.0,1.0,1.0,2.0,3.0,4.0,4.0,GBS-25875,5.0,4.0,4.0,1,5
848,35.0,4.0,5.0,2.0,2.0,4.0,2.0,3.0,1.0,1.0,2.0,2.0,5.0,5.0,GBS-25928,6.0,2.0,5.0,1,5
539,36.0,4.0,2.0,4.0,2.0,4.0,2.0,3.0,1.0,2.0,3.0,2.0,4.0,4.0,GBS-26154,6.0,2.0,5.0,1,3
424,61.0,4.0,2.0,2.0,2.0,3.0,2.0,8.0,1.0,1.0,3.0,3.0,4.0,4.0,GBS-26161,6.0,3.0,2.0,1,1
43,26.0,3.0,2.0,3.0,4.0,3.0,2.0,3.0,1.0,2.0,2.0,1.0,4.0,4.0,GBS-26225,5.0,2.0,4.0,1,5
88,25.0,4.0,2.0,4.0,2.0,4.0,2.0,3.0,2.0,2.0,2.0,2.0,4.0,4.0,GBS-26284,6.0,2.0,4.0,1,1
881,25.0,4.0,2.0,4.0,2.0,4.0,2.0,3.0,1.0,2.0,1.0,1.0,5.0,3.0,GBS-26297,6.0,2.0,5.0,1,5
348,42.0,3.0,4.0,3.0,4.0,4.0,4.0,3.0,1.0,1.0,2.0,3.0,4.0,4.0,GBS-26325,5.0,4.0,5.0,1,4
575,20.0,4.0,3.0,4.0,2.0,4.0,2.0,3.0,1.0,2.0,2.0,1.0,4.0,4.0,GBS-26333,3.0,4.0,4.0,1,5
805,67.0,4.0,2.0,4.0,2.0,4.0,2.0,8.0,1.0,1.0,2.0,2.0,4.0,4.0,GBS-26341,6.0,1.0,5.0,1,1
532,34.0,3.0,3.0,3.0,3.0,3.0,3.0,3.0,1.0,2.0,3.0,3.0,4.0,4.0,GBS-26456,6.0,2.0,5.0,1,5
383,62.0,5.0,1.0,5.0,2.0,4.0,2.0,3.0,1.0,1.0,4.0,3.0,4.0,4.0,GBS-26583,6.0,2.0,2.0,1,4
398,58.0,4.0,2.0,4.0,1.0,4.0,1.0,3.0,1.0,1.0,1.0,3.0,5.0,4.0,GBS-26693,7.0,1.0,1.0,1,2
634,36.0,4.0,4.0,4.0,5.0,3.0,3.0,3.0,1.0,2.0,3.0,2.0,4.0,4.0,GBS-26752,5.0,3.0,5.0,1,5
995,34.0,5.0,1.0,5.0,4.0,5.0,1.0,3.0,1.0,2.0,1.0,1.0,5.0,5.0,GBS-26837,7.0,1.0,4.0,1,3
745,39.0,3.0,2.0,3.0,3.0,4.0,3.0,3.0,1.0,1.0,2.0,1.0,4.0,4.0,GBS-26845,6.0,2.0,4.0,1,2
16,68.0,5.0,1.0,4.0,1.0,5.0,1.0,8.0,1.0,2.0,1.0,3.0,5.0,5.0,GBS-26856,6.0,2.0,3.0,1,1
562,56.0,3.0,3.0,3.0,3.0,3.0,3.0,3.0,1.0,1.0,2.0,2.0,4.0,4.0,GBS-26904,5.0,3.0,1.0,1,5
681,31.0,4.0,2.0,3.0,2.0,4.0,2.0,8.0,1.0,2.0,2.0,3.0,4.0,5.0,GBS-26935,5.0,2.0,3.0,1,3
304,51.0,4.0,1.0,4.0,2.0,5.0,2.0,3.0,1.0,1.0,2.0,2.0,4.0,4.0,GBS-27074,6.0,3.0,5.0,1,5
717,60.0,3.0,2.0,2.0,4.0,2.0,4.0,3.0,1.0,2.0,4.0,4.0,3.0,3.0,GBS-27085,3.0,5.0,3.0,1,5
756,58.0,4.0,2.0,4.0,4.0,5.0,2.0,3.0,1.0,1.0,2.0,1.0,4.0,5.0,GBS-27180,6.0,2.0,3.0,1,3
504,68.0,3.0,4.0,4.0,2.0,2.0,4.0,3.0,1.0,1.0,3.0,4.0,3.0,2.0,GBS-27281,4.0,5.0,1.0,1,5
540,30.0,3.0,3.0,3.0,3.0,3.0,2.0,8.0,2.0,2.0,1.0,2.0,5.0,4.0,GBS-27284,5.0,4.0,5.0,1,1
80,38.0,2.0,3.0,2.0,4.0,2.0,4.0,3.0,1.0,1.0,2.0,3.0,4.0,4.0,GBS-27376,3.0,5.0,5.0,1,4
762,25.0,4.0,3.0,4.0,2.0,4.0,2.0,3.0,1.0,2.0,2.0,2.0,4.0,4.0,GBS-27382,5.0,2.0,4.0,1,5
984,25.0,3.0,2.0,3.0,4.0,3.0,4.0,3.0,1.0,2.0,2.0,3.0,4.0,3.0,GBS-27402,5.0,2.0,5.0,1,5
417,56.0,5.0,2.0,4.0,2.0,4.0,2.0,3.0,1.0,2.0,2.0,2.0,5.0,4.0,GBS-27501,6.0,2.0,5.0,1,5
829,51.0,5.0,2.0,4.0,2.0,5.0,2.0,3.0,1.0,1.0,2.0,2.0,4.0,4.0,GBS-27540,6.0,3.0,3.0,1,5
774,66.0,4.0,3.0,4.0,2.0,4.0,2.0,8.0,1.0,1.0,2.0,1.0,4.0,4.0,GBS-27639,4.0,3.0,2.0,1,1
241,55.0,4.0,1.0,1.0,2.0,5.0,1.0,3.0,1.0,1.0,1.0,1.0,5.0,4.0,GBS-27740,6.0,2.0,5.0,1,4
663,30.0,3.0,2.0,4.0,2.0,5.0,1.0,3.0,2.0,2.0,2.0,2.0,4.0,5.0,GBS-27806,6.0,2.0,5.0,1,3
809,42.0,4.0,5.0,4.0,3.0,3.0,2.0,4.0,1.0,2.0,1.0,1.0,5.0,4.0,GBS-27826,7.0,1.0,5.0,1,3
626,51.0,4.0,2.0,4.0,2.0,4.0,2.0,3.0,1.0,1.0,3.0,2.0,4.0,3.0,GBS-27836,5.0,3.0,4.0,1,5
882,23.0,4.0,2.0,3.0,2.0,4.0,4.0,8.0,1.0,1.0,5.0,5.0,3.0,3.0,GBS-27908,5.0,2.0,4.0,1,1
460,31.0,2.0,4.0,2.0,3.0,2.0,4.0,3.0,1.0,2.0,2.0,1.0,4.0,4.0,GBS-27950,4.0,5.0,5.0,1,5
581,33.0,5.0,2.0,4.0,1.0,5.0,1.0,3.0,1.0,1.0,1.0,1.0,5.0,5.0,GBS-27976,6.0,2.0,1.0,1,5
245,21.0,3.0,2.0,3.0,2.0,4.0,2.0,3.0,1.0,1.0,2.0,2.0,4.0,4.0,GBS-28015,6.0,2.0,4.0,1,5
942,62.0,3.0,2.0,3.0,3.0,4.0,4.0,3.0,1.0,1.0,2.0,2.0,4.0,4.0,GBS-28051,3.0,1.0,2.0,1,3
741,25.0,2.0,4.0,2.0,3.0,2.0,5.0,3.0,1.0,2.0,2.0,2.0,4.0,4.0,GBS-28068,4.0,5.0,5.0,1,5
612,65.0,5.0,2.0,5.0,2.0,5.0,1.0,3.0,1.0,1.0,2.0,2.0,5.0,5.0,GBS-28099,6.0,5.0,2.0,1,5
326,41.0,3.0,2.0,4.0,3.0,3.0,4.0,3.0,1.0,2.0,2.0,2.0,4.0,4.0,GBS-28148,5.0,3.0,5.0,1,2
1001,64.0,4.0,2.0,4.0,2.0,4.0,2.0,8.0,1.0,2.0,2.0,2.0,4.0,4.0,GBS-28158,6.0,1.0,5.0,1,1
698,28.0,3.0,2.0,3.0,4.0,4.0,3.0,4.0,1.0,2.0,1.0,1.0,5.0,5.0,GBS-28245,5.0,2.0,5.0,1,3
495,25.0,5.0,1.0,1.0,1.0,5.0,1.0,3.0,1.0,2.0,2.0,3.0,5.0,4.0,GBS-28261,4.0,4.0,4.0,1,3
202,23.0,2.0,2.0,4.0,5.0,2.0,5.0,8.0,2.0,2.0,2.0,2.0,4.0,4.0,GBS-28275,6.0,2.0,4.0,1,1
148,56.0,4.0,2.0,4.0,3.0,2.0,2.0,8.0,1.0,1.0,4.0,2.0,3.0,3.0,GBS-28278,3.0,5.0,4.0,1,1
492,33.0,2.0,3.0,3.0,4.0,3.0,4.0,3.0,1.0,2.0,3.0,4.0,3.0,4.0,GBS-28315,5.0,3.0,5.0,1,5
226,62.0,4.0,4.0,4.0,3.0,4.0,3.0,3.0,1.0,2.0,2.0,2.0,5.0,4.0,GBS-28322,6.0,2.0,4.0,1,5
508,64.0,3.0,3.0,3.0,2.0,5.0,2.0,4.0,1.0,1.0,1.0,1.0,5.0,5.0,GBS-28375,6.0,3.0,5.0,1,1
201,68.0,4.0,4.0,3.0,3.0,3.0,3.0,3.0,1.0,2.0,3.0,3.0,4.0,3.0,GBS-28378,5.0,3.0,5.0,1,5
703,35.0,2.0,4.0,2.0,4.0,2.0,5.0,3.0,1.0,1.0,4.0,1.0,2.0,2.0,GBS-28505,2.0,5.0,5.0,1,5
912,62.0,4.0,1.0,4.0,2.0,5.0,2.0,8.0,1.0,2.0,2.0,2.0,5.0,5.0,GBS-28578,6.0,1.0,4.0,1,1
314,22.0,4.0,2.0,4.0,2.0,4.0,2.0,8.0,1.0,2.0,1.0,1.0,4.0,5.0,GBS-28597,6.0,1.0,3.0,1,3
641,25.0,3.0,2.0,1.0,1.0,4.0,2.0,3.0,1.0,2.0,2.0,4.0,5.0,5.0,GBS-28632,4.0,4.0,3.0,1,3
220,37.0,3.0,2.0,2.0,4.0,3.0,3.0,3.0,1.0,1.0,3.0,2.0,5.0,4.0,GBS-28637,5.0,2.0,4.0,1,5
331,56.0,5.0,1.0,5.0,1.0,5.0,1.0,3.0,1.0,1.0,1.0,1.0,5.0,5.0,GBS-28651,6.0,1.0,2.0,1,5
542,27.0,2.0,4.0,2.0,4.0,3.0,2.0,3.0,1.0,2.0,2.0,1.0,4.0,4.0,GBS-28677,6.0,3.0,4.0,1,5
907,29.0,5.0,1.0,4.0,2.0,4.0,1.0,3.0,1.0,2.0,2.0,3.0,5.0,4.0,GBS-28679,6.0,2.0,5.0,1,5
754,31.0,4.0,2.0,5.0,2.0,4.0,2.0,3.0,1.0,1.0,3.0,2.0,5.0,4.0,GBS-28707,6.0,1.0,3.0,1,3
100,63.0,4.0,2.0,4.0,1.0,5.0,1.0,8.0,1.0,1.0,1.0,1.0,5.0,4.0,GBS-28717,6.0,1.0,4.0,1,1
631,23.0,2.0,1.0,2.0,1.0,1.0,2.0,3.0,2.0,2.0,2.0,1.0,5.0,4.0,GBS-28738,7.0,1.0,4.0,1,2
801,55.0,5.0,4.0,5.0,1.0,4.0,1.0,3.0,1.0,1.0,2.0,2.0,5.0,4.0,GBS-28779,6.0,2.0,4.0,1,4
842,62.0,4.0,1.0,4.0,2.0,5.0,2.0,3.0,1.0,2.0,2.0,2.0,5.0,5.0,GBS-28787,6.0,2.0,3.0,1,5
262,25.0,4.0,2.0,4.0,2.0,4.0,2.0,3.0,1.0,2.0,1.0,1.0,5.0,5.0,GBS-28794,6.0,2.0,5.0,1,5
548,67.0,3.0,2.0,3.0,2.0,3.0,3.0,3.0,1.0,2.0,3.0,3.0,5.0,5.0,GBS-28953,6.0,2.0,3.0,1,5
161,44.0,5.0,1.0,5.0,2.0,5.0,1.0,2.0,1.0,1.0,2.0,1.0,4.0,4.0,GBS-28988,5.0,2.0,5.0,1,5
188,64.0,5.0,1.0,4.0,1.0,2.0,2.0,8.0,1.0,2.0,1.0,1.0,5.0,4.0,GBS-29060,7.0,1.0,2.0,1,1
929,39.0,3.0,4.0,4.0,4.0,3.0,3.0,3.0,1.0,1.0,3.0,2.0,3.0,3.0,GBS-29070,6.0,2.0,2.0,1,5
674,65.0,5.0,1.0,5.0,5.0,5.0,1.0,3.0,1.0,2.0,2.0,2.0,5.0,4.0,GBS-29115,6.0,2.0,4.0,1,5
833,19.0,2.0,2.0,2.0,4.0,2.0,4.0,3.0,1.0,2.0,3.0,4.0,4.0,2.0,GBS-29150,2.0,5.0,4.0,1,5
693,23.0,4.0,2.0,4.0,2.0,5.0,2.0,3.0,1.0,2.0,2.0,2.0,4.0,4.0,GBS-29152,6.0,2.0,4.0,1,5
814,27.0,3.0,2.0,2.0,2.0,2.0,4.0,3.0,1.0,2.0,1.0,4.0,3.0,3.0,GBS-29228,3.0,5.0,4.0,1,5
932,63.0,5.0,2.0,5.0,2.0,5.0,1.0,4.0,1.0,1.0,2.0,2.0,5.0,5.0,GBS-29255,7.0,1.0,2.0,1,3
582,55.0,4.0,2.0,2.0,2.0,4.0,3.0,4.0,1.0,1.0,2.0,1.0,5.0,4.0,GBS-29281,6.0,1.0,5.0,1,3
22,61.0,3.0,3.0,4.0,3.0,3.0,3.0,3.0,1.0,1.0,3.0,3.0,4.0,4.0,GBS-29362,6.0,2.0,3.0,1,3
333,56.0,5.0,2.0,5.0,2.0,5.0,1.0,5.0,1.0,1.0,2.0,2.0,4.0,5.0,GBS-29391,7.0,2.0,3.0,1,5
614,59.0,4.0,4.0,4.0,2.0,3.0,2.0,3.0,1.0,1.0,2.0,3.0,4.0,4.0,GBS-29416,3.0,6.0,5.0,1,5
7,25.0,3.0,2.0,3.0,2.0,4.0,2.0,3.0,1.0,2.0,2.0,2.0,3.0,2.0,GBS-29457,5.0,2.0,5.0,1,5
978,39.0,3.0,4.0,3.0,3.0,4.0,3.0,3.0,1.0,2.0,2.0,1.0,5.0,5.0,GBS-29479,6.0,2.0,5.0,1,5
700,62.0,4.0,2.0,4.0,4.0,4.0,2.0,3.0,1.0,1.0,1.0,2.0,4.0,4.0,GBS-29487,5.0,4.0,4.0,1,3
576,58.0,4.0,2.0,4.0,3.0,4.0,2.0,3.0,1.0,2.0,2.0,1.0,4.0,3.0,GBS-29582,5.0,2.0,5.0,1,3
136,22.0,5.0,1.0,5.0,1.0,5.0,2.0,3.0,2.0,1.0,2.0,1.0,5.0,5.0,GBS-29696,6.0,2.0,4.0,1,1
927,32.0,4.0,2.0,4.0,2.0,4.0,3.0,3.0,1.0,2.0,2.0,1.0,4.0,4.0,GBS-29825,7.0,2.0,5.0,1,5
23,45.0,4.0,2.0,4.0,2.0,4.0,2.0,3.0,1.0,1.0,2.0,1.0,4.0,4.0,GBS-29860,6.0,2.0,5.0,1,3
877,32.0,3.0,2.0,4.0,2.0,3.0,2.0,3.0,1.0,2.0,3.0,3.0,5.0,4.0,GBS-29925,4.0,4.0,4.0,1,3
420,52.0,4.0,2.0,4.0,2.0,4.0,2.0,3.0,1.0,1.0,2.0,2.0,5.0,5.0,GBS-29953,6.0,2.0,5.0,1,5
160,27.0,4.0,2.0,4.0,4.0,4.0,2.0,3.0,1.0,2.0,1.0,2.0,5.0,5.0,GBS-30004,7.0,2.0,5.0,1,5
549,41.0,1.0,5.0,1.0,5.0,1.0,5.0,8.0,1.0,2.0,1.0,5.0,1.0,1.0,GBS-30018,1.0,7.0,3.0,1,1
10,27.0,3.0,2.0,3.0,2.0,4.0,3.0,3.0,1.0,2.0,2.0,3.0,4.0,4.0,GBS-30029,6.0,1.0,5.0,1,3
765,27.0,3.0,2.0,4.0,3.0,3.0,4.0,3.0,1.0,2.0,2.0,4.0,4.0,4.0,GBS-30163,2.0,5.0,5.0,1,5
971,25.0,4.0,3.0,4.0,1.0,4.0,1.0,8.0,1.0,2.0,1.0,1.0,4.0,4.0,GBS-30276,6.0,2.0,4.0,1,1
434,58.0,4.0,2.0,5.0,2.0,4.0,2.0,3.0,1.0,2.0,2.0,2.0,5.0,5.0,GBS-30317,7.0,2.0,4.0,1,3
552,21.0,3.0,4.0,3.0,4.0,4.0,4.0,3.0,1.0,1.0,2.0,3.0,4.0,4.0,GBS-30321,3.0,5.0,4.0,1,5
111,29.0,3.0,3.0,2.0,4.0,3.0,4.0,3.0,1.0,2.0,2.0,4.0,4.0,4.0,GBS-30454,3.0,2.0,5.0,1,5
599,54.0,5.0,1.0,5.0,1.0,5.0,1.0,4.0,1.0,1.0,2.0,2.0,5.0,5.0,GBS-30524,6.0,2.0,5.0,1,3
328,66.0,5.0,1.0,5.0,2.0,5.0,1.0,8.0,1.0,2.0,2.0,3.0,5.0,4.0,GBS-30551,6.0,2.0,2.0,1,1
233,38.0,5.0,4.0,5.0,1.0,4.0,1.0,3.0,1.0,2.0,1.0,1.0,5.0,5.0,GBS-30566,7.0,1.0,5.0,1,2
514,59.0,4.0,4.0,5.0,2.0,5.0,2.0,3.0,1.0,1.0,2.0,2.0,5.0,5.0,GBS-30618,6.0,2.0,5.0,1,5
486,33.0,4.0,2.0,4.0,2.0,5.0,1.0,4.0,1.0,2.0,1.0,2.0,5.0,4.0,GBS-30699,7.0,2.0,5.0,1,3
210,46.0,4.0,3.0,4.0,3.0,4.0,3.0,5.0,1.0,2.0,1.0,2.0,5.0,4.0,GBS-30758,6.0,2.0,4.0,1,4
558,31.0,4.0,2.0,4.0,2.0,4.0,2.0,3.0,1.0,1.0,2.0,2.0,4.0,5.0,GBS-30784,5.0,4.0,5.0,1,4
378,22.0,4.0,2.0,4.0,2.0,4.0,4.0,3.0,1.0,2.0,3.0,3.0,3.0,5.0,GBS-30907,4.0,5.0,4.0,1,5
623,31.0,4.0,2.0,2.0,2.0,3.0,2.0,3.0,1.0,2.0,1.0,2.0,4.0,4.0,GBS-30925,7.0,1.0,4.0,1,3
54,23.0,5.0,4.0,4.0,1.0,4.0,1.0,3.0,1.0,2.0,3.0,5.0,3.0,5.0,GBS-31012,4.0,4.0,4.0,1,5
319,29.0,3.0,2.0,2.0,3.0,2.0,4.0,3.0,1.0,2.0,2.0,4.0,4.0,4.0,GBS-31037,5.0,3.0,5.0,1,5
204,26.0,4.0,1.0,4.0,1.0,4.0,1.0,8.0,2.0,2.0,1.0,2.0,5.0,5.0,GBS-31045,6.0,2.0,5.0,1,5
253,66.0,5.0,2.0,4.0,2.0,5.0,2.0,3.0,1.0,1.0,2.0,1.0,5.0,4.0,GBS-31100,7.0,1.0,5.0,1,5
742,60.0,3.0,3.0,4.0,3.0,4.0,3.0,2.0,1.0,2.0,3.0,2.0,3.0,4.0,GBS-31103,4.0,4.0,5.0,1,3
522,24.0,3.0,2.0,4.0,2.0,4.0,2.0,3.0,1.0,2.0,2.0,2.0,4.0,4.0,GBS-31324,6.0,2.0,4.0,1,5
432,63.0,4.0,2.0,4.0,2.0,4.0,2.0,4.0,1.0,1.0,3.0,1.0,4.0,3.0,GBS-31370,5.0,2.0,5.0,1,3
544,31.0,2.0,4.0,2.0,4.0,2.0,4.0,3.0,1.0,1.0,2.0,2.0,4.0,4.0,GBS-31508,3.0,5.0,3.0,1,3
688,33.0,4.0,1.0,4.0,1.0,5.0,1.0,3.0,1.0,2.0,1.0,2.0,5.0,5.0,GBS-31520,7.0,1.0,4.0,1,5
92,28.0,4.0,2.0,4.0,2.0,4.0,2.0,8.0,1.0,2.0,1.0,1.0,5.0,5.0,GBS-31529,7.0,1.0,5.0,1,3
708,23.0,4.0,1.0,5.0,2.0,4.0,2.0,8.0,1.0,2.0,1.0,1.0,5.0,5.0,GBS-31562,6.0,2.0,4.0,1,1
271,52.0,4.0,2.0,4.0,2.0,4.0,1.0,3.0,1.0,1.0,2.0,2.0,3.0,3.0,GBS-31652,5.0,2.0,4.0,1,4
366,39.0,5.0,1.0,4.0,1.0,5.0,1.0,3.0,1.0,2.0,1.0,1.0,5.0,5.0,GBS-31747,7.0,1.0,4.0,1,2
372,31.0,4.0,2.0,2.0,2.0,4.0,2.0,3.0,1.0,1.0,2.0,2.0,4.0,4.0,GBS-31809,7.0,1.0,5.0,1,3
107,65.0,4.0,2.0,4.0,1.0,5.0,1.0,3.0,1.0,2.0,1.0,1.0,4.0,5.0,GBS-31810,7.0,2.0,4.0,1,5
988,59.0,4.0,2.0,4.0,1.0,4.0,1.0,5.0,1.0,1.0,1.0,1.0,5.0,5.0,GBS-31883,7.0,1.0,4.0,1,5
894,23.0,5.0,2.0,3.0,2.0,5.0,2.0,3.0,1.0,2.0,3.0,1.0,5.0,5.0,GBS-32046,6.0,2.0,4.0,1,1
33,24.0,2.0,2.0,2.0,4.0,2.0,4.0,8.0,2.0,2.0,2.0,3.0,3.0,3.0,GBS-32072,3.0,6.0,4.0,1,1
874,38.0,3.0,3.0,3.0,3.0,3.0,2.0,3.0,1.0,1.0,2.0,3.0,4.0,4.0,GBS-32165,5.0,3.0,4.0,1,4
371,28.0,4.0,2.0,4.0,2.0,4.0,2.0,3.0,1.0,2.0,2.0,3.0,4.0,4.0,GBS-32242,6.0,2.0,5.0,1,5
18,34.0,4.0,2.0,5.0,2.0,5.0,2.0,3.0,1.0,1.0,2.0,2.0,4.0,4.0,GBS-32249,6.0,2.0,5.0,1,3
859,56.0,5.0,1.0,4.0,2.0,5.0,2.0,3.0,1.0,2.0,3.0,2.0,5.0,5.0,GBS-32258,6.0,2.0,5.0,1,5
815,55.0,3.0,2.0,3.0,2.0,5.0,1.0,3.0,1.0,2.0,3.0,1.0,4.0,4.0,GBS-32259,5.0,2.0,5.0,1,3
369,27.0,4.0,2.0,2.0,2.0,4.0,2.0,3.0,1.0,2.0,3.0,2.0,4.0,4.0,GBS-32372,4.0,4.0,5.0,1,5
835,27.0,4.0,3.0,4.0,4.0,3.0,3.0,3.0,2.0,2.0,2.0,2.0,5.0,4.0,GBS-32422,6.0,2.0,5.0,1,1
63,54.0,5.0,2.0,5.0,2.0,4.0,1.0,3.0,1.0,2.0,3.0,1.0,4.0,4.0,GBS-32482,7.0,1.0,3.0,1,2
325,25.0,4.0,3.0,4.0,2.0,4.0,2.0,3.0,1.0,2.0,2.0,1.0,5.0,5.0,GBS-32520,6.0,3.0,5.0,1,5
397,22.0,3.0,3.0,3.0,3.0,3.0,3.0,3.0,1.0,2.0,3.0,2.0,3.0,3.0,GBS-32537,4.0,4.0,4.0,1,5
438,29.0,3.0,2.0,4.0,2.0,4.0,2.0,3.0,1.0,2.0,2.0,3.0,4.0,4.0,GBS-32579,5.0,4.0,5.0,1,3
992,43.0,2.0,2.0,4.0,3.0,4.0,2.0,3.0,1.0,2.0,3.0,3.0,3.0,4.0,GBS-32719,5.0,5.0,5.0,1,5
982,57.0,4.0,1.0,4.0,1.0,4.0,2.0,3.0,1.0,1.0,2.0,1.0,4.0,4.0,GBS-32725,7.0,1.0,5.0,1,5
191,42.0,4.0,1.0,5.0,4.0,4.0,1.0,3.0,1.0,2.0,1.0,3.0,5.0,5.0,GBS-32766,7.0,1.0,3.0,1,3
250,46.0,4.0,2.0,4.0,2.0,3.0,2.0,3.0,1.0,1.0,2.0,2.0,4.0,3.0,GBS-32786,6.0,2.0,5.0,1,3
352,24.0,4.0,2.0,4.0,3.0,4.0,2.0,3.0,2.0,1.0,2.0,2.0,4.0,5.0,GBS-32873,6.0,2.0,4.0,1,2
921,21.0,3.0,2.0,3.0,2.0,3.0,3.0,8.0,1.0,2.0,2.0,1.0,5.0,5.0,GBS-32911,6.0,2.0,4.0,1,1
834,27.0,3.0,2.0,3.0,2.0,3.0,4.0,3.0,1.0,1.0,3.0,3.0,3.0,4.0,GBS-33080,6.0,3.0,3.0,1,4
892,23.0,4.0,1.0,4.0,2.0,5.0,1.0,8.0,2.0,2.0,2.0,3.0,5.0,5.0,GBS-33177,5.0,3.0,4.0,1,1
650,26.0,4.0,1.0,4.0,2.0,5.0,1.0,3.0,1.0,2.0,1.0,2.0,5.0,5.0,GBS-33564,7.0,1.0,5.0,1,5
270,58.0,5.0,2.0,5.0,2.0,5.0,1.0,3.0,1.0,1.0,2.0,2.0,5.0,4.0,GBS-33671,6.0,2.0,5.0,1,5
996,21.0,4.0,2.0,5.0,3.0,4.0,3.0,3.0,1.0,2.0,3.0,1.0,5.0,4.0,GBS-33740,6.0,3.0,4.0,1,1
208,26.0,2.0,4.0,2.0,5.0,2.0,5.0,3.0,1.0,2.0,2.0,3.0,5.0,5.0,GBS-33811,6.0,2.0,3.0,1,3
706,36.0,3.0,3.0,3.0,3.0,3.0,2.0,3.0,1.0,2.0,2.0,2.0,5.0,5.0,GBS-33930,6.0,2.0,3.0,1,2
139,56.0,4.0,1.0,4.0,2.0,3.0,2.0,8.0,2.0,2.0,4.0,4.0,3.0,5.0,GBS-33943,3.0,7.0,4.0,1,3
505,22.0,4.0,2.0,4.0,2.0,4.0,2.0,3.0,2.0,1.0,2.0,2.0,4.0,4.0,GBS-34007,6.0,2.0,4.0,1,1
952,39.0,4.0,4.0,4.0,2.0,4.0,1.0,3.0,1.0,1.0,1.0,1.0,5.0,5.0,GBS-34174,5.0,3.0,5.0,1,5
573,25.0,5.0,1.0,5.0,2.0,4.0,4.0,3.0,1.0,1.0,4.0,3.0,2.0,5.0,GBS-34187,5.0,5.0,5.0,1,5
255,52.0,4.0,1.0,5.0,1.0,4.0,1.0,3.0,1.0,1.0,1.0,1.0,5.0,5.0,GBS-34219,6.0,2.0,3.0,1,5
395,48.0,3.0,2.0,2.0,2.0,2.0,2.0,3.0,1.0,2.0,2.0,3.0,3.0,3.0,GBS-34264,5.0,3.0,1.0,1,5
888,41.0,4.0,2.0,4.0,2.0,4.0,2.0,3.0,1.0,2.0,3.0,3.0,5.0,5.0,GBS-34425,6.0,1.0,5.0,1,3
713,31.0,2.0,4.0,2.0,4.0,2.0,2.0,3.0,1.0,2.0,3.0,3.0,4.0,3.0,GBS-34509,4.0,4.0,5.0,1,5
185,34.0,3.0,1.0,4.0,2.0,4.0,2.0,3.0,1.0,2.0,2.0,2.0,5.0,5.0,GBS-34514,6.0,2.0,5.0,1,5
332,21.0,4.0,2.0,4.0,1.0,4.0,2.0,8.0,1.0,2.0,2.0,1.0,5.0,5.0,GBS-34516,3.0,5.0,4.0,1,1
554,30.0,2.0,3.0,2.0,3.0,2.0,3.0,3.0,1.0,2.0,2.0,3.0,4.0,3.0,GBS-34518,2.0,5.0,4.0,1,5
26,28.0,4.0,3.0,4.0,2.0,4.0,1.0,3.0,1.0,2.0,1.0,2.0,5.0,5.0,GBS-34636,6.0,2.0,5.0,1,5
518,25.0,4.0,1.0,4.0,1.0,4.0,1.0,3.0,2.0,2.0,2.0,1.0,4.0,5.0,GBS-34669,4.0,2.0,5.0,1,1
979,21.0,5.0,2.0,4.0,1.0,4.0,1.0,3.0,1.0,2.0,2.0,1.0,5.0,4.0,GBS-34753,6.0,2.0,4.0,1,3
411,29.0,4.0,2.0,4.0,4.0,5.0,2.0,3.0,1.0,2.0,2.0,3.0,5.0,4.0,GBS-34759,6.0,2.0,5.0,1,5
392,42.0,3.0,3.0,3.0,4.0,3.0,3.0,3.0,1.0,1.0,2.0,-1.0,3.0,3.0,GBS-34866,4.0,4.0,5.0,1,3
670,39.0,2.0,3.0,2.0,2.0,3.0,4.0,3.0,1.0,2.0,2.0,1.0,5.0,4.0,GBS-34889,5.0,3.0,4.0,1,5
68,27.0,4.0,1.0,4.0,1.0,4.0,2.0,3.0,1.0,2.0,3.0,3.0,4.0,4.0,GBS-34902,5.0,2.0,4.0,1,1
146,49.0,4.0,2.0,5.0,1.0,5.0,2.0,3.0,1.0,1.0,2.0,2.0,4.0,4.0,GBS-34971,6.0,2.0,5.0,1,4
958,53.0,4.0,2.0,2.0,3.0,4.0,2.0,3.0,1.0,2.0,1.0,2.0,5.0,4.0,GBS-35137,6.0,5.0,3.0,1,2
386,60.0,2.0,2.0,4.0,4.0,2.0,5.0,3.0,1.0,2.0,1.0,2.0,5.0,5.0,GBS-35139,7.0,1.0,2.0,1,5
116,49.0,4.0,2.0,4.0,3.0,4.0,2.0,4.0,1.0,1.0,2.0,2.0,4.0,4.0,GBS-35228,6.0,2.0,5.0,1,4
861,59.0,4.0,1.0,2.0,2.0,4.0,2.0,3.0,1.0,2.0,1.0,2.0,4.0,4.0,GBS-35230,7.0,2.0,2.0,1,2
644,51.0,4.0,2.0,4.0,4.0,4.0,2.0,3.0,1.0,1.0,1.0,1.0,4.0,4.0,GBS-35255,5.0,3.0,5.0,1,5
73,54.0,4.0,3.0,4.0,3.0,4.0,2.0,3.0,1.0,1.0,2.0,1.0,4.0,5.0,GBS-35393,7.0,3.0,5.0,1,5
405,32.0,3.0,2.0,3.0,3.0,4.0,3.0,3.0,1.0,1.0,2.0,2.0,5.0,4.0,GBS-35794,6.0,2.0,5.0,1,3
82,40.0,4.0,1.0,4.0,2.0,4.0,2.0,3.0,2.0,1.0,1.0,2.0,4.0,4.0,GBS-35800,6.0,2.0,5.0,1,3
30,55.0,2.0,3.0,2.0,4.0,2.0,3.0,8.0,1.0,2.0,2.0,2.0,4.0,3.0,GBS-35839,4.0,4.0,3.0,1,1
103,52.0,3.0,4.0,2.0,3.0,3.0,3.0,3.0,1.0,1.0,3.0,2.0,5.0,4.0,GBS-35943,5.0,4.0,3.0,1,5
127,25.0,4.0,1.0,4.0,1.0,4.0,1.0,3.0,1.0,2.0,1.0,3.0,5.0,5.0,GBS-35948,5.0,4.0,4.0,1,5
449,51.0,4.0,1.0,4.0,1.0,4.0,2.0,3.0,1.0,1.0,2.0,3.0,4.0,4.0,GBS-35965,7.0,1.0,5.0,1,3
586,34.0,5.0,1.0,5.0,1.0,5.0,1.0,8.0,1.0,2.0,1.0,3.0,5.0,5.0,GBS-36088,7.0,1.0,1.0,1,1
0,73,5,4,1,4,4,5,8,2,2.0,5,4,1,1,,7,1,2,0,3.0
1,24,2,4,2,5,2,4,3.0,1.0,2.0,4.0,4.0,2.0,2.0,,5,3.0,3.0,0,3.0
2,51,2,4,4.0,5,1,5,3,1,1.0,4.0,4,1,2,,2,6,3,0,4
3,57,5,3,5,3,5,3,2,1,1.0,4,5,1,2,,6,2,5,0,3
4,64,4,4,4,4,4,4,1,2,1.0,2,2,3,3,,4,4,2,0,3.0
5,52,4,2,4,2,4,2,8,1,1.0,4,5,2,2,,5,3,5,0,5
6,28,2,2,4,1,4,5,7,2,2.0,4,2,2,1,,3,4,4,0,3.0
7,26,2,4,4,4,1,4,1,1,1.0,2,2,4,3,,4,4,2,0,4
8,76,2,4,2,2,2,4,3,2,2.0,4,4,2,2,,5,2,2,0,3.0
9,77,1,5,2,5,1,4,3,2,1.0,2,3,4,4,,2,6,3.0,0,3.0
10,40,2,4,1,4,2,5,8,1,2.0,5,4,1,2,,4,3,4,0,4
11,53,5,2,4,2,4,2,2,1,2.0,4,4,1,2,,7,2,5,0,3
12,21,2,2,4,2,2,4,3,1,2.0,5,3,1,1,,4,6,3,0,3
13,36,5,2,5,2,4,1,3,1,2.0,3,5,1,1,,6,1,3,0,4
14,51,2,4,2,4,2,4,3,1,2.0,3,3,3,4,,4,5,3,0,3
15,31,2,4,2,1,2,1,3,1,2.0,4,3,2,1,,5,4,4,0,3
16,31,5,1,4,2,5,2,1,1,1.0,3,2,1,1,,6,3,2,0,3
17,29,4,5,1,4,3,4,1,1,1.0,1,2,4,4,,5,2,2,0,4
18,40,5,2,5,2,5,2,1,1,1.0,3,5,1,1,,6,2,3,0,5
19,43,5,1,5,2,4,2,1,1,1.0,5,5,1,1,,6,2,3,0,4
20,46,5,2,2,1,4,1,2,1,1.0,5,5,1,1,,5,2,3,0,5
21,24,4,4,4,2,4,2,3,1,2.0,4,3,2,2,,5,2,4,0,3
22,70,5,2.0,2,5,4,5,1,2,1.0,2,4,2,2,,4,5,2,0,3.0
23,34,4,2,2,4,2,4,3,1,2.0,4,1,1,2,,5,3,3,0,3
24,65,2,4,4,5,4,4,3,2,2.0,4,2,1,1,,5,3,3,0,3.0
25,78,2,4,4,4,4,4,3,2,2.0,3,3,3,2,,6,2,3,0,3.0
26,55,2,2,2,4,2,4,2,1,1.0,3,3,2,2,,6,1,4,0,5
27,79,2,4,2,4,2,4,7,2,2.0,5,4,1,2,,5,2,4,0,3.0
28,51.0,5,5,5,4,4,1,3,1,2.0,4,4,1,3,,7,6,2,0,1
29,25,4,4,4,2,4,2.0,4,1,2.0,4,4,2,2,,6,3,4,0,3
30,68,2,2,2,4,2,4,8,2,2.0,3,1,1,2,,5,3,3,0,3.0
31,60,5,2,4,2,4,4,3,1,2.0,4,4,1,1,,6,2,2,0,2
32,87,4,3,3,3,4,2,3,2,2.0,5,3,1,2,,5,2,2,0,3.0
33,77,2,4,4,2,2,4,8,1.0,2.0,3,4.0,2,2,,3,5,3,0,3.0
34,69,4,2,2,1,1,2,3,2,2.0,4.0,2,3,2.0,,3,3,3,0,3.0
35,51,4,1,4,1,2,2,2,1,2.0,4,4,1,2,,6,3,3,0,1
36,29,2,4,2,4,3,4,8,1,1.0,2,2,4,3,,2,6,2,0,2
37,46,2,4,1,4,1,5,3,1,2.0,4,2,2,2,,5,4,2,0,1
38,44,2,4,2,4,2,4,3,1,2.0,4,3,2,2,,4,4,4,0,3
39,57,2,4,1,4,1,5,3,1,2.0,3,3,2,2,,5.0,3,2,0,2
40,26,2,4,2,4,2,4,3,1,1.0,3,3,2,2,,5,4,2,0,2
41,76,2,4,2,4,4,4,3,2,2.0,5,4,1,2,,4,3,3,0,3.0
42,57,4,2,5,2,5,4,2,2,1.0,4,2,2,2,,7,2,4,0,3.0
43,75,2,4,2,4,2,5,8,2,2.0,4,2,2,2,,3,4,2,0,3.0
44,46,5,4,2,4,2,2,1,1,2.0,4,4,1,1,,5,3.0,2,0,3
45,59,4,2,4,2,4,1,3,1,1.0,5,5,5,2,,6,2,4,0,2
46,55,4,2,4,5,1,3,3,1,2.0,1,1,2,3,,3,2,2,0,3
47,77,2,4,1,4,1,4,4,2,2.0,4,3,2,2,,3,4,3,0,3.0
48,47,2,3,3,2,4,3,1,1,1.0,3,2,2,3,,5,3,4,0,3
49,49,4,2,2,4,2,4,3,1,2.0,4,3,2,2,,6,3,5,0,4
50,81,2,1,4,4,5,4,8,2,2.0,4,3,2,2,,5,6,3,0,3.0
51,29,1,5,2,5,1,5,3,2,2.0,3,1,3,2,,3,6,4,0,3.0
52,60,4,2,4,2,4,2,4,2,1.0,4,4,2,2,,5,2,5,0,3.0
53,69,2,5,2,4,2,4,3,1,2.0,4,2,2,2.0,,5,3.0,3,0,1
54,57,1,5,2,5,2,4,3,1,2.0,2,3,4,3,,2,6,3,0,3
55,32,1,4,2,1,2,5,4,1,2.0,3,2,2,2,,3,5,5,0,3
56,60,4,5,4,2,4,1,1,1,2.0,3,2,2,2,,7,3,3,0,3
57,44,2,4,2,5,2,5,8,1,2.0,3,2,4,3,,4,4,2,0,1
58,71,2,5,1,5,1,5,2,2,2.0,3,4,1,2,,3,3,2,0,3.0
59,67,4,2,2,5,4,5,5,2,1.0,5,2,1,2,,6,2,5,0,3.0
60,52,4,2,4,4,4,5,1,2,1.0,2,2,3,5,,2,6,2,0,3.0
61,54,2,5,5,4,2,4,3,1,2.0,3,3,2,2,,4,5,3,0,2
62,42,2,4,2,4,2,4,3,1,2.0,3,3,4,3,,5,3,3,0,3
63,58,2,4,2,4,1,2,3,2,2.0,4,4,2,3,,5,3,2,0,3.0
64,72,2,4,2,4,2,2,7,2,2.0,3,4,3,3,,4,4,2,0,3.0
65,77,2,4,2,2,2,4,3,2,2.0,4,3,3,3,,2,6,3,0,3.0
66,51,2,4,2,2,4,1,3,1,2.0,2,4,2,1,,5,2,3,0,3
67,60,2,5,2,5,1,5,3,2,1.0,4,3,2,2,,2,5,3,0,3.0
68,39,4,5,5,5,2,5,3,1,2.0,3,4,1,1,,4,5,2,0,2
69,51.0,2,2,2,4,2,2,3.0,1.0,2.0,2,2,2,4,,3,4,3.0,0,3.0
70,51,3,1,1,4,2,4,2,1,2.0,3,5,1,1,,5,3,3,0,3
71,76,4,2,4,3,5,3,3,2,2.0,3,3,2,2,,5,3,5,0,3.0
72,53,4,4,4,4,2,4,8,1,2.0,2,3,2,2,,4,4,5,0,3
73,32,5,1,1,1,5,1,5,1,1.0,3,4,1,1,,7,1,5,0,5
74,81,2,2,2,2,2,4,3.0,2,2.0,4,3,2,2,,5,3,3.0,0,3.0
75,38,2,4,2,4,2,4,3,1,2.0,3,3,4,2,,4,4,4,0,3
76,65,2,4,4,4,4,4,3,2,2.0,4,4.0,2,3,,4,3,3,0,3.0
77,35,4,2,4,2,4,2,1,1,1.0,3,5,2,2,,6,1,3,0,4
78,35,4,2,4,2,4,2,3,1,1.0,4,4,2,2,,2,5,4,0,4
79,73,2,5,2,5,2,5,2,2,1.0,4,3,1,1,,4,4,3.0,0,3.0
80,58,1,5,1,5,1,4,1,2,1.0,2,2,4,4,,4,7,4,0,3.0
81,52,4,2,2,4,2,4,3,1,2.0,3,4.0,1,1,,5,3,5,0,3
82,49,2,4,2,5,2,5,5,1,2.0,3,2,1,3,,4,3,3,0,4
83,64,1,4,2,4,1,4,4,1,2.0,5,5,1,2,,5,4,5,0,3
84,66,4.0,2,4,4,4,2,2,2,1.0,3,3,2,1,,4,3,4,0,3.0
85,82,1,4,4,5,2,4,8,2,2.0,2,2,4,3,,2,5,2,0,3.0
86,59,2,4,2,4,2,5,2,2,2.0,4,4,2,2,,5,4,4,0,3.0
87,76,4,2,4,5,4,5,3,2,2.0,3,3,1,1,,4,3,3,0,3.0
88,60,4,4,2,2,4,2,1,1,1.0,3,4,1,1,,5,2,3,0,4
89,75,2,2,2,4,2,4,3,1,2.0,4,4,2,2,,5,4,2,0,1
90,61,2,4,1,5,1,5,3,2,2.0,4,3,2,2,,2,5,3,0,3.0
91,45,2,2,5,5,2,4,4,1,2.0,4,4,1,2,,4,4,5,0,3
92,67,5,1,5,2,5,1,5,1,1.0,2,4,1,1,,7,2,5,0,4
93,69,5,1,5,1,5,1,5,1,1.0,4,3,1,1,,6,2,4,0,5
94,79,3,2,4,3,4,3,8,2,2.0,4,4,1,2,,6,2,2,0,3.0
95,78,2,5,2,5,2,4,2,2,2.0,2,3,3,2,,3,5,2,0,3.0
96,59,2,5,4,2,2,2,8,1,1.0,2,3,1,2,,5,2,2,0,3
97,57,2,4,2,4,2,4,3,1,2.0,4,4,2,2,,5,3,3,0,3
98,83,4,2,2,4,4,2,3,2,2.0,2,2,3,3,,3,5,3,0,3.0
99,29,4,2,2,5,4,5,3,1,2.0,4,5,1,1,,6,3,3.0,0,2
100,52,2,4,1,5,2,5,2,1,2.0,4,3,1,2,,7,3,3,0,4
101,67,4,2,4,2,4,2,2,2,1.0,5,4,1,1,,6,2,5,0,3.0
102,71,4,1,4,4,5,2,7,2,2.0,4,4,2,2,,6,1,3,0,3.0
103,42,2,2,2,2,5,2,3,1,1.0,4,4,2,1,,6,2,3,0,4
104,87,2,4,2,4,2,5,3,2,2.0,3,1,3,2,,3,5,2,0,3.0
105,48,4,2,3,4,3,4,3,1,2.0,3,3,2,2,,4,4,5,0,4
106,67,4,2,4,2,4,2,8,1,2.0,3,3,1,2,,5,2,3,0,1
107,63,4,1,5,4,2,2,2,2,2.0,4,4,1,2,,6,3,2,0,3.0
108,72,2,5,2,5,2,4,4,2,1.0,3,2,2,2,,5,4,2,0,3.0
109,25,2,2,4,5,1,2,7,2,2.0,4,4,2,2,,3,3,5,0,3.0
110,28,4,2,4,2,4,2,1,1,1.0,4,4,1,1,,4,2,3,0,4
111,26,3,4,2,4,2,4,3,1,2.0,2,3,2.0,2,,2,2,3,0,3
112,57,4,4,4,5,4,4,3,1,2.0,4,3,1,1,,7,1,3,0,3
113,52,3,3,3,4,3,3,3,1,2.0,2,4,1,1,,5,3,3,0,3
114,56,2,4,1,4,2,5,3,1,1.0,4,4,2,2,,5,3,3,0,4
115,61,5,2,4,2,4,4,1,2,2.0,2,2,2.0,1,,7,2,3,0,3.0
116,62,1,4,1,5,1,5,3,2,2.0,2,2,5,5,,2,6,4,0,3.0
117,56,2,5,2,4,2,4,3,2,2.0,4,2,1,2,,3,4,3,0,3.0
118,60,4,4,2,2,4,2,3,2,2.0,3,3,1,2,,5,3,2,0,3.0
119,81,4,2,2,2,4,2,5,1,2.0,5,3,1,2,,6,2,3,0,1
120,58,5,4,5,5,5,4,7,2,2.0,5,1,1,1,,5,2,2,0,3.0
121,67,4,2,4,2,4,2,8,2,1.0,5,4,2,2,,5,3,2,0,3.0
122,63,4,2,4,4,2,4,3,2,2.0,4,3,1,2,,3,4,5,0,3.0
123,58,4,1,4,1,5,1,3,1,2.0,4,5,1,1,,5,2,2,0,3
124,67,4,4,4,2,2,2,3,2,2.0,2,3,1,2,,5,4,3,0,3.0
125,76,5,2,5,1,5,1,1,2,1.0,5,5,1,1,,5,1,2,0,3.0
126,53,5,2,4,2,4,1,1,1,1.0,4,3,1,2,,6,3,2,0,3
127,60,5,1,4,2,2,1,1,1,1.0,3,5,1,1,,5,5,2,0,4
128,59,4,2,5,5,4,1,1,1,2.0,4,5,3,1,,6,5,4,0,4
129,45,4,1,2,5,5,2,8,1,1.0,5,3,1,2,,3,5,5,0,5
130,50,4,4,4,5,4,5,3,1,2.0,4,3,2,2,,5,2,3,0,3
131,78,4,2,4,5,4,5,2,2,1.0,5,4,1,2,,5,2,2,0,3.0
132,65,4,2,4,2,4,2,3,2,2.0,4,4,1,1,,5,3,4,0,3.0
133,79,2,4,1,4,2,1,3,2,2.0,3,5,2,3,,5,2,2,0,3.0
134,55,5,1,5,4,5,1,4,1,1.0,5,4,1,2,,5,3,3,0,3
135,73,2,2,2,4,4,2,8,2,2.0,5,4,2,2,,4,2,2,0,3.0
136,56,5,1,5,4,5,1,1,2,1.0,5,5,1,1,,7,1,2,0,3.0
137,60,4,2,4,2,4,2,2,1,2.0,4,4,2,2,,6,2,4,0,3
138,54,4,4,4,2,4,2,2,1,2.0,4,4,2,2,,6,2,4,0,3
139,68,5,2,4,2,5,2,8,2,2.0,4,4,1,1,,7,1,2,0,3.0
140,38,2,2,4,4,2,4,2,1,1.0,3,3,1,1,,5,2,4,0,4
141,42,5,2,5,2,4,2,3,1,2.0,4,3,1,3,,5,4,2,0,1
142,75,5,1,5,1,5,2,8,2,1.0,5,4,1,1,,7,1,2,0,3.0
143,71,1,4,2,4,2,4,4,2,2.0,2,3,2,1,,4,3,5,0,3.0
144,52,4,2.0,2,2.0,2,2,1,1,1.0,4,4,2,3,,4,4,2,0,4
145,66,2,4,2,5,3,5,1,2,1.0,3,4,2,1,,3,1,2,0,3.0
146,71,4,4,4,4,2,2,5,1,1.0,3,2,2,3,,3,5,5,0,1
147,54,5,2.0,4,2,4,2,3,2,2.0,4,4,1,1,,5,2,2,0,3.0
148,57,4,2,4,2,4,2,3,1,1.0,4,4,2,2,,6,2,5,0,2
149,78,5,1,4,2,4,2,1,2,1.0,4,4,1,2,,6,2,3,0,3.0
150,86,4,4,4,3,4,3,7,2,2.0,4,4,2,2,,5,3,4,0,3.0
151,79,5,1,1,1,1,2,3,2,2.0,5,5,1,1,,7,1,3,0,3.0
152,70,4,2,2,2,4,2,2,2,1.0,4,4,1,1,,3,2,5,0,3.0
153,35,5,1,5,1,5,1,2,1,2.0,4,4,1,1,,5,2,5,0,3
154,75,4,2,4,2,4,2,8,2,1.0,4,2,2,3,,6,3,2,0,3.0
155,78,4,4,4,4,4,4,2,2,2.0,2,2,1,3,,5,3,3,0,3.0
156,53,4,2,4,4,4,2,3,1,2.0,3,4,2,2,,7,2,5,0,3
157,71,2,4,2,4,2,4,1,2,1.0,3,3,3,1,,6,4,2,0,3.0
158,66,4,2,4,2,4,2,3,1,2.0,4,3,2,3,,2,2,2,0,1
159,75,4,2,2,2,4,2,3,2,1.0,2,2,3,4,,5,3,5,0,3.0
160,49,4,4,2,4,4,2,3,1,1.0,2,5,1,3,,4,3,5,0,5
161,75,5,4,4,5,4,4,1,2,1.0,4,4,1,2,,4,4,3,0,3.0
162,76,4,4,2,2,4,2,8,2,1.0,5,4,2,1,,5,2,3,0,3.0
163,63,4,2,4,4,2,4,3,2,2.0,3,5,2,2,,4,2,4,0,3.0
164,67,4,2,4,1,4,2,4,2,1.0,4,3,2,2.0,,4,4,3,0,3.0
165,63,2,2,1,5,2,5,3,2,2.0,4,2,2,3,,5,4,3,0,3.0
166,47,2,4,2,4,4,4,3,1,2.0,3,3,2,2,,4,4,4,0,4
167,39,4,2,4,3,5,2,2,1,1.0,5,4,1,1,,5,3,5,0,3
168,60,4,4,4,2,4,2,5,1,1.0,4,5,1,1,,6,2,2,0,3
169,40,2,4,2,4,2,4,3,2,2.0,3,3,2,3,,4,4,2,0,3.0
170,71,2,4,2,4,2,4,8,2,2.0,2,2,3,2.0,,2,6,2,0,3.0
171,56,4,2,2,2,4,3,4,1,2.0,4,4,2,2,,7,1,4,0,4
172,39,4,4,5,4,5,1,3,1,2.0,5,4,1,1,,2,4,3,0,5
173,51,1,4,1,1,2,4,8,2,1.0,1,1,4,5,,3,6,3,0,3.0
174,76,4,5,4,4,4,2,4,2,1.0,5,3,1,1,,6,2,4,0,3.0
175,32,4,2,4,2,4,2,3,1,1.0,4,4,1,1,,4,3.0,4,0,3
176,79,2,2,1,5,2,5,8,2,2.0,2,1,2,2,,3,6,2,0,3.0
177,38,2,3,3,4,3,2,3,1,2.0,3,3,2,1,,3,4,2,0,3
178,52,5,1,5,1,5,1,5,1,1.0,4,4,2,1,,6,2,5,0,5
179,73,5,1,5,2,5,2,5,2,1.0,5,4,1,2,,6,1,3,0,3.0
180,63,5,2,4,4,2,4,1,1,1.0,4,3,1,1,,6,3,2,0,4
181,27,5,2,2,2,4,2,4,1,2.0,4,1,1,1,,7,1,5,0,3
182,41,2,4,2,4,2,3,3,1,1.0,2,2,2,3,,4,4,2,0,5
183,76,5,2,4,2,5,1,4,2,2.0,4,4,2,2,,5,2,5,0,3.0
184,68,4,4,3,2,4,2,5,2,1.0,5,4,1,2,,3,4,4,0,3.0
185,26,4,2,4,4,4,2,3,1,1.0,2,3,1,2,,4,4,3,0,3
186,22,4,4,2,2,4,2,1,1,2.0,5,3,1,2,,6,2,4,0,3
187,47,4,2,2,2,4,2,3,1,2.0,4,4,2,2,,5,2,3.0,0,2
188,38,5,1,5,2,5,1,8,1,2.0,1,3,2,2,,7,2,3,0,4
189,45,4,2,4,2,4,1,3,1,1.0,4,4,2,2,,5,2,5,0,3
190,18,2,4,2,4,2,4,8,1,1.0,3,3,2,2,,5,4,2,0,3
191,46,5,4,5,2,5,2,5,1,1.0,4,5,1,2,,5,2,5,0,4
192,40,2,2,2,4,4,2,3,1,2.0,3,4,1,2,,6,4,3,0,3
193,32,4,1,1,2,4,2,8,1,1.0,3,3,1,1,,6,1,2,0,4
194,41,4,2,3,3,3,3,3,1,1.0,2,1,2,2,,3,5,5,0,3
195,63,5,2,2,4,1,4,5,2,1.0,3,3,2,3,,2,4,2,0,3.0
196,32,4,2,4,2,4,2,3,1,1.0,3,4,2,2,,5,3,5,0,4
197,41,5,2,4,1,4,4,5,1,1.0,5,5,1,1,,6,5,5,0,3
198,18,4,4,4,4,2,2.0,7,2,2.0,3,4.0,4,2,,5,4,4,0,3.0
199,44,2,2,2,2,2,5,1,1,1.0,3,3,2,2,,4,3,2,0,3
200,20,5,2,5,2,5,1,3,1,2.0,4,3,1,1,,7,2,4,0,3
201,42,5,2,5,2,4,2,2,2,2.0,4,4,2,2,,5,4,3,0,3.0
202,58,4,5,2,4,4,4,5,1,1.0,4,3,2,2,,4,3,5,0,2
203,44,4,2,4,4,5,2,8,1,1.0,3,4,2,2,,4,4,3,0,5
204,51,4,5,3,2.0,2,2.0,1,1,1.0,3,4,2.0,2.0,,5,2,2,0,3
205,19,4,1,4,3,4,3,3,1,1.0,3,4,1,1,,6,2,4,0,3
206,30,4,4,2,2,4,2,3,1,1.0,3,4,2,2,,5,3,3,0,3
207,46,5,1,5,1,5,1,3,1,1.0,3,5,1,1,,5,1,3,0,4
208,20,5,2,5,2,4,1,3,1,1.0,4,5,2,2,,6,2,5,0,3
209,22,5,1,5,1,4,1,3,1,1.0,4,4,2,1,,7,1,4,0,2
210,32,4,2,2,4,2,4,3,1,1.0,4,5,1,2,,6,2,5,0,4
211,37,4,3,4,4,4,4,2,1,1.0,3,4,2,1,,4,4,5,0,5
212,66,5,2,5,2,4,1,8,2,1.0,4,3,1,2,,6,3,2,0,3.0
213,62,2,4,2,2,4,4,3,2,2.0,3,3,2,2,,6,2,2,0,3.0
214,21,4,4,4,3,4,2,3,1,1.0,4,3,2,1,,6,2,3,0,4
215,76,3,2,4,4,4,4,3,2,1.0,3,3,1,2,,3,4,4,0,3.0
216,27,2,4,2,2,1,2,1,1,1.0,5,3,1,2,,5,2,3,0,4
217,76,5,2,4,4,5,2,3,2,1.0,4,3,1,2,,6,4,5,0,3.0
218,32,2,4,2,4,4,2,3,2,2.0,4,4,1,1,,6,2,2,0,3.0
219,33,4,4,4,2,3,1,1,1,1.0,3,4,2,1,,5,5,3,0,3
220,33,5,1,5,4,4,1,2,1,2.0,1,5,1,1,,7,1,4,0,1
221,37,2,4,2,5,2,4,3,1,1.0,3,3,1,2,,5,3,4,0,3
222,42,5,1,5,4,4,2,2,2,1.0,5,5,1,2,,5,2,4,0,3.0
223,48,4,2,4,5,2,2,2,1,2.0,3,5,1,1,,4,2,5,0,4
224,48,4,2,4,2,4,2,3,1,2.0,4,4,2,2,,6,1,4,0,3
225,42,4,2,4,2,4,1,3,1,2.0,3,4,1,2,,5,6,4,0,3
226,46,5,1,5,1,4,1,4,1,1.0,4,5,1,1,,5,2,4,0,5
227,30,5,2,4,2,2,2,2,1,1.0,4,5,2,2,,5,4,5,0,4
228,52,4,2,2,1,2,2,3,1,1.0,3,4,2,2,,5,2,5,0,3
229,31,5,1,4,2,4,2,3,1,2.0,4,5,1,2,,4,3,5,0,4
230,21,4,2,4,2,4,2,8,2,1.0,3,4,3,3,,4,4,3,0,3.0
231,39,4,2,4,2,5,1,3,1,1.0,4,4,2,2,,6,5,4,0,4
232,18,4,2,4,2,4,2,7,2,1.0,4,3,2,1,,5,3,5,0,3.0
233,56,2,4,1,4,1,5,3,1,1.0,2,4,3,3,,2,6,5,0,3
234,62,5,2,4,1,5,1,1,1,2.0,5,1,1,1,,6,1,4,0,5
235,70,4,2,4,2,4,2,4,2,1.0,4,4,3,2,,6,2,5,0,3.0
236,21,2,4,2,4,2,4,7,2,2.0,3,3,2,2,,4,5,4,0,3.0
237,55,4,5,3,4,1,4,1,2,1.0,5,4,4,2,,4,5,2,0,3.0
238,24,2,4,2,2,2,4,1,1,1.0,2,4,3,3,,3,5,2,0,4
239,56,5,2,1,2,4,5,1,2,2.0,3,2,2,3,,6,3,2,0,3.0
240,50,4,2,4,2,4,2,3,2,2.0,3,4,2,1,,5.0,2,4,0,3.0
241,29,5,2,5,4,4,5,7,2,1.0,4,4,1,2,,6,2,4,0,3.0
242,36,5,2,4,4,5,2,2,1,2.0,5,3,1,1,,5,4,3,0,3
243,42,2,4,2,4,2,4,3,2,1.0,3,2,4,4,,5,5,3,0,3.0
244,34,2,5,4,2,4,5,3,2,2.0,4,5,2,3,,5,2,4,0,3.0
245,52,2,2,2,4,4,2,3,1,1.0,3,4,5,2,,5,3,5,0,3
246,33,2,4,2,4,2,4,4,1,2.0,4.0,4,2,2,,4,4,5,0,3
247,28,5,4,4,4,1,1,3,1,2.0,4,4,2,2,,5,2,3,0,2
248,18,4,4,2,5,4,5,3,1,1.0,4,3,3,2,,3,6,4,0,3
249,32,2,4,2,4,4,4,3,1,2.0,4,2,2,3,,6,3,2,0,4
250,47,4,2,4,4,4,2,4,1,1.0,4,4,1,1,,7,1,2,0,3
251,43,4,2,2,2,2,4,2,1,2.0,2,2,3,4,,4,4,4,0,3
252,59,4,2,2,2,4,2,3,1,1.0,3,3,1,2,,5,2,4,0,3
253,42,2,4,2,4,2,2,2,1,2.0,3,4,2,2,,4,5,4,0,2
254,47,5,1,5,1,4,2,1,1,1.0,4,4,1,2,,7,6,2,0,3
255,34,5,2,4,2,4,2,1,1,1.0,3,5,1,2,,6,2,3,0,4
256,26,4,1,4,2,4,2,4,1,2.0,4,4,1,2,,6,2,4,0,3
257,61,4,2,4,1,5,2,5,1,1.0,4,4,1,1,,2,2,5,0,2
258,28,5,2,4,3,4,2,3,1,2.0,3,4,1,2,,6,2,5,0,5
259,28,4,2,2,2,4,2,1,1,1.0,4,3,2,1,,5,2,2,0,4
260,61,2,4,4,4,2,4,3,1,1.0,3,3,2,2,,3,4,5,0,3
261,55,4,2,4,2,4,2,4,1,1.0,4,3,2,2,,6,2,5,0,4
262,18,4,2,4,2,4,2,1,1,1.0,4,3,2,3,,5,3,2,0,3
263,49,4,2,4,2,5,2.0,3,1,1.0,4,2,2,2,,6,2,3,0,4
264,58,4,2,4,2,4,2,3,1,1.0,2,4,3,2,,4,4,4,0,3
265,69,4,2,4,2,3,3,2,2,1.0,4,4,2,2,,4,4,5,0,3.0
266,29,4,2,4,2,3,3,3,1,2.0,3,3,2,2,,4,4,4,0,4
267,64,5,5,2,5,5,3,8,2,2.0,5,5,1,1,,7,1,2,0,3.0
268,64,5,2,5,3,5,1,3,2,2.0,4,5,1,2,,5,2,4,0,3.0
269,53,4,2,4,2,4,4,8,1,1.0,3,4.0,2,2,,3,2,2,0,3
270,60,5,2,4,5,4,4,3,2,2.0,5,3,1,1,,7,2,3,0,3.0
271,25,1,1,4,1,4,1,7,2,1.0,2,3,2,1,,6,3,2,0,3.0
272,23,5,2,4,2,2,4,3,1,2.0,4,4,2,1,,6,5,3,0,3
273,48,4,4,2,4,2,3,3,1,2.0,5,3,1,2,,6,2,3,0,3
274,51,2,4,1,5,2,5,3,1,2.0,3,4,2,1,,5,2,5,0,2
275,25,4,4,2,3,2,5,3,1,2.0,4,4,2,2,,4,5,4,0,3
276,44,2,4,4,4,4,5,3,1,2.0,3,3,2,2,,4,4,2,0,3
277,67,5,4,2,2,5,5,1,2,2.0,5,5,2,2,,7,1,2,0,3.0
278,22,4,2,4,2,4,4,1,1,2.0,2,3,2,2,,6,2,3,0,4
279,63,2,4,1,2,2,4,8,1,1.0,5,3,2,2,,4,4,2,0,5
280,38,5,2,5,4,5,2,3,1,1.0,3,4,1,1,,7,1,5,0,4
281,35,5,2,2,4,4,2,3,1,2.0,4,4,2,2.0,,4,2,3,0,3
282,19,5,2,5,2,5,1,7,2,2.0,4,5,2,2,,5,1,5,0,3.0
283,48,4,1,4,2,4,2,8,1,1.0,3,3,4,2,,5,3,3,0,5
284,56,4,2,4,2,4,2,3,1,1.0,4,3,2,4,,5,3,3,0,3
285,44,5,2,4,2,4,2,8,1,1.0,5,3,1,2,,3,5,5,0,1
286,39,4,2,4,4,4,4,3,1,1.0,4,4,2,2,,6,2,5,0,4
287,29,4,1,4,1,1,1,2,1,2.0,5,5,2,1,,5,2,3,0,4
288,29,5,2,5,2,5,2,4,1,2.0,2,3,1,1,,7,2,3,0,4
289,32,2,2,4,2,4,2,3,1,2.0,5,4,1,1,,6,2,3,0,3
290,21,5,2,4,2,4,2,3,1,1.0,4,4,2,1,,5,3,4,0,3
291,62,4,2,4,2,4,2,3,1,2.0,4,3,2,2,,6,2,5,0,3
292,58,4,2,4,2,4,2,1,1,1.0,3,4,1,1,,7,1,3,0,2
293,66,4,2,2,4,4,2,3,1,1.0,4,4,1,1,,5,1,5,0,3
294,44,5,2,5,2,4,2,1,1,1.0,3,4,1,1,,5,3,3,0,5
295,25,5,2,5,2,4,2,1,1,1.0,3,4,2,2,,6,4,4,0,4
296,29,4,4,4,2,4,2,2,1,2.0,4,4,2,1,,5,2,5,0,3
297,57,4,2,4,2,4,2,8,1,2.0,4,4,1,1,,5,2,2,0,3
298,28,2,4,2,4,4,2,7,2,1.0,4,3,2,2,,6,2,3,0,3.0
299,47,5,2,4,2,4,2,8,1,1.0,4,4,2,2,,4,4,5,0,4
300,25,4,2,5,1,5,2,7,2,2.0,4,4,1,2,,6,2,4,0,3.0
301,25,2,1,4,4,4,2,1,1,1.0,3,2,1,2,,6,2,3,0,4
302,34,4,2,4,2,4,1,2,1,2.0,5,5,1,2,,7,2,5,0,3
303,35,5,1,5,2,5,2,8,1,2.0,5,5,1,1,,7,2,4,0,3
304,37,5,2,5,1,2,2,3,2,2.0,3,2,2,1,,6,2,4,0,3.0
305,60,5,2,4,2,5,1,3,1,2.0,4,3,2,1,,6,1,5,0,2
306,18,2,4,2,4,2,4,7,2,1.0,4,1,2,3,,4,3,3,0,3.0
307,55,5,2,5,3,5,2,1,1,2.0,4,4,1,1,,3,4,3,0,3
308,31,4,2,4,1,4,1,3,1,2.0,4,4,2,2,,5,4,3,0,3
309,46,5,1,4,2,4,1,1,1,1.0,4,4,1,1,,7,1,3,0,5
310,73,5,4,5,1,5,2,4,2,2.0,5,4,1,1,,5,3,5,0,3.0
311,26,5,4,5,2,4,2,7,2,2.0,3,3,1,2,,5,2,5,0,3.0
312,78,5,4,2,5,2,4,4,2,2.0,4,3,2,2,,4,2,3,0,3.0
313,47,2,4,3,4,2,3,4,1,2.0,3,3,2,2,,5,3,5,0,3
314,19,5,2,5,1,4,1,8,1,1.0,4,2,2,2,,7,1,2,0,3
315,59,2,4,2,4,2,4,8,2,1.0,2,2,2,3,,5,5,2,0,3.0
316,22,3,2,3,4,3,2,3,1,2.0,5,3,2,2,,6,2,4,0,3
317,33,4,4,4,2,4,2,8,1,1.0,2,1,3,2,,5,6,1,0,3
318,46,2,4,1,4,1,4,3,2,1.0,4,4,2,2,,6,2,2,0,3.0
319,22,4,4,4,2.0,4,1,1,1,1.0,4,4,2,2,,6,2,2,0,3
320,38,4,1,4,1,4,1,3,1,1.0,5,5,1,1,,6,1,3,0,3
321,58,2,4,2,1,2,4,4,1,2.0,3,2,1,1,,5,4,3,0,4
322,20,3,3,3,3,3,2,3,1,1.0,2,4,2,2,,3,4,4,0,3
323,22,2,4,1,2,2,4,4,1,2.0,3,4,2,3,,6,3,3,0,4
324,47,4,1,4,2,5,1,3,1,2.0,5,4,1,1,,5,2,2,0,3
325,24,5,2,5,4,4,2,3,1,1.0,3,4,2,2,,7,2,2,0,3
326,27,4,2,2,4,4,2,1,1,1.0,5,4,2,2,,6,2,2,0,3
327,34,1,4,2,4,3,4,3,1,2.0,5,4,2,2,,6,2,4,0,4
328,34,4,5,2,2,4,2,1,1,1.0,3,4,2,3,,3,4,3,0,3
329,30,4,1,4,2,5,1,2,1,1.0,5,4,1,2,,6,1,3,0,3
330,56,4,2,4,2,4,2,1,2,1.0,4,4,1,2,,5,3,4,0,3.0
331,35,4,2,4,4,4,1,8,1,2.0,4,4,1,2,,6,2,3,0,3
332,46,5,2,5,1,4,2,3,1,1.0,2,4,2,3,,3,5,4,0,4
333,36,4,2,4,2,4,2,1,1,1.0,4,5,2,2,,6,2,3,0,3
334,29,5,2,5,4,5,2,3,1,2.0,5,4,1,1,,5,3,1,0,1
335,31,4,2,4,2,5,2,3,1,1.0,4,4,1,1,,5,2,5,0,4
336,45,5,5,5,5,5,2,5,1,2.0,4,4,1,2,,6,1,4,0,3
337,23,5,5,2,2,5,1,7,2,1.0,3,4,1,1,,6,2,4,0,3.0
338,19,2,2,4,4,4,4,8,1,2.0,4,3,2,2,,5,3,2,0,3
339,34,4,2,4,2,4,2,3,1,1.0,4,4,1,1,,5,2,5,0,4
340,65,3,4,2,5,2,4,1,2,1.0,3,3,2,4,,5,3,2,0,3.0
341,46,4,4,4,3,3,4,3,1,2.0,2,4,3,3,,4,4,5,0,4
342,54,2,4,2,2,4,2,3,1,1.0,3,3,2,3,,5,4,4,0,3
343,51,3,2,4,3,4,2,1,1,1.0,3,3,3,3,,5,2,3,0,2
344,36,4,2,4,2,4,1,3,1,1.0,3,3,2,4,,5,2,3,0,3
345,51,2,4,4,4,4,5,1,2,2.0,3,1,2,4,,2,7,2,0,3.0
346,22,2,4,2,4,2,4,7,2,2.0,4,3,2,2,,5,5,3.0,0,3.0
347,21,2,4,2,4,4,4,7,2,1.0,3,4,3,3,,2,4,4,0,3.0
348,25,5,1,1,2,4,1,8,1,1.0,4,3,1,1,,4,4,2,0,3
349,34,1,2,2,4,2,4,8,1,1.0,3,2,4,3,,2,5,3,0,3
350,43,4,4,2,2,4,4,3,1,1.0,3,4,2,1,,5,3,4,0,5
351,59,4,4,2,2,4,4,8,1,1.0,3,3,2,2,,6,2,3,0,3
352,56,4,5,3,5,4,4,3,1,2.0,4,1,2,1,,6,3,3,0,2
353,48,4,1,1,2,1,2,1,1,1.0,3,2,4,3,,3,6,3,0,5
354,34,4,4,4,4,2,4,5,1,1.0,2,5,2,3,,5,3,5,0,3
355,35,4,2,4,2,4,2,8,1,1.0,4,4,1,2,,3,4,2,0,3
356,21,4,2,4,2,5,1,7,2,1.0,5,3,1,1,,4,6,4,0,3.0
357,24,4.0,4,4.0,2,4,2,8,1,1.0,2,4,3,2,,4,3,2,0,3
358,36,5,2,5,2,5,2,2,1,1.0,5,5,2,1,,5,2,3,0,5
359,26,2,4,5,2,1,4,1,1,2.0,3,2,3,2,,3,5,3,0,4
360,29,4,4,4,4,4,2,8,2,1.0,3,3,2,2,,6,3,2,0,3.0
361,31,2,5,2,5,1,5,1,1,1.0,3,3,1,3,,2,6,2,0,4
362,24,4,1,5,1,4,1,7,2,2.0,1,1,2,3,,3,6,2,0,3.0
363,25,1,5,1,4,1,5,3,1,2.0,4,2,1,2,,4,4,4,0,3
364,51.0,4,4,2,4,1,4,2,1,2.0,1,2,2,1,,4,5,5,0,3
365,18,4,2,5,2,4,2,8,1,1.0,4,3,1,1,,5,3,3,0,3
366,35,2,4,2,4,4,4,2,1,2.0,3,3,3,2,,6,3,4,0,3
367,23,4,5,2,2,2,1,7,2,1.0,2,2,3,2,,4,4,4,0,3.0
368,18,5,4,4,2,4,2,7,2,2.0,4,4,1,2,,5,2,4,0,3.0
369,30,2,4,2,4,1,4,2,1,1.0,3,4,2,3,,4,4,3,0,3
370,18,5,2,4,2,2,2,7,2,2.0,1,1,3,3,,5,3,3.0,0,3.0
371,44,5,4,2,3,5,2,3,1,2.0,4,4,1,2,,5,2,5,0,5
372,58,4,4,5,4,4,2.0,8,1,2.0,1,3,3,1,,5,2,5,0,5
373,58,1,5,1,4,2,4,8,2,2.0,3,2,2,4,,6,5,1,0,3.0
374,51.0,5,2,4,2,3,2,5,1,2.0,3,4,2,2,,6,3,4,0,3
375,48,4,4,2,4,2,4,5,1,2.0,3,3,3,2,,4,2,3,0,3
376,48,2,4,2,2,2,4,3,1,2.0,2,2,3,1,,6,4,4,0,1
377,51,2,4,1,4,2,4,3,2,2.0,4,3,3,2,,4,4,3,0,3.0
378,75,2,3,2,4,3,4,5,2,1.0,2,2,4,3,,2,6,3,0,3.0
379,48,2,4,1,4,1,5,2,1,2.0,3,2,3,3,,5,5,5,0,3
380,42,1,5,1,5,1,5,1,1,1.0,2,2,2,3,,3,5,3,0,4
381,54,4,2,2,4,4,4,3,1,2.0,3,3,2,2,,4,3,4,0,3
382,66,4,2,4,3,3,3,2,1,1.0,4,4,2,2,,5,2,4,0,2
383,49,1,5,1,5,1,5,8,2,2.0,2,1,4,2,,4,3,2,0,3.0
384,43,2,2,2,2,2,4,3,1,2.0,4,3,2,3,,5,5,3,0,3
385,54,2,2,2,4,2,4,4,1,2.0,4,3,2,2,,5,3,4,0,3
386,72,4,4,4,3,3,2,3,2,1.0,2,3,3,2,,5,3,2,0,3.0
387,37,4,2,4,5,1,2,3,2,1.0,3,2,3,2,,4,4,5,0,3.0
388,29,4,4,2,2,2,2,3,1,2.0,4,2,2,2,,6,2,3,0,3
389,72,5,2,5,1,5,5,2,2,1.0,5,4,1,1,,6,2,5,0,3.0
390,59,4,2,4,2,4,2,5,1,2.0,3,3,2,2,,3,4,4,0,4
391,37,2,2,2,2,2,4,3,1,1.0,2,4,2,3,,4,3,3,0,3
392,57,4,2,4,3,4,2,1,1,1.0,4,5,2,2,,5,2,2,0,4
393,70,4,2,3,4,2,4,3,2,2.0,3,2,2,2.0,,3,5,3,0,3.0
394,43,2,4,2,4,2,4,3,1,1.0,2,4,4,2,,1,4,3,0,3
395,58,1,5,1,4,2,5,3,2,1.0,1,2,5,5,,3,7,4,0,3.0
396,59,3,4,4,4,4,3,3,1,2.0,2,2,4,2,,4,5,3,0,4
397,46,4,4,2,4,4,2,1,1,1.0,3,4,2,2,,5,3,3,0,4
398,59,5,2,5,2,4,1,3,1,1.0,5,4,1,2,,6,2,5,0,3
399,28,4,2,4,4,2,3,5,1,2.0,2,2,2,3,,5,3,4,0,1
400,40,1,4,1,5,2,4,3,1,2.0,3,1,2,2,,4,5,4,0,3
401,49,5,1,4,2,4,1,2,1,1.0,4,4,2,2,,6,2,5,0,4
402,52,2,2,4,4,4,2,2,1,2.0,3,3,1,2,,6,2,3,0,3
403,44,4,1,4,2,4,2,5,1,1.0,4,3,4,4,,4,6,3,0,2
404,36,1,1,1,1,5,1,3,1,1.0,3,3,2,1,,4,4,3,0,4
405,28,5,2,3,1,4,2,3,1,1.0,3,4,1,1,,5,5,4,0,5
406,33,4,2,4,2,4,2,8,1,1.0,3,4,1,3,,6,3,2,0,4
407,31,2,4,2,4,2,4,3,1,2.0,3,3,1,1,,6,4,3,0,3
408,56,5,2,5,2,4,2,3,1,1.0,2,4,4,3,,5,3,4,0,3
409,58,2,4,2,4,2,5,3,2,2.0,2,3,3,3,,5.0,4,4,0,3.0
410,32,4,4,4,4,4,2,3,1,1.0,3,2,2,1,,5,5,3,0,4
411,63,4,4,4,2,4,4,3,1,2.0,4,4,1,2,,4,3,3,0,1
412,45,4,2,5,1,4,2,8,1,1.0,4,4,2,1,,6,2,3,0,5
413,74,2,4,2,2,2,2,4,2,1.0,5,4,1,2,,5,2,4,0,3.0
414,28,5,1,4,1,5,3,3,1,2.0,4,4,1,1,,5,3,4,0,3
415,29,2,4,2,4,2,5,8,1,1.0,3,3,2,2,,6,4,2,0,3
416,55,4,1,5,2,4,4,5,1,1.0,5,5,1,2,,4,4,1,0,1
417,51.0,2,4,2,4,2,4,3.0,1.0,1.0,2,4,3,2,,5,5,3.0,0,3.0
418,45,4,2,2,3,4,2,1,1,1.0,4,4,1,1,,6,2,3,0,4
419,57,1,4,1,4,4,4,3,1,1.0,2,3,2,2,,6,3,3,0,4
420,30,4,4,4,2,4,2,8,2,1.0,4,3,1,1,,4,2,1,0,3.0
421,40,5,2,4,2,4,2,2,1,1.0,4,3,1,1,,6,2,4,0,3
422,53,2,4,2,4,1,4,8,1,1.0,3,3,3,2,,4,5,4,0,4
423,28,2,4,2,4,4,4,8,1,1.0,3,3,4,3,,2,3.0,2,0,2
424,64,2,5,2,5,2,5,8,2,1.0,3,2,2,3,,4,4,2,0,3.0
425,76,4,4,4,4,2,4,5,1,1.0,4,4,2,1,,5,3,5,0,2
426,36,4,2,4,3,3,2,3,1,1.0,3,4,2,2,,5,2,5,0,5
427,61,4,4,4,2,3,2,3,1,1.0,3,3,2,2,,2,6,3,0,3
428,33,4,2,4,2,4,2,3,1,2.0,5,3,1,1,,6,2,4,0,3
429,25,4,2,5,2,4,2,5,2,1.0,5,2,1,1,,4,6,4,0,3.0
430,30,5,4,2,4,4,2,3,1,2.0,2,2,3,2,,4,4,2,0,3
431,40,4,2,2,2,4,2,3,1,2.0,3,4.0,2,1,,2,5,3,0,3
432,28,5,2,4,1,4,2,3,1,1.0,3,4,2,1,,6,2,2,0,3
433,77,4,3,4,4,4,2,4,2,1.0,5,4,2,1,,5,3,4,0,3.0
434,30,4,2,4,4,4,2,3,2,2.0,3,3,2,2,,5,3,4,0,3.0
435,51.0,2,4,2,4,2,3,3,1,1.0,2,1,3,2.0,,3,6,4,0,3.0
436,24,2,2,2,4,3,4,5,1,1.0,4,3,1,1,,4,2,4,0,3
437,61,2,4,2,5,2,4,3,1,2.0,3,3,2,2,,5,3,3,0,3
438,62,4,2,2,5,4,2,8,2,1.0,2,3,1,3,,3,5,3,0,3.0
439,30,1,5,1,4,2,5,3,1,1.0,1,2,3,4,,3,6,4,0,3
440,29,2,4,2,4,2,4,2,1,1.0,4,3,1,1,,5,3,5,0,4
441,22,4,4,4,2,4,4,1,1,2.0,4,4,2,2,,5,3,3,0,3
442,61,2,2,2,4,2,4,2,1,2.0,3,4,2,2,,5,2,5,0,3
443,27,4,2,2,3,2,4,1,1,2.0,3,4,2,2,,5,3,3,0,1
444,39,5,2,4,2,5,2,3,1,1.0,4,4,2,2,,5,2,3,0,4
445,76,3,3,3,5,3,3,3,2,2.0,5,5,2,1,,1,4,1,0,3.0
446,71,4,4,4,4,4,4,2,2,2.0,4,4,1,2,,4,3,5,0,3.0
447,53,5,5,4,5,1,5,3,1,2.0,3,4,2,1,,3,3,3,0,3
448,45,4,2,2,2,4,2,3,1,2.0,4,3,2,2,,7,1,3,0,2
449,76,1,1,5,2,5,2,2,2,1.0,5,4,1,1,,5,3,5,0,3.0
450,74,4,2,2,2,2,2,3,2,1.0,4,5,1,4,,6,2,4,0,3.0
451,65,2,2,4,2,2,2,2,2,2.0,1,1,1,1,,3,4,2,0,3.0
452,81,1,5,2,4,1,5,8,2,2.0,2,1,1,4,,5,4,2,0,3.0
453,59,2,5,1,5,1,5,1,1,2.0,2,2,3,4,,1,7,2,0,2
454,64,5,2,2,2,4,2,2,1,1.0,4,4,2,2,,7,3,3,0,4
455,24,4,2,4,1,5,1,7,2,1.0,3,3,1,1,,6,4,4,0,3.0
456,56,2,2,2,4,2,4,3,2,2.0,2,2,3,3,,3,5,3,0,3.0
457,26,5,2,5,2,4,2,3,1,1.0,5,4,1,2,,6,2,4,0,3
458,81,4,1,4,2,5,2,3,2,2.0,4,4,1,2,,7,1,4,0,3.0
459,47,5,4,5,3,5,3,8,1,1.0,3,5,1,1,,4,4,4,0,3
460,36,4,2,4,2,4,2,8,1,2.0,5,4,1,1,,7,2,3,0,4
461,49,5,2,4,2,4,2,2,1,1.0,5,5,1,1,,7,1,3,0,4
462,25,5,2,4,2,4,2,7,2,2.0,5,4,1,1,,7,1,4,0,3.0
463,76,1,4,2,4,1,4,3,2,2.0,3,3,3,3,,5,4,2,0,3.0
464,43,4,2,4,1,5,2,2,1,1.0,4,5,2,2,,6,2,5,0,3
465,55,5,4,4,2,4,2,3,1,2.0,5,4,2,2,,6,1,4,0,2
466,50,4,1,4,2,4,2,3,1,2.0,3,4.0,2,5,,5,3,2,0,5
467,46,4,2,4,2,4,1,8,1,1.0,3,2,2,1,,5,3,3,0,5
468,72,4,2,2,2,4,2,3,2,1.0,4,5,2,2,,4,3,2,0,3.0
469,48,4,2,2,2,4,2,3,1,2.0,3,4,2,2,,5,3,4,0,3
470,77,4,2,5,4,4,2,3,2,1.0,4,4,1,2,,6,2,5,0,3.0
471,50,5,2,5,2,4,2,3,1,1.0,4,4,1,1,,6,1,5,0,4
472,61,4,5,2,1,5,5,3,2,2.0,5,4,2,1,,6,2,3,0,3.0
473,43,4,4,1,2,5,5,3,1,1.0,4.0,4.0,2.0,2.0,,4,3.0,3,0,3
474,51,4,1,4,2,5,2,5,1,2.0,5,4,1,2,,6,2,5,0,5
475,71,5,1,4,2,4,4,4,2,1.0,5,4,1,5,,6,1,5,0,3.0
476,32,4,1,4,3,4,2,3,1,2.0,4,4,1,2,,5,2,3,0,4
477,29,4,2,4,2,4,2,2,1,1.0,3,3,1,2,,4,4,5,0,3
478,24,5,3,4,4,4,2,3,1,1.0,4,4,1,1,,4,5,4,0,3
479,55,4,2,4,2,4,2,1,1,1.0,3,4,2,2,,3,4,2,0,3
480,31,5,1,5,1,5,1,1,1,2.0,4,5,1,2,,6,2,2,0,3
481,78,4,2,4,4,4,4,3,2,1.0,3,3,2,2,,4,5,2,0,3.0
482,77,4,2,4,2,4,2,3,2,1.0,3,3,2,2,,5,3,3,0,3.0
483,67,2,4,2,4,4,4,3,2,2.0,4,3,2,2,,6,2,2,0,3.0
484,36,4,2,4,2,4,2,1,1,2.0,4,3,2,3,,5,3,3,0,3
485,72,5,2,4,1,4,2,2,2,1.0,4,3,1,1,,6,2,4,0,3.0
486,78,4,1,4,1,4,2,1,2,1.0,3,3,2,2,,6,2,2,0,3.0
487,18,5,2,4,4,5,4,7,2,1.0,3,3,1,1,,5,2,4,0,3.0
488,54,2,5,5,2,2,1,5,1,2.0,4,4.0,2,1,,5,3,3,0,1
489,23,5,1,5,4,4,1,2,1,2.0,4,2,1,1,,7,1,4,0,3
490,82,4,1,4,2,4,2,3,2,2.0,5,3,1,2,,4,2,2,0,3.0
491,54,5,1,5,2,5,2,4,1,1.0,4,4,1,1,,6,2,4,0,5
492,42,5,4,5,5,5,4,3,1,2.0,4,3,1,3,,7,2,3,0,3
493,71,3,2,3,4,2,5,2,2,2.0,5,4,1,5,,4,4,4,0,3.0
494,67,4,2,4,2,4,2,3,2,2.0,3,4,2,2,,3,3,3,0,3.0
495,26,4,2,4,2,4,2,1,1,1.0,4,4,1,1,,6,1,3,0,4
496,74,5,4,5,2,5,2,4,2,2.0,4,4,2,2,,3,3,4,0,3.0
497,52,5,1,5,1,5,1,2,1,1.0,5,5,1,1,,7,1,5,0,4
498,67,3,3,3,3,1,1,4,2,1.0,5,4,1,1,,7,1,5,0,3.0
499,52,5,3,5,3,5,2,3,1,1.0,4,4,2,2,,5,4,4,0,3
500,32,5,2,5,2,5,3,3,1,2.0,4,5,2,2,,6,3,4,0,3
501,45,2,5,2,2,2,4,3,1,2.0,4,4,2,1,,4,3,3,0,2
502,32,5,2,4,2,4,2,3,1,1.0,5,5,1,1,,6,1,4,0,3
503,50,5,4,4,4,4,2,1,1,2.0,3,2,2,2,,5,2,3,0,1
504,43,2,4,2,4,2,4,3,1,2.0,4,4,2,2,,6,2,4,0,3
505,22,1,3,5,2,5,2,3,1,2.0,4,3,1,1,,6,2,3,0,1
506,68,4,2,4,2,4,2,8,1,1.0,4,5,2,2,,5,3,5,0,1
507,76,4,3,4,3,4,3,3,2,2.0,5,5,1,1,,6,2,2,0,3.0
508,65,2,2,2,4,4,4,2,2,2.0,2,3,4,2.0,,5,2,3,0,3.0
509,76,5,2,5,2,4,2,1,2,1.0,2,3,2,1,,5,2,2,0,3.0
510,20,5,2,5,2,5,2,3,1,2.0,5,4,1,2,,6,2,3,0,1
511,38,5,1,4,1,5,1,1,1,2.0,4,5,1,1,,7,1,3,0,3
512,72,4,1,4,4,2,4,8,2,1.0,5,4,1,1,,4,2,1,0,3.0
513,30,4,4,4,5,2,2,3,1,2.0,4,3,1,2,,6,2,5,0,3
514,77,5,4,2,4,2,4,4,2,2.0,4,2,2,1,,5,2,5,0,3.0
515,52,5,2,4,2,4,2,3,2,1.0,4,2,1,2,,5,2,4,0,3.0
516,19,5,2,5,2,5,2,8,1,1.0,4,5,1,1,,7,1,3,0,3
517,44,4,2,4,1,5,2,3,1,1.0,4,5,1,1,,7,2,3,0,3
518,62,5,1,5,1,5,1,3,2,2.0,4,5,1,1,,7,1,3,0,3.0
519,75,4,4,4,4,4,4,8,2,2.0,3,3,1,2,,5,3,2,0,3.0
520,63,4,5,4,2,4,4,1,2,1.0,4,4,1,1,,6,3,2,0,3.0
521,36,4,2,4,4,4,2,3,1,2.0,4,4,2,2,,5,2,3,0,2
522,54,4,2,4,2,4,2,3,1,2.0,3,3,2,2,,5,4,5,0,3
523,44,2,5,2,5,2,4,2,1,1.0,3,3,1,1,,3,4,5,0,3
524,74,2,4,1,4,2,4,8,2,2.0,4,4.0,2,2,,5,4,2,0,3.0
525,50,4,2,4,2,4,2,3,1,1.0,3,4,2,3,,5,2,4,0,3
526,73,4,2,2,4,4,4,2,2,1.0,3,4,2,2,,4,3,5,0,3.0
527,60,2,4,3,4,4,4,3,2,2.0,4,4,2,1,,5,4,2,0,3.0
528,47,5,2,4,2,4,2,8,1,2.0,4,4,1,2,,5,3,4,0,5
529,70,5,2,3,1,4,3,2,2,1.0,4.0,4.0,1,1,,6,1,5,0,3.0
530,58,2,2,2,2,2,2,3,1,2.0,3,2,1,3,,4,4,3,0,3
531,28,2,4,2,4,2,4,1,1,1.0,4,3,1,2,,4,5,3,0,3
532,27,4,1,4,1,4,1,3,1,2.0,3,4,2,2,,5,3,4,0,3
533,41,5,4,5,2,4,2,7,2,2.0,3,4,2,2,,5,2,4,0,3.0
534,58,5,2,5,2,5,4,5,1,1.0,3,3,1,1,,6,6,5,0,5
535,62,4,2,2,2,4,2,4,1,1.0,4,4,2,1,,5,2,4,0,3
536,48,4,4,2,2,4,4,5,1,2.0,4.0,4.0,2,2.0,,5,3,4,0,1
537,23,2,1,4,2,2,4,1,1,1.0,4,3,1,1,,4,2,4,0,3
538,42,4,2,4,2,4,2,3,1,1.0,4,4,2,2,,5,2,4,0,2
539,32,4,1,4,1,4,1,3,1,1.0,3,5,2,2,,5,3,3,0,3
540,22,5,2,4,2,5,2,1,1,1.0,3,5,2,1,,7,2,2,0,3
541,76,4,2,4,4,4,2,3,2,2.0,3,5,2,1,,3,4,2,0,3.0
542,45,4,4,4,4,4,4,3,2,2.0,3,3,2,2,,4,3,3,0,3.0
543,56,5,2,5,2,4,2,2,1,1.0,4,4,2,2,,6,2,3,0,4
544,31,2,2,4,4,2,4,3,1,2.0,3,2,3,3,,5,3,3,0,3
545,18,4,4,5,2,4,2,7,2,2.0,3,4,2,2,,6,2,4,0,3.0
546,18,2,4,5,4,2,2,8,1,1.0,2,4,3,1,,4,3,3,0,3
547,49,4,2,4,2,4,2,8,1,2.0,3,4,1,2,,4,5,2,0,3
548,55,4,4,2,4,3,3,8,1,2.0,4,5,2,1,,2,4,2,0,1
549,47,5,2,5,2,4,2,8,1,1.0,5,5,2,2,,5,6,2,0,4
550,21,5,2,5,2,4,2,3,1,2.0,4,4,2,1,,4,6,4,0,3.0
551,67,5,5,5,1,5,5,8,2,2.0,5,5,1,1,,7,1,5,0,3.0
552,37,2,4,2,4,2,5,4,1,2.0,3,3,2,2,,4,5,5,0,3
553,61,5,5,5,1,5,1,3,2,1.0,5,5,1,1,,7,1,3,0,3.0
554,33,4,2,4,2,4,2,1,1,2.0,4,4,1,2,,4,3,2,0,2
555,35,2,2,4,4,4,2,4,1,2.0,4,4,2,1,,4,2,5,0,2
556,41,4,2,4,2,4,1,3,1,1.0,3,3,2,2,,6,3,5,0,3
557,40,5,1,5,2,4,2,3,1,2.0,4,3,2,2,,2,2,5,0,3
558,75,3,2,4.0,4,4,2,2,2,1.0,4,2,2,1,,4,5,3,0,3.0
559,25,4,4,2,2,4,4,5,1,2.0,4,2,2,2,,5,3,5,0,3
560,43,2,4,2,4,2,4,3,1,2.0,2,1,2,3,,5,3,3,0,3
561,25,5,2,4,2,4,2,1,1,1.0,4,4,2,2,,6,2,2,0,3
562,51,2,4,2,4,2,4,5,1,2.0,3,3,2,2,,6,4,5,0,4
563,48,2,4,1,4,4,4,3,1,2.0,3,3,2,3,,4,3,4,0,3
564,61,4,4,4,5,2,4,3,1,1.0,2,4,3,1,,5,3,2,0,3
565,40,4,2,4,4,4,2,3,1,1.0,3,4,2,1,,6,2,4,0,3
566,78,3,3,3,3,3,2,3,2,2.0,2,5,2,2,,5,3,3,0,3.0
567,24,5,1,5,1,5,2,3.0,2,2.0,5,5,1,1,,6,4,3.0,0,3.0
568,43,4,4,4,2,4,2,1,1,1.0,5,4,1,1,,5,2,4,0,3
569,61,5,2,5,2,5,2,1,2,1.0,5,3,1,2,,5,3,3,0,3.0
570,66,4,3,3,2,3,2,3,1,1.0,4,5,2,1,,6,1,4,0,3.0
571,27,3,4,3,3,4,4,7,2,1.0,4.0,4.0,3,3,,4,4,5,0,3.0
572,18,2,2,4,2,2,2,7,2,2.0,5,3,1,1,,5,3,3,0,3.0
573,57,4,2,2,4,4,2.0,3,1,2.0,3,4,2,2.0,,5,3,3,0,3
574,56,5,2,4,2,5,1,3,1,2.0,4,5,1,1,,5,2,5,0,3
575,79,4,2,4,2,4,2,3,2,2.0,5,3,2,3,,5,1,3,0,3.0
576,46,5,1,5,1,5,1,3,1,2.0,5,5,1,1,,7,1,4,0,3
577,68,1,4,1,4,2,5,7,2,2.0,3,2,3,2,,5,5,2,0,3.0
578,39,5,1,5,1,5,1,3,1,1.0,5,5,1,1,,7,1,4,0,3
579,80,1,5,1,5,2,4,7,2,2.0,4,3,2,1,,2,6,2,0,3.0
580,71,2,2,4,1,2,4,2,2,1.0,4,3,1,2,,6,1,4,0,3.0
581,38,2,2,2,4,2,4,3,1,2.0,4,4,3,3,,5,5,4,0,2
582,68,2,5,1,5,2,5,3,2,2.0,2,1,4,3,,2,6,2,0,3.0
583,55,5,5,5,1,5,1,2,1,1.0,5,4,1,1,,7,1,4,0,3
584,33,4,2,4,2,4,2,1,1,1.0,3,3,1,1,,5,3,4,0,3
585,26,4,4,3,4,4,2,3,1,2.0,3,3,2,2,,4,4,4,0,2
586,52,4,3,4,3,4,2,4,1,2.0,3,3,1,1,,6,2,5,0,4
587,76,4,1,4,2,4,2,2,2,1.0,4,3,2,2,,5.0,2,5,0,3.0
588,58,5,1,5,1,5,1,3,2,2.0,3,4,1,1,,5,2,2,0,3.0
589,29,2,2,2,4,2,4,3,1,1.0,3,2,2,3,,4,4,3,0,3
590,63,2,4,2,2,4,4,2,2,1.0,4,3,1,2,,4,4,2,0,3.0
591,40,4,4,2,2.0,4,2.0,4,1,2.0,3,3,2,2,,3,5,5,0,4
592,76,2,4,2,4,1,4,8,2,1.0,3,2,2,4,,2,6,2,0,3.0
593,31,4,2,4,2,4,1,3,1,2.0,3,4,2,1,,7,1,5,0,5
594,61,4,2,4,2,4,2,3,1,2.0,4,4,1,1,,6,2,5,0,3
595,58,4,4,2,4,2,4,3,2,1.0,4,4,1,1,,5,3,4,0,3.0
596,38,5,4,5,5,4,1,3,1,1.0,3,2,2,2,,5,3,3,0,3
597,45,4,2,4,2,4,2,3,1,1.0,3,4,2,2,,4,5,4,0,3
598,68,4,2,4,2,4,4,3,2,1.0,1,1,2,3,,2,6,3,0,3.0
599,58,4,2,5,2,4,2,8,1,1.0,3,4,1,2,,6,4,2,0,5
600,36,4,2,2,2,4,2,4,1,2.0,4,3,2,2,,5,3,5,0,3
601,51,4,2,4,1,4,2,4,1,1.0,4.0,4,1,2,,6,2,5,0,4
602,27,5,1,5,3,5,2,1,1,1.0,3,3,1,2,,6,2,2,0,3
603,80,4,1,5,1,4,1,3,2,2.0,5,3,2,1,,5,5,3.0,0,3.0
604,29,5,1,4,2,4,1,5,1,1.0,5,3,2,1,,6,2,3,0,4
605,59,4,1,4,2,4,4,1,2,1.0,4,3,2,2,,5,3,2,0,3.0
606,77,5,2,4,2,4,2,4,2,1.0,3,4,1,2,,6,1,3,0,3.0
607,51,4,4,4,4,4,4,3,2,2.0,3,4,1,2,,4,3,3,0,3.0
608,33,3,4,2,1,2,4,3,1,2.0,3,2,2,2,,5,4,5,0,2
609,85,5,2,4,2,5,4,2,2,1.0,5,5,2,1,,7,1,2,0,3.0
610,56,5,1,5,2,5,2,3,1,2.0,5,3,1,1,,4,3,4,0,3
611,30,5,2,5,2,5,2,8,1,2.0,1,1,3,3,,2,5,4,0,5
612,62,5,2,4,2,4,1,7,2,2.0,3,2,2,2,,5,3,3,0,3.0
613,53,2,1,1,4,4,4,1,1,1.0,4,4,2,2,,4,2,3,0,4
614,34,4,2,2,4,4,4,3,1,2.0,3,2,2,1,,6,2,4,0,4
615,41,5,2,5,2,5,2,4,1,1.0,2,5,2,1,,6,4,3,0,5
616,88,2,5,2,5,2,5,5,2,2.0,1,2,4,3,,2,6,2,0,3.0
617,51,5,1,5,2,5,1,2,1,2.0,5,4,1,1,,5,2,4,0,4
618,63,5,4,4,5,4,4,3,1,1.0,4,4,1,1,,3,4,1,0,5
619,52,2,4,1,4,1,4,2,2,1.0,2,2,4,3,,2,4,4,0,3.0
620,79,4,4,4,2,5,2,4,2,2.0,4,3,1,2,,4,4,5,0,3.0
621,55,4,2,4,2,4,2,2,1,1.0,4,4,2,2,,5,3,5,0,5
622,79,3,2,3,4,3,4,8,2,2.0,4,3,3,3,,6,1,4,0,3.0
623,73,5,2,5,4,4,2,4,2,2.0,5,5,1,1,,7,3,5,0,3.0
624,36,2,2,2,2,2,4,3,1,1.0,4,1,1,3,,3,4,4,0,4
625,41,4,2,4,2,4,2,8,1,1.0,4,4,1,1,,6,1,4,0,5
626,47,2,4,2,5,2,4,3,1,2.0,2,3,2,2,,4,4,2,0,3
627,71,4,2,4,2,4,2,1,2,1.0,4,3,2,2,,3,3,2,0,3.0
628,46,4,2,4,5,5,5,8,1,1.0,4,3,1,2,,6,1,3,0,5
629,44,2,4,2,4,2,4,3,2,2.0,3,2,2,3,,3,6,3,0,3.0
630,52,2,4,2,4,2,5,1,1,1.0,2,3,1,2,,4,4,2,0,4
631,19,3,2,4,4,4,2,3,1,2.0,3,4,2,1,,6,2,4,0,3
632,61,5,1,5,1,5,2,2,1,2.0,4,4,1,1,,6,2,4,0,3
633,43,4,2,4,4,4,2,1,2,1.0,2,4,1,3,,4,3,2,0,3.0
634,22,5,1,4,1,4,1,7,2,2.0,4,5,1,1,,7,1,4,0,3.0
635,29,4,2,3,3,3,3,3,1,2.0,4,5,1,1,,6,1,4,0,2
636,34,2,4,1,2,1,5,3,1,1.0,3,3,2,2,,7,4,4,0,3
637,67,1,4,1,5,1,5,3,2,2.0,4,3,1,2,,5,4,3,0,3.0
638,57,2,2,2,2,4,2,1,2,1.0,5,3,2,2,,4,7,2,0,3.0
639,54,4,2,4,2,4,2,1,1,1.0,4,4,2,2,,5,3,2,0,3
640,27,5,1,5,1,5,1,2,1,2.0,4,4,1,1,,6,1,4,0,4
641,38,4,1,5,2,4,1,3,2,2.0,4,4,1,1,,6,2,4,0,3.0
642,80,2,4,2,4,2,5,8,2,2.0,5,3,1,1,,7,2,2,0,3.0
643,64,4,2,4,2,4,2,2,1,1.0,4,4,2,2,,5,2,3,0,3
644,49,4,2,4,1,4,2,3,1,2.0,3,4,2,2,,6,2,4,0,3
645,32,5,1,4,2,5,1,3,2,2.0,4,4,2,2,,7,2,5,0,3.0
646,62,2,2,2,1,4,5,1,1,1.0,3,4,2,2,,5,3,2,0,3
647,54,1,4,2,5,2,4,3,1,2.0,3,3,2,2,,4,4,3,0,3
648,36,5,2,5,2,4,2,3,1,1.0,3,4,2,2,,6,1,5,0,4
649,56,2,2,2,4,4,4,4,1,1.0,4,4,2,4,,5,4,2,0,3
650,59,5,2,5,1,5,1,5,2,1.0,3,3,1,1,,5,3,4,0,3.0
651,28,5,2,5,2,5,2,3,1,1.0,3,4,2,2,,6,2,4,0,4
652,60,2,5,2,4,4,2,4,2,2.0,5,4,1,2,,3,2,5,0,3.0
653,66,5,4,4,2,4,2,1,2,1.0,3,3,1,1,,6,2,3,0,3.0
654,58,4,5,4,4,3,1,3,1,2.0,3,4,1,2,,4,4,3,0,3
655,37,4,2,4,2,3,2,4,2,2.0,3,4,2,2,,6,2,4,0,3.0
656,74,3,3,3,3,3,3,2,2,1.0,4,5,1,2,,5,5,3,0,3.0
657,46,2,2,1,2,2,2,1,1,2.0,5,4,1,1,,6,1,3,0,2
658,77,4,2,4,3,4,4,2,2,1.0,3,3,1,2,,5,3,2,0,3.0
659,74,4,4,4,2,2,4,4,2,2.0,3,3,3,3,,5,3,5,0,3.0
660,30,5,2,4,2,4,2,3,1,1.0,3,3,2,1,,6,4,4,0,4
661,46,2,2,2,4,2,2,3,1,2.0,3,4,3,2,,5,2,4,0,3
662,53,2,4,2,2,4,2,3,1,1.0,4,5,1,2,,6,2,4,0,3
663,77,1,4,1,4,2,5,1,2,1.0,2,3,3,4,,2,5,2,0,3.0
664,44,4,4,2,4,4,2,2,1,1.0,3,4,2,1,,4,4,5,0,4
665,44,4,2,4,2,4,2,4,1,2.0,4,4,2,2,,6,2,4,0,4
666,75,4,1,5,2,5,2,4,2,2.0,4,2,2,2,,6,2,4,0,3.0
667,77,4,2,4,2,4,2,8,2,1.0,3,3,2,3,,4,4,2,0,3.0
668,26,5,1,4,1,5,1,3,1,2.0,3,5,1,2,,6,2,3,0,3
669,50,2,2,2,5,2,2,2,1,2.0,3,4,2,2,,4,4,5,0,4
670,77,4,2,5,2,4,2,3,2,2.0,2,4,2,1,,5,3,3,0,3.0
671,23,3,2,3,4,4,2,3,1,2.0,2,2,3,3,,5,3,3,0,3
672,39,3,2,3,3,4,3,3,1,2.0,4,5,2,2.0,,6,2,4,0,3
673,24,4,2,4,2,4,2,3,1,1.0,4,4,1,1,,6,2,2,0,5
674,72,4,2,4.0,4,2,2,3,2,2.0,3,4,2,2,,4,2,3,0,3.0
675,59,4,2,4,1,5,1,2,1,1.0,4,4,1,1,,6,2,3,0,5
676,75,4,4,4,2,2,2,3,2,2.0,4,4,2,2,,6,2,4,0,3.0
677,40,5,1,1,1,1,1,2,1,1.0,5,5,1,1,,5,3,4,0,5
678,26,4,3,3,3,4,3,3,1,2.0,4,4.0,2,2,,6,1,3,0,3
679,42,2,5,1,5,5,4,3,1,2.0,4,4,2,3,,6,2,3,0,2
680,43,2,2,4,4,4,4,3,1,1.0,4,4,2,2,,6,1,3,0,4
681,57,4,2,4,2,4,2,8,1,1.0,5,4,1,1,,5,2,2,0,3
682,82,2,4,4,5,2,4,3,2,2.0,4,3,2,2,,5,2,2,0,3.0
683,58,4,2,2,2,4,4,3,1,1.0,3,4,2,2,,5,2,5,0,3
684,48,4,4,4,4,4,4,3,2,2.0,3,3,1,1,,4,3,3,0,3.0
685,27,4,2,3,3,2,2,1,1,1.0,3,3,1,1,,5,5,3,0,3
686,58,5,2,5,4,5,2,8,1,1.0,5,3,1,1,,4,3,2,0,3
687,24,4,1,5,4,4,2,7,2,1.0,4,3,1,1,,6,2,4,0,3.0
688,49,4,2,4,1,4,1,2,1,1.0,3,4,1,1,,5,3,4,0,4
689,42,1,2,5,1,5,1,2,1,1.0,4,4,1,1,,6,2,3,0,5
690,65,4,1,5,1,4,1,3,1,2.0,5,4,2,2,,6,2,3,0,3
691,47,4,2,4,1,5,2,1,1,1.0,4,3,1,1,,5,1,2,0,3
692,20,4,4,4,2,4,2,3,1,1.0,4,4,1,2,,5,2,3,0,3
693,74,4,2,2,4,4,4,3,2,2.0,4,3,2,2,,4,4,3,0,3.0
694,45,4,2,4,4,4,2,3,1,2.0,4,3,2,2,,5,3,3,0,3
695,58,4,1,5,2,4,2,3,1,1.0,3,4,2,2,,5,2,3,0,3
696,86,4,4,2,5,4,5,4,2,1.0,4,4,2,2,,4,4,2,0,3.0
697,21,5,3,5,3,5,2.0,7,2,1.0,2,5,2,1,,6,2,5,0,3.0
698,43,5,2,5,4,2,1,3,1,2.0,5,4,1,2,,6,1,4,0,3
699,45,4,4,2,3,5,5,2,1,1.0,3,3,2,2,,4,5,5,0,4
700,62,4,2,3,4,4,4,3,2,2.0,4,4,2,2,,4,3,3,0,3.0
701,68,2,4,2,4,4,4,8,2,2.0,4,4,1,1,,5,5,2,0,3.0
702,59,5,4,2,4,2,2,3,2,1.0,4,3,2,2,,4,3,4,0,3.0
703,74,4,2,4,2,4,2,3,2,2.0,4,4,2,1,,4,3,2,0,3.0
704,58,4,2,2,4,4,4,3,1,2.0,3,4,2,2,,4,2,3,0,2
705,27,5,2,4,2,4,2,3,1,1.0,4,4,2,2,,5,2,4,0,3
706,35,5,2,5,2,4,2,2,1,1.0,3,3,2,2,,5,2,4,0,4
707,54,4,2,2,5,2,4,8,2,2.0,3,3,3,2,,4,4,2,0,3.0
708,68,5,1,4.0,2,4,2,8,1,1.0,5,4,1,1,,5,1,5,0,5
709,44,4,2,4,2,4,2,3,1,1.0,3,3,2,2,,3,3,4,0,3
710,66,5,1,5,1,5,1,3,2,2.0,5,3,1,1,,5,2,2,0,3.0
711,62,4,1,4,2,4,2,3,2,2.0,4,4,1,1,,5,2,3,0,3.0
712,47,4,1,4,2,4,2,3,1,2.0,4,3,1,2,,6,3,2,0,3
713,44,2,2,1,4,2,4,3,1,1.0,4,4.0,1,2,,5,3.0,3,0,4
714,46,2,4,1,5,2,4,3,1,2.0,4,4.0,1,1,,5,4,3,0,2
715,64,4,2,1,1,4,3,3,2,2.0,5,4,2,2,,5,2,2,0,3.0
716,49,2,2,4,5,2,5,3,1,1.0,2,2,1,1,,5,3,2,0,3
717,34,5,1,5,1,5,1,1,1,2.0,5,5,1,1,,7,1,2,0,3
718,67,5,1,5,1,5,1,4,2,1.0,4,4,1,1,,6,2,5,0,3.0
719,32,2,4,2,4,2,4,3,1,2.0,3,3,2,2,,6,2,5,0,3
720,55,5,2,5,2,5,2,5,1,2.0,4,4,1,1,,3,2,5,0,4
721,18,2,4,2,4,2,4,7,2,2.0,2,1,3,3,,3,5,4,0,3.0
722,59,2,2,4,4,2,4,4,1,2.0,3,3,2,2,,3,5,3.0,0,3
723,71,4,1,4,4,2,4,3,2,1.0,4,3,2,2,,5,3,2,0,3.0
724,25,4,2,4,2,4,2,4,1,2.0,4,4,2,2,,6,3,3,0,3
725,54,4,2,5,1,4,2,8,1,1.0,5,4,1,1,,5,2,5,0,3
726,62,4.0,2.0,5,2.0,4.0,2.0,7,2,2.0,5,5,1,5,,7,7,2,0,3.0
727,73,4,4,4,2,4,2,3,2,2.0,5,4,1,1,,6,3,3,0,3.0
728,23,4,2,2,1,4,1,3,2,1.0,5,5,1,3,,5,1,4,0,3.0
729,31,5,1,5,1,5,1,2,1,1.0,4,5,1,1,,7,1,4,0,5
730,54,1,4,5,2,2,4,3,1,2.0,4,5,1,2,,5,3,3,0,2
731,75,5,5,1,2,4,5,3,2,2.0,4,3,1,1,,6,2,2,0,3.0
732,60,4,2,4,2,4,2.0,2,1,1.0,2,3,3,1,,5,3,5,0,3
733,61,5,2,4,1,4,2,2,1,2.0,4,3,1,2,,6,2,3,0,3
734,67,4,1,4,1,4,2,3,2,2.0,4,4,1,2,,6,5,3,0,3.0
735,65,4,5,2,4,1,2,3,2,2.0,4,4.0,2,3,,5,4,3,0,3.0
736,80,5,2,4,1,5,1,2,2,1.0,4,4,2,2,,5.0,2,2,0,3.0
737,46,4,4,4,1,4,2,3,2,2.0,4,5,2,2,,5,2,3,0,3.0
738,62,4,2,2,2,4,2,3,1,1.0,4,5,2,2,,6,3,3,0,3
739,64,2,2,2,4,2,4,3,1,2.0,3,2,2,2,,3,6,2,0,3
740,76,4,2,2,2,4,2,8,2,1.0,4,4,1,3,,7,2,2,0,3.0
741,30,5,1,4,1,5,1,2,1,1.0,4,4,1,1,,7,1,5,0,5
742,57,2,4,2,2,2,2,3,2,2.0,1,4.0,2,3,,3,5,4,0,3.0
743,74,4,2,2,2,4,2,3,2,2.0,5,5,2,3,,5,2,2,0,3.0
744,46,4,2,2,2,1,2,3,1,1.0,5,5,1,1,,5.0,2,5,0,4
745,19,5,2,4.0,2.0,4,2,7,2,1.0,4.0,3,2,2,,2,2,2,0,3.0
746,21,2,1,5,1,1,2,3,1,2.0,4,3,2,1,,7,3,3,0,3
747,66,5,2,4,2,2,2,2,1,2.0,2,2,1,2,,5,2,1,0,1
748,40,2,2.0,4,2,4,4,8,1,2.0,3,2,2,2,,6,2,3,0,3
749,28,5,2,5,2,4,2,3,1,2.0,4,5,1,1,,7,1,4,0,4
750,53,4,2,4,2.0,4,2,1,2,2.0,4,4,2,2,,5,1,2,0,3.0
751,42,5,2,5,4,4,2,1,2,1.0,4,4,1,2,,7,2,3.0,0,3.0
752,29,5,2,2,2,4,2,3,1,1.0,4,3,1,1,,5,2,2,0,4
753,33,4,1,5,1,4,1,2,1,1.0,4,3,1,1,,4,5,5,0,4
754,58,4,2,2,1,4,2,8,1,2.0,5,2,2,2,,3,4,1,0,3
755,29,2,1,2,5,4,5,3,1,2.0,5,4,1,1,,4,5,2,0,3
756,61,2,4,1,5,1,4,3,2,2.0,3,2,1,3,,5,3,4,0,3.0
757,92,2,4,4,4,2,5,5,2,2.0,3,4,2,2.0,,4,4,2,0,3.0
758,51,4,2.0,4,4,5,2,8,1,1.0,4,2,4,2,,4,4,4,0,1
759,65,4,4,5,2,4,1,2,2,2.0,4,4.0,1,2,,5,2,5,0,3.0
760,55,5,1,5,1,4,1,3,2,2.0,4,3,1,1,,4,2,2,0,3.0
761,29,4,5,5,3,4,3,3,2,2.0,3,3,1,1,,3,2,2,0,3.0
762,50,4,2,4,2,4,4,4,1,1.0,2,3,2,3,,3,4,4,0,4
763,83,4,1,1,5,4,1,3,2,2.0,5,5,2.0,5,,4,3,2,0,3.0
764,57,2,4,2,4,2,4,3,1,2.0,2,5,4,4,,3,5,3,0,4
765,49,5,4,5,4,5,2,3,2,2.0,5,3,1,2,,4,2,4,0,3.0
766,50,4,2,4,4,4,2,3,1,2.0,4,4,2,3,,4,3,3,0,3
767,45,4,2,1,1,4,2,3,1,1.0,4,3,2,2,,3,5,2,0,3
768,67,5,5,4,2,4,2,1,2,2.0,3,3,1,1,,5,3,2,0,3.0
769,49,4,2,5,2,4,2,3,1,1.0,2,3,1,2,,5,3,4,0,5
770,55,2,4,2,2,2,4,3,2,2.0,4,4.0,2,2.0,,4,4,4,0,3.0
771,61,2,4,2,2,2,4,4,1,1.0,4,2,2,2,,5,3,5,0,4
772,30,2,4,2,4,4,4,3,1,2.0,4,4,1,2,,5,2,5,0,2
773,91,5,2,2,4,2,2,8,2,2.0,3,3,3,2,,4,3,2,0,3.0
774,55,2,4,4,4,4,4,3,2,2.0,4,3,1,1,,5,2,4,0,3.0
775,25,5,2,5,2,4,2,3,1,2.0,3,4,1,3,,7,2,4,0,3
776,42,5,4,3,3,2,4,2,1,1.0,1,3,1,1,,4,2,3,0,3
777,75,5,4,1,5,2,5,8,2,2.0,1,3,3,2,,7,4,3,0,3.0
778,45,4,4,1,1,2,4,8,1,1.0,4,3,1,2,,6,2,2,0,3.0
779,77,4,2,4,2,4,2,2,2,1.0,4,4,2,2,,4,3,5,0,3.0
780,19,4,4,2,4,1,2,2,1,2.0,3,4,3,2,,6,3,3,0,3
781,71,4,1,5,2,4,2,3,2,1.0,4,4,2,2,,6,3,2,0,3.0
782,80,4,2,2,3,3,3,8,2,2.0,4,4,1,2.0,,6,2,2,0,3.0
783,43,5,2,5,2,4,4,7,2,2.0,2,4,3,2,,4,4,5,0,3.0
784,67,5,2,5,2,4,3,2,2,1.0,5,5,1,1,,7,7,4,0,3.0
785,25,2,4,1,3,4,4,1,1,2.0,4,4,1,2,,5,2,3,0,3
786,82,4,2,2,4,2,2,1,2,2.0,5,4,2,3,,4,3,2,0,3.0
787,55,4,1,2,1,2,1,2,1,1.0,4,4,4,2,,5,3,5,0,4
788,35,5,2,4,4,4,3,8,1,1.0,4,4,2,2,,6,2,3,0,3
789,47,4,4,2,4,2,5,3,2,1.0,2,4.0,4,3,,2,6,5,0,3.0
790,59,5,1,4,1,5,1,3,1,2.0,4,4,1,1,,6,2,3.0,0,3
791,34,4,2,4,2,4,2,3,1,1.0,4,4,2,3,,6,2,5,0,4
792,20,5,2,5,4,5,2.0,7,1.0,2.0,4,4,2,1,,6,3,5,0,3.0
793,63,4,3,3,3,4,3,4,1,1.0,5,5,2,1,,4,3,5,0,4
794,64,5,1,5,1,5,1,2,2,1.0,5,4,1,1,,6,1,2,0,3.0
795,51,4,4,5,1,5,1,2,1,2.0,5,5,2,2,,6,2,4,0,5
796,74,5,2,5,2,1,2,2,2,1.0,4,5,2,2,,6,2,5,0,3.0
797,48,5,5,2,4,2,5,8,1,1.0,4,1,1,4,,3,4,2,0,3
798,21,5,2,5,1,5,1,7,2,2.0,5,5,2,1,,7,1,4,0,3.0
799,48,4,2,4,1,4,2,2,1,1.0,5,4,1,1,,4,2,5,0,5
800,60,4,2,4,2,4,2,3,1,2.0,5,4,1,1,,5,2,3,0,3
801,42,3,3,3,4,4,3,3,1,2.0,5,4,2,3,,4,3,3,0,4
802,34,5,2,5,2,5,2,2,1,1.0,4,3,1,1,,6,4,4,0,5
803,33,2,4,2,4,2,4,4,2,2.0,2,3,3,4,,5,4,4,0,3.0
804,65,2,4,2,4,2,4,3,2,1.0,4.0,2,2,3,,4,3,3,0,3.0
805,58,4,2,4,2,4,2,3,1,1.0,4,3,2,2,,6,2,2,0,3
806,42,4,4,2,2,2,2,8,1,2.0,5,4,1,1,,6,2,3,0,2
807,77,5,2,5,1,5,4,1,2,1.0,2,3,1,2,,7,2,3,0,3.0
808,58,2,4,2,4,2,4,3,1,2.0,1,2,4,4,,2,6,3,0,3
809,73,4,2,4,2,5,2,8,2,1.0,5,3,1,1,,3,2,5,0,3.0
810,42,4,2,4,4,4,2,3,1,1.0,4,4,1,1,,6,2,4,0,4
811,60,4,2,4,2,4,4,4,2,2.0,5,3,1,1,,6,3,3,0,3.0
812,69,4,4,2,4,3,2,3,2,2.0,3,3,1,3,,5,4,3,0,3.0
813,51,4,2,4,2,4,2,5,1,1.0,4,4,2,2,,6,2,4,0,3
814,39,2,4,2,1,2,4,3,1,2.0,4,4,2,2,,5,2,2,0,4
815,39,4.0,2.0,4.0,2.0,4,5,3,1,1.0,4.0,4.0,2.0,2.0,,5,2,3,0,4
816,19,4,2,4,2,4,2,8,1,1.0,4,4,2,2,,6,2,4,0,4
817,69,4,2,2,4,4,2,2,2,2.0,5,4,1,2,,5.0,2,2,0,3.0
818,53,2,4,2,2,2,2,3,1,2.0,1,3,3,4,,2,6,2,0,3
819,29,5,1,5,4,5,2,1,1,1.0,5,4,2,2,,7,2,3,0,4
820,50,1,4,1,5,2,5,8,1,2.0,2,2,2,2,,3,2,5,0,1
821,51,5,2,5,2,5,2,3,1,2.0,4,3,2,2,,6,2,4,0,5
822,45,4,1,4,2,5,2,2,1,1.0,2,4,2,1,,5,2,3,0,5
823,22,5,2,4,2,4,2,8,1,1.0,4,4,1,2,,6,2,2,0,3
824,48,2,4,2,5,4,4,4,1,1.0,3,3,2,2,,5,5,5,0,3
825,61,4,2,4,4,4,4,1,2,2.0,4,4,1,1,,5,2,2,0,3.0
826,33,5,1,5,2,5,2,2,1,1.0,3,4,1,1,,7,2,5,0,3
827,77,5,5,5,2,4,2,4,2,2.0,4,3,1,2,,3,4,5,0,3.0
828,61,4,2,4,4,4,2,2,2,1.0,4,3,1,2,,6,2,5,0,3.0
829,82,5,3,5,3,1,1,8,2,2.0,5,3,3,1,,4,4,2,0,3.0
830,59,5,2,5,2,5,2,3,1,1.0,2,4,1,1,,6,2,5,0,4
831,74,2,4,2,2,4,2,4,2,2.0,4,3,4,3,,5,2,5,0,3.0
832,52,5,1,5,3,5,3,1,1,2.0,4,4,1,1,,7,1,1,0,3
833,63,2,5,2,5,1,5,5,1,1.0,4,1,2.0,4,,1,7,2,0,3
834,45,4,3,4,1,2,1,5,1,2.0,5,4,1,1,,4,2,3,0,3
835,33,1,1,1,2,4,3,3,1,2.0,4,3,1,4,,5,2,3,0,2
836,46,4,1,4,3,5,1,2,1,1.0,5,5,1,2,,7,3.0,4,0,4
837,65,5,2,4,2,4,2,2,2,1.0,4,3,2,2,,6,2,3,0,3.0
838,32,4,2,4,2,4,2,3,1,2.0,4,3,1,1,,5,2,4,0,3
839,76,2,4,2,1,2,2,3,2,2.0,5,4,2,2,,4,3,2,0,3.0
840,75,5,3,4,3,5,3,2,2,1.0,4,5,1,2,,6,1,5,0,3.0
841,80,5,2,4,3,4,1,3,2,2.0,3,4,2,2,,7,1,5,0,3.0
842,40,4,2,2,2,5,3,4,1,1.0,3,5,1,1,,6,2,5,0,3
843,42,5,2,5,4,4,2,3,1,2.0,5,4,1,2,,6,1,2,0,3
844,78,2,4,4,4,2,4,3,2,2.0,3,4,2,3,,6,2,3,0,3.0
845,66,5,2,5,4,1,2,3,2,2.0,1,5,1,2,,5,1,3,0,3.0
846,26,5,2,5,2,4,1,3,1,2.0,3,4,2,2,,6,1,4,0,3
847,51,4,2,4,3,4,2,3,1,2.0,5,4,2,1,,5,2,3,0,4
848,54,2,4,2,4,4.0,4,3,2,2.0,4,2,2.0,2,,4,3,3,0,3.0
849,49,4,1,3,1,5,2,3,1,2.0,5,5,1,1,,5,2,3,0,2
850,24,5,2,5,2,4,1,7,2,1.0,5,5,2,2,,5,2,4,0,3.0
851,63,4,1,4,2,4,1,8,1,1.0,5,5,1,2,,2,6,2,0,5
852,45,5,1,5,2,5,1,2,1,1.0,5,4,1,1,,6,1,3,0,4
853,78,4,2,4,2,4,2,8,2,1.0,4,3,2,2,,5,3,2,0,3.0
854,51,5,4,5,2,5,1,3,1,1.0,5,5,1,1,,5,2,3,0,3
855,45,4,2,4,2,4,2,8,1,1.0,3,4.0,1,1,,5,2,3,0,5
856,65,2,5,4.0,4,2,5,8,2,2.0,4,3,3,2.0,,2,6,2,0,3.0
857,44,4,2,4,2.0,5,2,3,1,2.0,3,4,2,1,,5,3,2,0,1
858,50,5,2,5,2,4,2,3,1,1.0,4,3,2,2,,6,2,3,0,3
859,51.0,5,3,3,3,3,3,5,2,2.0,5,5,1,1,,5,3.0,2,0,3.0
860,59,4,2.0,4.0,4,4.0,2.0,2,1,1.0,5,3,2.0,1,,5,3.0,3,0,4
861,20,4,4,5,2,4,2,3,1,2.0,3,4,2,2,,3,5,4,0,3
862,39,4,1,5,4,2,5,3,2,2.0,1,4,3,1,,5,4,3,0,3.0
863,63,4,3,4,2,3,2,2,2,1.0,3,3,2,1,,4,3,3,0,3.0
864,49,2,3,4,4,2,5,3,1,1.0,4,2,1,1,,5,4,4,0,3
865,38,5,3,3,5,2,3,8,1,2.0,3,2,2,2,,6,3,3,0,3
866,67,5,2,2,2,4,2,2,2,1.0,4,3,1,1,,7,2,3,0,3.0
867,59,4,1,4,1,4,2,3,1,2.0,4,4,2,2,,6,2,2,0,2
868,67,4,4,2,2,4,4,8,2,2.0,4,4,1,2,,4,2,2,0,3.0
869,76,5,1,4,1,4,1,2,2,1.0,4,4,2,2,,6,2,3,0,3.0
870,43,5,2.0,2,5,4,1,3,2,2.0,3,3,2,2,,5,3,2,0,3.0
871,28,5,2,4,2,4,2,3,1,2.0,4,3,2,1,,6,1,3,0,3
872,47,4,2,4,1,4,2,4,1,2.0,4.0,4,1,1,,6,3,5,0,3
873,68,5,2,4,4,5,1,3,2,2.0,5,4,1,1,,5,2,4,0,3.0
874,19,2,2,2,4,2,4,3,1,1.0,4,2,2,2,,6,2,3,0,3
875,74,4,2,4,2,4.0,2,1,2,1.0,5,3,1,1,,5,2,2,0,3.0
876,46,3,1,3,3,3,3,4,1,1.0,5,3,1,1,,7,2,4,0,3
877,30,5,1,4.0,2.0,5,4,2,1,2.0,5,4,1,1,,7,1,2,0,4
878,46,5,2,5,2,5,2,2,1,1.0,3,4,1,2,,5,2,5,0,4
879,46,2,4,2,4,3,3,1,1,1.0,3,5,1,3,,5,4,2,0,4
880,65,4,1,1,1,5,2,4,2,2.0,5,3,1,2,,6,2,5,0,3.0
881,39,4,2,4,2,4,2.0,3,2,2.0,3,3,1,1,,6,2,2,0,3.0
882,46,4,4,4,2,4,1,3,1,2.0,3,3,2,2,,6,3,3,0,2
883,19,5,2,4,2,4,2,3,1,1.0,3,4,1,2,,6,2,4,0,3
884,25,2,2,2,2,4,2,5,1,2.0,4,4,2,2,,6,2,4,0,4
885,18,2,4,2,5,2,5,3,1,2.0,4,3,3,2,,4,3,3,0,3
886,59,4,1,4,2,5,2,2,1,1.0,3,4,1,1,,5,2,4,0,4
887,60,5,1,1,5,4,4,3,2,2.0,4,4,1,1,,5,5,2,0,3.0
888,76,4,2,4,1,4,3,5,2,1.0,5,4,1,2,,6,2,3,0,3.0
889,43,5,1,5,2,4,1,5,1,1.0,4,4,1,1,,6,1,5,0,4
890,73,5,1,4,2,5,1,3,2,2.0,5,4,1,2,,5,2,2,0,3.0
891,59,5,2,5,2,5,2,5,1,1.0,4,3,2,1,,6,2,4,0,4
892,56,5,2,2,1,2,4,2,1,1.0,4,3,2,1,,6,2,5,0,3
893,39,2,4,1,4,1,4,3,1,2.0,3,3,2,3,,6,4,3,0,2
894,68,4,2,4,2,4,2,3,2,2.0,4,3,1,2,,6,3,3,0,3.0
895,40,4,2,4,2,4,4,4,1,1.0,2,4,2.0,2,,5,2,2,0,3
896,58,5,5,5,1,5,1,3,1,1.0,5,3,1,1,,5,2,4,0,1
897,48,5,5,3,5,4,4,2,2,2.0,2,2,1,1,,6,4,3,0,3.0
898,36,4,1,2,2,4,2,1,1,1.0,3,4,1,1,,7,2,2,0,5
899,60,4,4,4,4,4,2,3,2,2.0,5,4,1,2,,6,4,3,0,3.0
900,59,2,2,2,2,2,2,1,1,2.0,3,2,1,1,,4,3,2,0,3
901,62,4,4,2,4,4,2,2,1.0,1.0,3,3,1,1,,6,2,5,0,3.0
902,29,5,1,5,1,5,1,3,1,1.0,4,4,1,2,,6,1,3,0,3
903,76,4,1,4,1,4,1,3,2,2.0,5,4,1,3,,6,2,2,0,3.0
904,79,4,4,4,2,4,2.0,3,2,1.0,4,3,3,2,,6,3,5,0,3.0
905,74,1,5,1,5,1,5,2,2,2.0,2,1,4,4,,1,5,5,0,3.0
906,48,4,4,4,2,2,2,4,1,2.0,4,4,1,3,,5,2,3,0,4
907,79,2,2,2,4,2,4,3,2,2.0,4,3,2,3,,4,4,3,0,3.0
908,28,4,1,4,2,4,1,1,1,1.0,3,4,1,1,,7,1,3,0,4
909,19,4,2,5,1,5,1,3.0,2,2.0,5,5,2,1,,5,2,3,0,3.0
910,75,4,2,4,4,4,4,2,2,2.0,5,5,1,1,,4,4,5,0,3.0
911,62,5,1,5,1,5,1,4,1,1.0,5,4,1,1,,6,1,5,0,4
912,75,4,2,2,2,4,1,4,2,2.0,4,4,1,2,,5,2,5,0,3.0
913,60,5,5,2,2.0,4.0,2.0,3,1,2.0,4,3,1,2,,4,5,3,0,2
914,51,4,1,5,2,4,2,3,1,2.0,4,4,2,2,,6,2,2,0,2
915,42,4,2,5,2,4,2,1,1,1.0,3,4,2,1,,6,2,3,0,3
916,76,1,4,5,4,2,5,3,2,1.0,2,2,1,1,,5,4,3,0,3.0
917,58,2,4,4,4,2,4,3,1,2.0,5,4.0,1,2.0,,3,3,3,0,3
918,62,4,2,4,2,4,2,3,1,2.0,3,4,1,2,,5,3,4,0,3
919,75,4,2,3,2,4,2,3,2,2.0,2,3,2,2,,5,4,4,0,3.0
920,56,5,3,5,3,5,3,5,1,2.0,5,3,1,1,,7,1,2,0,4
921,19,5,2,4,2,4,1,3.0,2,1.0,4,4,1,1,,5,2,3,0,3.0
922,56,5,2,5,4,5,1,8,1,1.0,4,5,2,2,,6,5,3,0,4
923,62,4,2,4,2,5,2,8,2,1.0,4,3,2,3,,4,4,2,0,3.0
924,81,2,5,2,5,2,5,8,2,1.0,4,4,1,1,,4,4,2,0,3.0
925,76,2,4,2,4,2,4,2,2,1.0,4,3,2,3,,6,2,5,0,3.0
926,63,2,4,4,4,4,4,3,2,1.0,5,4,1,2,,5,3,4,0,3.0
927,52,4,4,5,1,2,4,1,1,1.0,5,4,5,4,,4,4,3,0,3
928,22,2,2,4,2,4,2,7,2,1.0,4,4,1,2,,5,3.0,4,0,3.0
929,28,5,3,4,4,2,1,7,2,2.0,4,1,3,2,,1,2,5,0,3.0
930,32,5,4,5,2,4,2,4,1,1.0,4.0,4.0,2.0,2.0,,6,3.0,5,0,3
931,24,4,2,4,2,4,2,7,2,1.0,4,2,2,3,,6,2,4,0,3.0
932,51.0,4,2,4,5,4,4,2,2,1.0,3,4,2,2,,6,1,4,0,3.0
933,43,5,2,5,2,5,5,1,1,2.0,4,5,1,1,,7,1,3,0,3.0
934,46,5,5,5,5,5,3,3,1,1.0,4,5,1,2,,6,1,3,0,3.0
935,43,5,1,2,2.0,5,2,3,1,2.0,4,4,1,2,,6,2,3,0,3
936,45,2,2,1,5,2,5,1,2,1.0,5,2,2.0,4,,4,1,4,0,3.0
937,64,4,4,5,2.0,5,4,1,1,1.0,3,4,2,1,,5,2,3,0,4
938,72,5,2,5,5,5,2,2,2,1.0,4,4,2,2,,6,2,5,0,3.0
939,38,5,4,2,4,4,3,3,1,1.0,3,4,2,1,,6,2,4,0,4
940,58,4,2,4,1,4,1,8,1,2.0,5,5,2,2,,3,2,3,0,4
941,50,4,1,4,4,4,2,3,1,2.0,5,5,1,2,,2,6,3,0,3
942,44,5,5,5,5,5,5,1,1,1.0,5,5,1,1,,6,2,3,0,4
943,75,2,4,4,4,4,5,3,2,2.0,4,4,2,2,,3,5,2,0,3.0
944,73,4,2,4,2,4,2,8,2,2.0,4.0,3,2,2,,4,4,3,0,3.0
945,59,2,4,2,1,2,2,5,1,1.0,4,3,2,2,,4,4,3,0,5
946,78,2,3,1,3,2,3,8,2,2.0,5,2,2,4,,3,5,2,0,3.0
947,44,3,3,3,4,3,3,1,2,1.0,4.0,3,3,2.0,,4,4,3,0,3.0
948,54,4,2,2,2,4,2,3,1,1.0,4,5,2,2,,6,2,4,0,4
949,18,3,2,3,3,4,3,7,2,2.0,4,4,2,2,,5,2,4,0,3.0
950,72,2,3,3,4,2,4,3,2,2.0,4,5,2,4,,5,3,4,0,3.0
951,79,4,1,3,4,4,2,3,2,1.0,2,5,1,2,,6,2,3,0,3.0
952,68,4,2,4,3,3,2,3,2,2.0,4,3,2,2,,6,2,3,0,3.0
953,41,4,2,5,3,5,2,2,1,2.0,4,4,2,2,,6,2,3,0,3
954,76,3,2,4,3,4,3,5,2,1.0,4.0,3,2.0,3,,5,3,5,0,3.0
955,46,4,4,2,4,4,2,3,1,1.0,2,3,2,2,,6,2,2,0,4
956,23,4,2,4,1,4,4,8,1,2.0,2,4,2,2,,6,3,3,0,3
957,73,2,4,4,2,2,4,1,2,1.0,3,3,2,2,,5,2,2,0,3.0
958,31,2,2,2,2,4,2,7,2,1.0,3,3,1,2,,7,2,5,0,3.0
959,46,2,4,1,5,2,4,3,1,2.0,4,4,2,2,,4,4,4,0,2
960,67,4,2,2,4,2,4,3,2,2.0,5,5,1,1,,5,2,5,0,3.0
961,30,4,2,4,1,4,2,4,1,1.0,5,4,2,2,,6,2,3,0,4
962,48,4,4,4,4,4,4,1,2,2.0,3,4,2,3,,4,4,3,0,3.0
963,60,4,5,1,5,4,4,2,1,2.0,3,3,1,4,,4,4,5,0,4
964,74,4,4,4,2,4,2,3,2,2.0,4,3,2,2,,3,5,2,0,3.0
965,44,4,2,4,2,4,2,2,1,1.0,4,4,2,2,,5,2,5,0,5
966,52,4,2,4,2,4,2,8,1,1.0,5,5,1,1,,5,2,3,0,4
967,48,4,1,2,2,5,2,2,1,1.0,2,2,1,1,,7,1,5,0,5
968,72,2,5,1,5,2,5,8,2,2.0,4,1,3,3,,4,3,2,0,3.0
969,48,4,4,4.0,2,4,2,2,1,2.0,4,4,1,1,,7,1,5,0,5
970,76,4,2,2,5,4,4,8,2,2.0,2,2,2,2,,5,5,2,0,3.0
971,63,2,1,2,2,4,4,8,2,1.0,3,4,2,1,,4,5,3,0,3.0
972,46,5,1,2,2,4,2,3,1,1.0,3,4,1,1,,6,2,3,0,3
973,74,1,4,2,4,2,2,1,2,2.0,5,3,2,3,,4,4,2,0,3.0
974,61,4,2.0,4,3,4,2,3,2,1.0,5,5,1,1,,6,1,5,0,3.0
975,31,5,2,5,1,5,1,3,1,1.0,3,5,2,2,,6,1,3,0,3
976,73,4,2,4,4,2,3,3,2,2.0,5,4,1,2,,4,4,3,0,3.0
977,78,4,2,4,2,5,2,2,2,1.0,4,4.0,2,1,,5,3,5,0,3.0
978,74,5,2,4,1,5,3,2,2,1.0,3,4,2,1,,5,3,5,0,3.0
979,47,5,4,4,5,4,4,2,1,2.0,3,3,2,4,,4,1,3,0,3
980,69,5,1,5,3,4,2,2,2,1.0,4,5,1,2,,4,1,4,0,3.0
981,50,5,1,5,2,5,2,3,1,2.0,4,5,1,1,,6,2,5,0,3
982,25,4,5,2,2,2,2,3,1,2.0,3,3,2,2,,5,3,4,0,4
983,22,4,5,4,2,2,2,3,1,2.0,3,4,3,2,,6,1,4,0,1
984,51,5,2,2,2,2,2,5,1,1.0,4,5,1,2,,6,3,5,0,4
985,39,5,1,5,1,4,1,2,1,1.0,2,3,1,1,,5,3,4,0,4
986,76,5,1,5,1,4,1,3,2,2.0,3,3,1,1,,6,2,4,0,3.0
987,46,4,2,5,2,4,2,1,1,2.0,4,5,2,2,,3,5,3,0,4
988,45,2,4,2,2,2,4,8,1,2.0,2,3,2,3,,5,5,3,0,3
989,75,5,1,4,1,4,1,4,2,2.0,5,3,1,2,,5,2,5,0,3.0
990,45,4,2,4,2,4,2,3,1,1.0,5,3,1,2,,5,2,4,0,4
991,76,4,2,2,2,4,2,3,2,2.0,3,3,2,2,,4,4,2,0,3.0
992,38,2,2,2,2,4,2,8,1,1.0,4,4.0,2.0,2,,5,3,3,0,3
993,49,5,1,5,1,5,3,1,1,2.0,5,3,1,1,,7,2,3,0,3
994,35,2,1,2,4,1,4,7,2,2.0,3,2,2,2,,2,6,2,0,3.0
995,73,4,1,4,2,4,2,1,2,2.0,5,3,2,2,,6,1,2,0,3.0
996,72,5,2,5,2,4,2,3,2,2.0,4,5,1,1,,5,2,5,0,3.0
997,33,5,1,5,4,4,1,3,1,1.0,3,4,1,1,,5,2,4,0,4
998,54,2,1,4,5,1,4,3,1,2.0,3,3,2,3,,3,5,5,0,4
999,61,1,5,1,5,2,5,1,1,2.0,2,1,2,3,,5,3,3,0,2
1000,52,4,2,4,1,4,2,1,1,1.0,4,3,2,2,,6,1,2,0,4
1001,35,5,1,5,1,5,1,3,1,1.0,3,5,1,1,,7,2,3,0,3
1002,52,4,2,4,2,4,4,4,1,1.0,3,4,2,1,,5,2,5,0,3
1003,60,5,4,4,2,5,4,8,1,1.0,2,1,4,4,,5,6,5,0,3
1004,69,1,5,2,4,2,4,3,2,2.0,3,2,2,2,,5,5,5,0,3.0
1005,51,2,5,2,5,2,5,1,1,2.0,1,3,4,2,,4,4,3,0,3
1006,59,4,2,4,2,4,2,2,1,1.0,3,4,4,4,,6,4,5,0,3
1007,59,5,5,1,1,4,4,2,1,2.0,5,2,1,1,,2,3.0,3,0,3
1008,63,4,2,4,2,4,2,1,2,1.0,4.0,4,2,3,,4,3,4,0,3.0
1009,44,4,2,5,4,2,2,1,2,2.0,3,3,3,2.0,,4,4,4,0,3.0
1010,55,4,4,2,2,4,2,8,1,1.0,5,4,1,1,,5,3,4,0,4
1011,68,4,3,4,4,4,3,3,2,1.0,4,4.0,1,1,,3,4,5,0,3.0
1012,42,4,3,4,4,2,2,1,1,2.0,4,4,2,2,,5,2,3,0,4
1013,55,2,2,2,2,4,2,3,1,2.0,3,3,2,1,,4,3,5,0,4
1014,46,5,2,4,1,4,1,1,1,1.0,5,5,2,2,,6,2,3,0,3
1015,76,4,2,4,2,4,1,3,2,2.0,4,4,1,2,,5,2,3,0,3.0
1016,62,5,1,4,2,4,1,1,1,1.0,4,4,1,2,,5,3,3,0,3
1017,53,5,1,5,2,2,1,3,1,2.0,5,5,1,1,,7,2,5,0,3
1018,84,1,5,1,4,2,5,3,2,1.0,4,3,2,2,,5,5,3,0,3.0
1019,45,4,1,4,1,4,2,3,2,2.0,4,4,2,2,,6,3,4,0,3.0
1020,74,4,1,4,2,4,2,3,2,1.0,5,5,1,1,,3,5,2,0,3.0
1021,57,2,1,1,5,2,5,3,1,2.0,3,2,1,2,,5,3,3,0,3
1022,43,4,2.0,4,3,4,3,3,1,2.0,4,4,1,2,,4,2,3,0,4
1023,67,2,4,1,5,1,5,3.0,2,1.0,3,3,2,3,,5,5,3,0,3.0
1024,25,4,1,5,2,4,3,7,2,1.0,4,4,1,1,,6,2,4,0,3.0
1025,56,3,2,2,4,2,2,3,1,2.0,5,4,2,2,,6,1,3,0,4
1026,74,2,4,1,5,2,4,8,2,2.0,5,2,3,4,,5,3,2,0,3.0
1027,41,2,2,5,5,1,4,3,1,2.0,4,3,1,2,,5,4,2,0,3
1028,78,2,4,2,2,2,2,1,2,1.0,4,3,2,3,,6,3,2,0,3.0
1029,69,4,2,4,4,2,4,3,2,2.0,3,3,2,2,,7,3,5,0,3.0
1030,75,2,5,1,5,2,5,8,2,2.0,5,1,1,1,,5,1,2,0,3.0
1031,29,4,1,4,2,4,2,7,2,2.0,4,1,1,1,,6,4,5,0,3.0
1032,55,4,2,4,2,4,2,3,2,2.0,4,4,2,2,,3,2,3,0,3.0
1033,58,5,2,5,2,5,2,2,2,1.0,5,4,1,1,,7,1,4,0,3.0
1034,56,4,2,2,2,2,2,3,1,1.0,4,3,2,3,,5,3,5,0,3
1035,25,4,2,4,3,3,2,3,1,1.0,4,4,1,1,,6,1,3,0,4
1036,50,4,2.0,4,2,4,2,5,1,2.0,4,4,2,1,,5,3,4,0,3
1037,73,2,4,1,4,2,4,8,2,2.0,3,3,3,3,,4,3,2,0,3.0
1038,67,4,2,5,1,5,1,3,2,2.0,4,4,2,2,,6,2,4,0,3.0
1039,63,2,4,2,2,2,4,1,2,2.0,4,3,3,2,,4,4,2,0,3.0
1040,40,4,2,4,4,4,2,3,1,2.0,3,4,1,2,,6,2,4,0,4
1041,41,5,1,5,2,5,2,3,2,2.0,5,3,1,2,,7,1,3,0,3.0
1042,75,4,1,4,2,4,2,5,2,1.0,4,3,1,1,,4,2,5,0,3.0
1043,41,4,2,2,4,4,1,3,1,2.0,1,4,1,3,,5,3,3,0,3
1044,52,2,4,2,5,1,4,3,1,2.0,1,2,3,2,,4,5,5,0,3
1045,72,4,5,2,4,4,2,3,2,2.0,3,1,2,1,,4,3,2,0,3.0
1046,27,5,2,5,2,5,2,1,2,2.0,5,4,2,2,,5,2,2,0,3.0
1047,72,2,4,2,2,3,2,1,2,2.0,4,3,2,2,,2,4,2,0,3.0
1048,81,3,4,2,2,2,4,1,2,1.0,3,4,2,3,,5,4,2,0,3.0
1049,73,4,2,4,2,4,2,1,2,1.0,5,4,1,2,,5,1,2,0,3.0
1050,19,3,1,4,3,4,2,7,2,2.0,4,4.0,1,2,,5,2,4,0,3.0
1051,58,5,1,5,2,4,2,1,1,1.0,4,4,1,2,,6,2,2,0,4
1052,62,2,5,2,5,1,4,3,2,2.0,2,3,4,2,,3,6,3,0,3.0
1053,23,5,1,5,1,5,1,2,1,1.0,4,4,1,1,,7,1,4,0,5
1054,46,5,4,5,1,4,1,1,1,1.0,5,2,1,2,,4,4,3,0,3
1055,79,5,2,5,2,4,2,3.0,2,2.0,5,4,1,1,,7,2,1,0,3.0
1056,47,4,4,2,2,2,2,1,1,1.0,4,4,2,1,,4,4,3,0,4
1057,74,5,4,2,4,4,2,8,2,2.0,4,3,1,2,,6,2,2,0,3.0
1058,26,5,2,4,3,4,3,3,1,2.0,4,4,1,1,,6,2,5,0,3
1059,77,4,1,4,2,4,1,7,2,2.0,4,3,1,1,,6,2,2,0,3.0
1060,72,5,4,1,5,2,5,7,2,2.0,1,4,3,2,,1,6,3,0,3.0
1061,60,4,4,4,2,4,2,3,2,2.0,3,4,2,2,,5,3,2,0,3.0
1062,51.0,4,2,2,4,2,4,3,2,2.0,4,4,1,1,,5.0,3.0,3,0,3.0
1063,80,2,4,2,2,2,2,1,2,1.0,1,3,3,2,,4,4,2,0,3.0
1064,36,5,1,4,1,5,1,2,2,2.0,5,5,1,1,,5,1,3,0,3.0
1065,80,4,2,4,4,2,4,1,2,1.0,3,3,2,2,,4,3,2,0,3.0
1066,61,5,1,4,2,4,2,2,1,2.0,5,4,1,1,,6,1,4,0,4
1067,61,4,2,2,2,4,2,4,2,2.0,5,5,2,1,,6,3,2,0,3.0
1068,60,4,2,4,2,4,2,2,2,1.0,3,3,2,1,,5,3,3,0,3.0
1069,73,4,2,2,2,4,2,3,2,2.0,4,4,2,2,,5,2,2,0,3.0
1070,23,2,4,2,2,4,2,3,1,1.0,4,1,2,2,,5,4,3,0,3
1071,58,4,2,4,2,4,2,8,1,1.0,4,4,1,1,,6,2,2,0,4
1072,79,5,2,5,2,4,1,8,1,2.0,4,3,1,2,,7,2,2,0,1
1073,78,4,2,2,5,4,4,3,2,2.0,5,4,2,2,,6,2,2,0,3.0
1074,55,2,4,1,5,2,4,8,1,2.0,3,2,2,3,,3,4,2,0,2
1075,19,4,2,2,2,5,2,8,1,1.0,5,5,1,1,,7,1,4,0,2
1076,76,5,5,5,4,4,4,7,2,2.0,4,4,2,3,,5,3,2,0,3.0
1077,63,2,4,2,4,2,4,1,2,1.0,4,3,2,2,,5,3,3,0,3.0
1078,49,4,4,4,2,2,2,4,1,2.0,2,4,2,2,,5,3,5,0,2
1079,74,4,2,4,2,2,4,1,2,2.0,2,3,2,3,,5,4,3,0,3.0
1080,59,5,2,4,2,4,2,3,1,2.0,4,4,1,2,,5,3,5,0,2
1081,78,4,2,2,2,4,2,3,2,2.0,4,3,3,4,,6,2,2,0,3.0
1082,27,5,1,5,2,5,2,8,1,2.0,5,5,1,1,,6,2,3,0,3
1083,76,4,1,4.0,2.0,5,2.0,4,2,1.0,5,3,2,1,,4,3,4,0,3.0
1084,74,2,4,2,4,2,2.0,3,2,2.0,4,3,2,2,,5.0,3.0,2,0,3.0
1085,44,2,4,2,4,2,4,3,1,1.0,2,2,3,3,,5.0,3.0,2,0,4
1086,37,4,2,5,1,1,1,8,1,1.0,3,2,1,2,,2,6,4,0,5
1087,39,4.0,4,5,1,2,3,3,1,2.0,2,4.0,2.0,1,,6,5,4,0,4
1088,76,5,1,5,4,5,2,8,2,2.0,5,5,1,1,,7,1,3,0,3.0
1089,24,4,2,2,4,4,4,8,2,1.0,1,3,2,4,,3,5,2,0,3.0
1090,81,2,4,2,5,1,4,1,2,1.0,5,3,2,3,,4,4,2,0,3.0
1091,77,2,2,2,4,2,4,1,2,2.0,3,3,1,1,,5,4,2,0,3.0
1092,91,2,4,4,4,5,4,4,2,1.0,2,1,1,1,,5,4,2,0,3.0
1093,77,5,1,2,2,4,2,3,2,1.0,5,3,1,2,,7,1,1,0,3.0
1094,49,5,1,5,2,4,2,3,1,2.0,5,3,1,1,,7,1,2,0,2
1095,71,4,2,4,2,4,2,3,2,2.0,4,3,2,3,,4,4,2,0,3.0
1096,56,2,1,4,1,4,1,3,2,1.0,4,4,1,2,,6,2,4,0,3.0
1097,54,5,3,4,2,2,4,3,1,2.0,3,3,1,1,,6,4,3,0,3
1098,20,1,4,1,5,1,5,7,2,2.0,1,1,4,4,,5,4,2,0,3.0
1099,51,4,2,2,5,1,4,1,1,1.0,3,2,1,1,,2,5,2,0,4
1100,51,3,2,4,5,3,3,4,1,2.0,4.0,4.0,2.0,1,,4,2,3,0,3
1101,69,4.0,2.0,4,5,5,2.0,3,2,1.0,2,4.0,1,2.0,,6,5,4,0,3.0
1102,78,1,5,1,5,2,5,3,2,2.0,2,2,4,3,,5,4,2,0,3.0
1103,54,2,4,2,5,2,4,3,1,2.0,3,4,3,2,,4,3,4,0,3
1104,33,4,1,4,1,4,1,1,1,2.0,5,5,1,1,,6,1,3,0,3
1105,51.0,5,1,2,1,5,1,3,2,1.0,5,5,1,1,,6,5,3,0,3.0
1106,48,2,2,4,4,2,4,2,1,2.0,3,3,1,2,,4,5,4,0,3
1107,68,3,3,3,3,3,3,3,1,2.0,3,4,2,2,,4,4,5,0,1
1108,76,2,3,3,3,1,4,8,2,2.0,3,3,2,3,,5.0,3.0,2,0,3.0
1109,51,4,1,5,2,4,2,8,1,1.0,4,3,1,1,,3,1,2,0,4
1110,36,1,4,1,5,2,4,2,1,2.0,1,3,2,2,,4,6,2,0,2
1111,60,1,4,2,5,4,5,1,2,1.0,4,3,1,3,,4,4,2,0,3.0
1112,72,5,2,5,1,5,5,3,2,2.0,3,4,2,3,,5,3,2,0,3.0
1113,55,4,4,2,1,5,5,3,1,2.0,4,5,1,1,,6,1,2,0,3
1114,81,2,1,5,5,2,4,4,2,1.0,4,1,2,1,,4,4,3,0,3.0
1115,46,4,2,1,4,1,4,3,1,1.0,2,2,4,3,,5,3,4,0,2
1116,29,5,5,4,4,4,4,3,1,2.0,4,2,1,3,,3,2,3,0,3
1117,56,5,1,5,1,5,1,1,1,1.0,4,4,1,2,,7,1,2,0,5
1118,59,4,2,4,4,4,4,8,2,1.0,5,4,3,3,,5,5,3,0,3.0
1119,73,4,4,4,2,4,2,3,2,2.0,4,3,2,3,,5,4,4,0,3.0
1120,43,2,2,4,5,2,5,1,1,1.0,4,4,2,2,,2,6,3,0,4
1121,78,4,3,4,3,5,3,8,2,2.0,5,5,1,1,,4,3,2,0,3.0
1122,47,2,2,4,4,4,4,1,1,1.0,2,2,3,2,,4,4,4,0,3
1123,78,2,4,2,4,1,5,1,2,1.0,4,4.0,3,3,,4,6,2,0,3.0
1124,35,2,4,2,1,4,2,3,1,1.0,5,5,1,1,,5,4,4,0,3
1125,22,4,2,4,2,4,2,7,2,1.0,5,3,2,2,,6,3,4,0,3.0
1126,91,4,2,4,2,4,2,8,2,2.0,1,3,1,3,,6,3,2,0,3.0
1127,71,1,4,2,5,4,5,8,2,1.0,3,1,4,3,,4,4,1,0,3.0
